p,Z,zeros,K_sqrt,off_sqrt,total_sqrt,diag_sqrt,task_prediction_sqrt,off_over_task_sqrt,fixed_off_prediction_sqrt,off_over_fixed_sqrt,fixed_total_prediction_sqrt,total_over_fixed_sqrt,K_cuberoot,off_cuberoot,total_cuberoot,diag_cuberoot,task_prediction_cuberoot,off_over_task_cuberoot,fixed_off_prediction_cuberoot,off_over_fixed_cuberoot,fixed_total_prediction_cuberoot,total_over_fixed_cuberoot,E_mult,max_M_k1,max_M_k1_nonidentity,task_mult_prediction_pZ2,E_mult_over_pZ2,occupancy_mult_prediction,E_mult_over_occupancy,fixed_subset_mult_prediction,E_mult_over_fixed_subset,minimum_mult_energy,excess_over_minimum
17,2,3 13,4,2,10,8,11.7647058824,0.17,1.6,1.25,9.6,1.04166666667,2,0,4,4,4.94117647059,0,0.266666666667,0,4.26666666667,0.9375,6,2,1,68,0.0882352941176,6.13333333333,0.978260869565,6.13333333333,0.978260869565,6,0
19,2,8 10,4,0,8,8,11.3684210526,0,1.41176470588,0,9.41176470588,0.85,2,0,4,4,4.84210526316,0,0.235294117647,0,4.23529411765,0.944444444444,6,2,1,76,0.0789473684211,6.11764705882,0.980769230769,6.11764705882,0.980769230769,6,0
31,2,8 22,5,0,10,10,13.2258064516,0,1.37931034483,0,11.3793103448,0.878787878788,3,0,6,6,7.16129032258,0,0.413793103448,0,6.41379310345,0.935483870968,6,2,1,124,0.0483870967742,6.06896551724,0.988636363636,6.06896551724,0.988636363636,6,0
37,2,17 19,6,0,12,12,15.8918918919,0,1.71428571429,0,13.7142857143,0.875,3,0,6,6,6.97297297297,0,0.342857142857,0,6.34285714286,0.945945945946,6,2,1,148,0.0405405405405,6.05714285714,0.990566037736,6.05714285714,0.990566037736,6,0
41,2,10 30,6,4,16,12,15.512195122,0.25786163522,1.53846153846,2.6,13.5384615385,1.18181818182,3,2,8,6,6.87804878049,0.290780141844,0.307692307692,6.5,6.30769230769,1.26829268293,6,2,1,164,0.0365853658537,6.05128205128,0.991525423729,6.05128205128,0.991525423729,6,0
59,2,9 49,7,2,16,14,17.3220338983,0.115459882583,1.47368421053,1.35714285714,15.4736842105,1.03401360544,3,0,6,6,6.61016949153,0,0.210526315789,0,6.21052631579,0.966101694915,6,2,1,236,0.0254237288136,6.0350877193,0.994186046512,6.0350877193,0.994186046512,6,0
61,2,4 56,7,0,14,14,17.2131147541,0,1.42372881356,0,15.4237288136,0.907692307692,3,0,6,6,6.59016393443,0,0.203389830508,0,6.20338983051,0.967213114754,6,2,1,244,0.0245901639344,6.03389830508,0.994382022472,6.03389830508,0.994382022472,6,0
73,2,2 70,8,0,16,16,19.5068493151,0,1.57746478873,0,17.5774647887,0.910256410256,4,0,8,8,8.87671232877,0,0.338028169014,0,8.33802816901,0.959459459459,6,2,1,292,0.0205479452055,6.02816901408,0.995327102804,6.02816901408,0.995327102804,6,0
97,2,25 71,9,0,18,18,21.3402061856,0,1.51578947368,0,19.5157894737,0.922330097087,4,0,8,8,8.65979381443,0,0.252631578947,0,8.25263157895,0.969387755102,6,2,1,388,0.0154639175258,6.02105263158,0.996503496503,6.02105263158,0.996503496503,6,0
139,2,61 77,11,2,24,22,25.4820143885,0.0784867306606,1.60583941606,1.24545454545,23.6058394161,1.01669758813,5,0,10,10,10.7194244604,0,0.29197080292,0,10.2919708029,0.971631205674,6,2,1,556,0.0107913669065,6.01459854015,0.997572815534,6.01459854015,0.997572815534,6,0
151,2,14 136,12,0,24,24,27.8145695364,0,1.77181208054,0,25.7718120805,0.93125,5,0,10,10,10.6622516556,0,0.268456375839,0,10.2684563758,0.97385620915,6,2,1,604,0.00993377483444,6.01342281879,0.997767857143,6.01342281879,0.997767857143,6,0
163,2,20 142,12,4,28,24,27.5337423313,0.145276292335,1.6397515528,2.43939393939,25.6397515528,1.09205426357,5,2,12,10,10.6134969325,0.188439306358,0.248447204969,8.05,10.248447205,1.17090909091,6,2,1,652,0.00920245398773,6.01242236025,0.997933884298,6.01242236025,0.997933884298,6,0
179,2,36 142,13,0,26,26,29.7765363128,0,1.76271186441,0,27.7627118644,0.936507936508,5,0,10,10,10.5586592179,0,0.225988700565,0,10.2259887006,0.977900552486,6,2,1,716,0.00837988826816,6.01129943503,0.998120300752,6.01129943503,0.998120300752,6,0
181,4,19 47 133 161,13,16,68,52,66.9392265193,0.239022779795,10.4581005587,1.52991452991,62.4581005587,1.08872987478,5,2,22,20,22.2099447514,0.0900497512438,1.34078212291,1.49166666667,21.3407821229,1.03089005236,28,4,1,2896,0.00966850828729,28.7374301676,0.97433903577,28.470031247,0.983490315028,28,0
191,2,81 109,13,4,30,26,29.5392670157,0.135412974123,1.65079365079,2.42307692308,27.6507936508,1.0849598163,5,0,10,10,10.5235602094,0,0.21164021164,0,10.2116402116,0.979274611399,6,2,1,764,0.00785340314136,6.01058201058,0.99823943662,6.01058201058,0.99823943662,6,0
193,4,30 64 128 162,13,18,70,52,66.0103626943,0.272684458399,9.80104712042,1.83653846154,61.8010471204,1.13266689258,5,4,24,20,22.0725388601,0.181220657277,1.25654450262,3.18333333333,21.2565445026,1.12906403941,28,4,1,3088,0.00906735751295,28.6910994764,0.975912408759,28.4404554143,0.984513067465,28,0
197,2,44 152,14,0,28,28,31.9796954315,0,1.86666666667,0,29.8666666667,0.9375,5,0,10,10,10.5076142132,0,0.205128205128,0,10.2051282051,0.979899497487,6,2,1,788,0.00761421319797,6.01025641026,0.998293515358,6.01025641026,0.998293515358,6,0
211,2,100 110,14,2,30,28,31.7156398104,0.0630603705918,1.74162679426,1.14835164835,29.7416267943,1.00868725869,5,0,10,10,10.4739336493,0,0.191387559809,0,10.1913875598,0.981220657277,6,2,1,844,0.00710900473934,6.00956937799,0.998407643312,6.00956937799,0.998407643312,6,0
227,2,73 153,15,0,30,30,33.9647577093,0,1.86666666667,0,31.8666666667,0.941422594142,6,0,12,12,12.6343612335,0,0.266666666667,0,12.2666666667,0.978260869565,6,2,1,908,0.00660792951542,6.00888888889,0.998520710059,6.00888888889,0.998520710059,6,0
233,2,39 193,15,0,30,30,33.8626609442,0,1.81818181818,0,31.8181818182,0.942857142857,6,0,12,12,12.6180257511,0,0.25974025974,0,12.2597402597,0.978813559322,6,2,1,932,0.00643776824034,6.00865800866,0.99855907781,6.00865800866,0.99855907781,6,0
241,2,89 151,15,0,30,30,33.734439834,0,1.75732217573,0,31.7573221757,0.944664031621,6,0,12,12,12.5975103734,0,0.251046025105,0,12.2510460251,0.979508196721,6,2,1,964,0.00622406639004,6.00836820084,0.99860724234,6.00836820084,0.99860724234,6,0
251,2,114 136,15,2,32,30,33.5856573705,0.0595492289442,1.68674698795,1.18571428571,31.686746988,1.00988593156,6,0,12,12,12.5737051793,0,0.240963855422,0,12.2409638554,0.98031496063,6,2,1,1004,0.00597609561753,6.00803212851,0.998663101604,6.00803212851,0.998663101604,6,0
257,2,72 184,16,0,32,32,35.9844357977,0,1.88235294118,0,33.8823529412,0.944444444444,6,0,12,12,12.560311284,0,0.235294117647,0,12.2352941176,0.980769230769,6,2,1,1028,0.00583657587549,6.00784313725,0.998694516971,6.00784313725,0.998694516971,6,0
271,4,17 41 229 253,16,14,78,64,79.1143911439,0.176958955224,10.7063197026,1.30763888889,74.7063197026,1.0440883758,6,0,24,24,26.1254612546,0,1.33828996283,0,25.3382899628,0.947183098592,28,4,1,4336,0.00645756457565,28.4907063197,0.982776617954,28.3126018128,0.988958916074,28,0
283,2,140 142,16,0,32,32,35.6183745583,0,1.70818505338,0,33.7081850534,0.949324324324,6,0,12,12,12.5088339223,0,0.213523131673,0,12.2135231317,0.982517482517,6,2,1,1132,0.00530035335689,6.00711743772,0.998815165877,6.00711743772,0.998815165877,6,0
293,4,47 83 209 245,17,16,84,68,83.7815699659,0.190972788007,11.2164948454,1.42647058824,79.2164948454,1.06038521603,6,2,26,24,25.9658703072,0.0770241850683,1.23711340206,1.61666666667,25.2371134021,1.03022875817,28,4,1,4688,0.00597269624573,28.4536082474,0.984057971014,28.2889451718,0.989785933339,28,0
307,2,86 220,17,0,34,34,37.7654723127,0,1.78360655738,0,35.7836065574,0.95015576324,6,0,12,12,12.4690553746,0,0.196721311475,0,12.1967213115,0.983870967742,6,2,1,1228,0.00488599348534,6.00655737705,0.998908296943,6.00655737705,0.998908296943,6,0
331,2,109 221,18,0,36,36,39.915407855,0,1.86018237082,0,37.8601823708,0.950867052023,6,0,12,12,12.4350453172,0,0.182370820669,0,12.1823708207,0.98502994012,6,2,1,1324,0.00453172205438,6.00607902736,0.998987854251,6.00607902736,0.998987854251,6,0
347,2,118 228,18,0,36,36,39.734870317,0,1.77391304348,0,37.7739130435,0.953038674033,7,0,14,14,14.5648414986,0,0.24347826087,0,14.2434782609,0.982905982906,6,2,1,1388,0.00432276657061,6.00579710145,0.999034749035,6.00579710145,0.999034749035,6,0
367,2,182 184,19,0,38,38,41.9346049046,0,1.87397260274,0,39.8739726027,0.953002610966,7,0,14,14,14.5340599455,0,0.230136986301,0,14.2301369863,0.983827493261,6,2,1,1468,0.00408719346049,6.00547945205,0.999087591241,6.00547945205,0.999087591241,6,0
379,6,85 152 171 207 226 293,19,40,154,114,148.290237467,0.269741290346,27.2148541114,1.46978557505,141.214854111,1.09053683459,7,6,48,42,46.654353562,0.128605361384,3.34217506631,1.79523809524,45.3421750663,1.05861705862,66,6,1,13644,0.00483729111697,68.3076923077,0.966216216216,67.6736339523,0.975269039735,66,0
419,2,161 257,20,2,42,40,43.8186157518,0.0456427015251,1.82254196643,1.09736842105,41.8225419664,1.00424311927,7,0,14,14,14.4677804296,0,0.201438848921,0,14.2014388489,0.985815602837,6,2,1,1676,0.0035799522673,6.00479616307,0.999201277955,6.00479616307,0.999201277955,6,0
431,2,56 374,20,2,42,40,43.7122969838,0.0457537154989,1.77156177156,1.12894736842,41.7715617716,1.00546875,7,0,14,14,14.4547563805,0,0.195804195804,0,14.1958041958,0.986206896552,6,2,1,1724,0.00348027842227,6.00466200466,0.999223602484,6.00466200466,0.999223602484,6,0
433,2,195 237,20,2,42,40,43.6951501155,0.0457716701903,1.76334106729,1.13421052632,41.7633410673,1.00566666667,7,0,14,14,14.4526558891,0,0.194895591647,0,14.1948955916,0.986270022883,6,2,1,1732,0.00346420323326,6.00464037123,0.999227202473,6.00464037123,0.999227202473,6,0
439,2,140 298,20,2,42,40,43.6446469248,0.0458246346555,1.73913043478,1.15,41.7391304348,1.00625,7,0,14,14,14.4464692483,0,0.192219679634,0,14.1922196796,0.986455981941,6,2,1,1756,0.00341685649203,6.00457665904,0.999237804878,6.00457665904,0.999237804878,6,0
443,2,168 274,21,2,44,42,45.9819413093,0.0434953362788,1.90476190476,1.05,43.9047619048,1.0021691974,7,0,14,14,14.4424379233,0,0.190476190476,0,14.1904761905,0.986577181208,6,2,1,1772,0.00338600451467,6.00453514739,0.999244712991,6.00453514739,0.999244712991,6,0
463,2,53 409,21,2,44,42,45.8099352052,0.0436586515794,1.82212581345,1.09761904762,43.8221258134,1.00405900406,7,0,14,14,14.4233261339,0,0.182212581345,0,14.1822125813,0.987152034261,6,2,1,1852,0.00323974082073,6.00433839479,0.999277456647,6.00433839479,0.999277456647,6,0
499,6,67 170 203 295 328 431,22,26,158,132,166.917835671,0.155765259569,27.8873239437,0.932323232323,159.887323944,0.988195912615,7,4,46,42,45.5350701403,0.0878443798961,2.53521126761,1.57777777778,44.5352112676,1.03289057559,66,6,1,17964,0.00367401469606,67.7505030181,0.974162508909,67.2690689592,0.981134435501,66,0
503,2,61 441,22,0,44,44,47.8489065606,0,1.84431137725,0,45.8443113772,0.959770114943,7,0,14,14,14.3896620278,0,0.167664670659,0,14.1676646707,0.988165680473,6,2,1,2012,0.00298210735586,6.00399201597,0.999335106383,6.00399201597,0.999335106383,6,0
541,2,4 536,23,0,46,46,49.9112754159,0,1.87755102041,0,47.8775510204,0.960784313725,8,0,16,16,16.4731977819,0,0.207792207792,0,16.2077922078,0.987179487179,6,2,1,2164,0.00277264325323,6.00371057514,0.999381953028,6.00371057514,0.999381953028,6,0
571,2,140 430,23,0,46,46,49.7057793345,0,1.77855887522,0,47.7785588752,0.962774957699,8,0,16,16,16.4483362522,0,0.19683655536,0,16.1968365554,0.987847222222,6,2,1,2284,0.00262697022767,6.00351493849,0.999414519906,6.00351493849,0.999414519906,6,0
577,2,112 464,24,2,50,48,51.993067591,0.0384666666667,1.92,1.04166666667,49.92,1.0016025641,8,0,16,16,16.4436741768,0,0.194782608696,0,16.1947826087,0.987972508591,6,2,1,2308,0.00259965337955,6.00347826087,0.999420625724,6.00347826087,0.999420625724,6,0
593,2,162 430,24,0,48,48,51.8853288364,0,1.86802030457,0,49.8680203046,0.962540716612,8,0,16,16,16.431703204,0,0.189509306261,0,16.1895093063,0.988294314381,6,2,1,2372,0.00252951096121,6.00338409475,0.999436302142,6.00338409475,0.999436302142,6,0
599,4,145 272 326 453,24,14,110,96,111.385642738,0.125689448441,11.0954773869,1.26177536232,107.095477387,1.02712087087,8,2,34,32,33.7095158598,0.0593304278922,1.1256281407,1.77678571429,33.1256281407,1.02639563107,28,4,1,9584,0.00292153589316,28.2211055276,0.992165242165,28.1407710823,0.99499761105,28,0
617,2,298 318,24,2,50,48,51.734197731,0.0386591478697,1.79512195122,1.11413043478,49.7951219512,1.00411442006,8,0,16,16,16.414910859,0,0.182113821138,0,16.1821138211,0.988745980707,6,2,1,2468,0.00243111831442,6.00325203252,0.999458288191,6.00325203252,0.999458288191,6,0
631,2,112 518,25,2,52,50,53.9619651347,0.0370631424376,1.90779014308,1.04833333333,51.9077901431,1.00177641654,8,0,16,16,16.4057052298,0,0.178060413355,0,16.1780604134,0.988993710692,6,2,1,2524,0.00237717908082,6.00317965024,0.999470338983,6.00317965024,0.999470338983,6,0
659,2,76 582,25,2,52,50,53.7936267071,0.0371791255289,1.82648401826,1.095,51.8264840183,1.00334801762,8,0,16,16,16.3884673748,0,0.170471841705,0,16.1704718417,0.989457831325,6,2,1,2636,0.00227617602428,6.00304414003,0.999492900609,6.00304414003,0.999492900609,6,0
691,2,337 353,26,2,54,52,55.9131693198,0.0357697484212,1.88679245283,1.06,53.8867924528,1.00210084034,8,0,16,16,16.3704775687,0,0.162554426705,0,16.1625544267,0.989942528736,6,2,1,2764,0.00217076700434,6.00290275762,0.999516441006,6.00290275762,0.999516441006,6,0
701,2,101 599,26,0,52,52,55.8573466476,0,1.85979971388,0,53.8597997139,0.96546961326,8,0,16,16,16.365192582,0,0.160228898426,0,16.1602288984,0.990084985836,6,2,1,2804,0.00213980028531,6.00286123033,0.999523355577,6.00286123033,0.999523355577,6,0
709,4,220 321 387 488,26,6,110,104,119.25528914,0.0503122338916,11.0325318246,0.543846153846,115.032531825,0.956251229589,8,0,32,32,33.4442877292,0,0.950495049505,0,32.9504950495,0.971153846154,28,4,1,11344,0.0024682651622,28.1867043847,0.993376154155,28.1188600319,0.995772942724,28,0
733,2,22 710,27,2,56,54,57.9781718963,0.034495740976,1.92065663475,1.04131054131,55.9206566347,1.00141885611,9,0,18,18,18.4420190996,0,0.196990424077,0,18.1969904241,0.989174560217,6,2,1,2932,0.00204638472033,6.00273597811,0.999544211486,6.00273597811,0.999544211486,6,0
751,2,33 717,27,0,54,54,57.8828229028,0,1.87449933244,0,55.8744993324,0.966451612903,9,0,18,18,18.431424767,0,0.192256341789,0,18.1922563418,0.989431968296,6,2,1,3004,0.00199733688415,6.00267022697,0.999555160142,6.00267022697,0.999555160142,6,0
757,2,116 640,27,6,60,54,57.8520475561,0.103712837375,1.85960264901,3.2264957265,55.859602649,1.07412149666,9,2,20,18,18.428005284,0.10853046595,0.190728476821,10.4861111111,18.1907284768,1.0994611912,6,2,1,3028,0.00198150594452,6.00264900662,0.999558693733,6.00264900662,0.999558693733,6,0
761,4,319 342 418 441,27,10,118,108,123.327201051,0.0810851127307,11.0988142292,0.900997150997,119.098814229,0.99077392805,9,0,36,36,37.703022339,0,1.13833992095,0,37.1383399209,0.969348659004,28,4,1,12176,0.00229960578187,28.1739130435,0.993827160494,28.1107137076,0.996061512035,28,0
769,2,272 496,27,2,56,54,57.7919375813,0.0346069033797,1.83050847458,1.09259259259,55.8305084746,1.00303582271,9,0,18,18,18.4213263979,0,0.187744458931,0,18.1877444589,0.989677419355,6,2,1,3076,0.00195058517555,6.00260756193,0.999565595135,6.00260756193,0.999565595135,6,0
787,2,89 697,28,2,58,56,59.9847522236,0.0333418064735,1.92611464968,1.03835978836,57.9261146497,1.0012755102,9,0,18,18,18.4116899619,0,0.183439490446,0,18.1834394904,0.989911727617,6,2,1,3148,0.00190597204574,6.0025477707,0.999575551783,6.0025477707,0.999575551783,6,0
821,4,103 282 538 717,28,4,116,112,127.278928136,0.0314270402695,11.0769230769,0.361111111111,123.076923077,0.9425,9,0,36,36,37.5785627284,0,1.05494505495,0,37.0549450549,0.97153024911,28,4,1,13136,0.00213154689403,28.1611721612,0.994276795005,28.1025999704,0.996349093304,28,0
857,2,371 485,29,2,60,58,61.9253208868,0.032296966271,1.89941520468,1.05295566502,59.8994152047,1.00167922834,9,0,18,18,18.3780630105,0,0.168421052632,0,18.1684210526,0.990730011587,6,2,1,3428,0.00175029171529,6.00233918129,0.999610288387,6.00233918129,0.999610288387,6,0
881,2,67 813,29,4,62,58,61.8183881952,0.0647056663362,1.84755403868,2.16502463054,59.8475540387,1.03596547922,9,0,18,18,18.3677639047,0,0.163822525597,0,18.1638225256,0.990980834273,6,2,1,3524,0.00170261066969,6.00227531286,0.999620924943,6.00227531286,0.999620924943,6,0
887,2,329 557,29,2,60,58,61.7925591883,0.0323663565043,1.83502824859,1.08990147783,59.8350282486,1.00275710994,9,0,18,18,18.365276212,0,0.162711864407,0,18.1627118644,0.991041433371,6,2,1,3548,0.00169109357384,6.00225988701,0.999623493976,6.00225988701,0.999623493976,6,0
907,4,156 407 499 750,30,6,126,120,135.876515987,0.0441577409932,11.5359116022,0.520114942529,131.535911602,0.957913306452,9,0,36,36,37.4288864388,0,0.954696132597,0,36.9546961326,0.974165769645,28,4,1,14512,0.00192943770673,28.1458563536,0.994817839196,28.0928470476,0.996694993304,28,0
911,2,249 661,30,0,60,60,63.951701427,0,1.91419141914,0,61.9141914191,0.96908315565,9,0,18,18,18.3556531284,0,0.158415841584,0,18.1584158416,0.991275899673,6,2,1,3644,0.00164654226125,6.00220022002,0.999633431085,6.00220022002,0.999633431085,6,0
937,2,363 573,30,0,60,60,63.8420490928,0,1.86096256684,0,61.8609625668,0.969917012448,9,0,18,18,18.3457844184,0,0.154010695187,0,18.1540106952,0.991516436903,6,2,1,3748,0.00160085378869,6.00213903743,0.999643620813,6.00213903743,0.999643620813,6,0
947,2,348 598,30,2,62,60,63.8014783527,0.0313472360146,1.84126984127,1.08620689655,61.8412698413,1.00256673511,9,0,18,18,18.3421330517,0,0.152380952381,0,18.1523809524,0.991605456453,6,2,1,3788,0.00158394931362,6.00211640212,0.999647390691,6.00211640212,0.999647390691,6,0
953,2,185 767,30,2,62,60,63.777544596,0.0313589996709,1.82965299685,1.09310344828,61.8296529968,1.00275510204,9,0,18,18,18.3399790136,0,0.15141955836,0,18.1514195584,0.991657977059,6,2,1,3812,0.00157397691501,6.00210304942,0.999649614576,6.00210304942,0.999649614576,6,0
971,2,351 619,31,0,62,62,65.9588053553,0,1.91950464396,0,63.919504644,0.96996996997,9,0,18,18,18.333676622,0,0.148606811146,0,18.1486068111,0.991811668373,6,2,1,3884,0.00154479917611,6.00206398349,0.999656121045,6.00206398349,0.999656121045,6,0
977,2,144 832,31,2,64,62,65.934493347,0.0303331367009,1.90769230769,1.04838709677,63.9076923077,1.00144439095,9,0,18,18,18.3316274309,0,0.147692307692,0,18.1476923077,0.991861648016,6,2,1,3908,0.00153531218014,6.00205128205,0.9996582365,6.00205128205,0.9996582365,6,0
991,2,369 621,31,2,64,62,65.8789101917,0.0303587292835,1.8806875632,1.06344086022,63.8806875632,1.00186773877,9,0,18,18,18.3269424823,0,0.145601617796,0,18.1456016178,0.991975927783,6,2,1,3964,0.00151362260343,6.00202224469,0.999663072776,6.00202224469,0.999663072776,6,0
1009,2,422 586,31,2,64,62,65.8097125867,0.030390650884,1.84707050645,1.08279569892,63.8470705065,1.00239524683,10,0,20,20,20.396432111,0,0.178748758689,0,20.1787487587,0.991141732283,6,2,1,4036,0.00148662041625,6.00198609732,0.999669093316,6.00198609732,0.999669093316,6,0
1049,6,494 504 508 540 544 554,32,22,214,192,227.142040038,0.0968556943325,28.4240687679,0.773991935484,220.424068768,0.970855865225,10,0,60,60,63.4318398475,0,2.5787965616,0,62.5787965616,0.958791208791,66,6,1,37764,0.00174769621862,66.8309455587,0.987566455153,66.6020482308,0.990960514778,66,0
1069,6,196 459 502 566 609 872,32,18,210,192,226.484565014,0.0794756145916,27.8912839738,0.645362903226,219.891283974,0.955017389525,10,0,60,60,63.3676333022,0,2.53045923149,0,62.5304592315,0.959532374101,66,6,1,38484,0.00171499844091,66.8153701968,0.987796667228,66.5907572898,0.991128539248,66,0
1087,2,77 1009,32,6,70,64,67.7681692732,0.088537141616,1.82857142857,3.28125,65.8285714286,1.06336805556,10,2,22,20,20.3679852806,0.0981933152665,0.165898617512,12.0555555556,20.1658986175,1.09095063985,6,2,1,4348,0.00137994480221,6.00184331797,0.999692874693,6.00184331797,0.999692874693,6,0
1097,2,200 896,33,0,66,66,69.9708295351,0,1.92876712329,0,67.9287671233,0.971606033718,10,0,20,20,20.3646308113,0,0.164383561644,0,20.1643835616,0.991847826087,6,2,1,4388,0.00136736554239,6.00182648402,0.999695678637,6.00182648402,0.999695678637,6,0
1117,2,284 832,33,0,66,66,69.8997314235,0,1.89417040359,0,67.8941704036,0.972101133391,10,0,20,20,20.3581020591,0,0.161434977578,0,20.1614349776,0.991992882562,6,2,1,4468,0.00134288272158,6.00179372197,0.999701135684,6.00179372197,0.999701135684,6,0
1129,4,98 285 843 1030,33,8,140,132,147.433126661,0.0542618893134,11.2440106477,0.71148989899,143.244010648,0.97735325454,10,0,40,40,41.4171833481,0,0.958296362023,0,40.958296362,0.976603119584,28,4,1,18064,0.00155004428698,28.1171251109,0.995834385256,28.0745530908,0.997344460282,28,0
1153,2,216 936,33,4,70,66,69.7779705117,0.0573246824272,1.83492615117,2.17992424242,67.8349261512,1.03191680115,10,0,20,20,20.3469210755,0,0.15638575152,0,20.1563857515,0.99224137931,6,2,1,4612,0.00130095403296,6.00173761946,0.999710480602,6.00173761946,0.999710480602,6,0
1193,2,446 746,34,0,68,68,71.8759430008,0,1.88413098237,0,69.8841309824,0.973039215686,10,0,20,20,20.3352891869,0,0.151133501259,0,20.1511335013,0.9925,6,2,1,4772,0.00125733445096,6.00167926113,0.999720201455,6.00167926113,0.999720201455,6,0
1201,2,576 624,34,4,72,68,71.8501248959,0.0556714411533,1.87155963303,2.13725490196,69.871559633,1.03046218487,10,0,20,20,20.3330557868,0,0.150125104254,0,20.1501251043,0.992549668874,6,2,1,4804,0.00124895920067,6.00166805671,0.999722067815,6.00166805671,0.999722067815,6,0
1213,2,58 1154,34,0,68,68,71.8120362737,0,1.85301403799,0,69.853014038,0.97347266881,10,0,20,20,20.3297609233,0,0.148637489678,0,20.1486374897,0.99262295082,6,2,1,4852,0.00123660346249,6.00165152766,0.999724821134,6.00165152766,0.999724821134,6,0
1217,2,22 1194,34,2,70,68,71.7995069844,0.0278553444724,1.84691358025,1.08288770053,69.8469135802,1.00219174208,10,0,20,20,20.3286770748,0,0.148148148148,0,20.1481481481,0.992647058824,6,2,1,4868,0.0012325390304,6.00164609053,0.999725726824,6.00164609053,0.999725726824,6,0
1229,2,544 684,35,0,70,70,73.9869812856,0,1.93969030155,0,71.9396903015,0.973037272006,10,0,20,20,20.32546786,0,0.146699266504,0,20.1466992665,0.992718446602,6,2,1,4916,0.00122050447518,6.00162999185,0.999728408474,6.00162999185,0.999728408474,6,0
1259,2,97 1161,35,0,70,70,73.8919777601,0,1.89339697693,0,71.8933969769,0.973663826491,10,0,20,20,20.3177124702,0,0.143198090692,0,20.1431980907,0.992890995261,6,2,1,5036,0.0011914217633,6.0015910899,0.999734888653,6.0015910899,0.999734888653,6,0
1297,4,459 530 766 837,36,12,156,144,159.98766384,0.0750057830211,11.6756756757,1.02777777778,155.675675676,1.00208333333,10,0,40,40,41.233616037,0,0.833976833977,0,40.833976834,0.979576399395,28,4,1,20752,0.00134926754048,28.1019305019,0.996372829193,28.0648791981,0.99768824239,28,0
1381,2,277 1103,37,0,74,74,77.9652425778,0,1.9318346628,0,75.9318346628,0.974558303887,11,0,22,22,22.3504706734,0,0.159535895577,0,22.1595358956,0.992800575954,6,2,1,5524,0.00108616944243,6.00145032632,0.999758337361,6.00145032632,0.999758337361,6,0
1427,2,346 1080,37,0,74,74,77.8374211633,0,1.86947368421,0,75.8694736842,0.975359342916,11,0,22,22,22.3391730904,0,0.154385964912,0,22.1543859649,0.993031358885,6,2,1,5708,0.0010511562719,6.00140350877,0.999766136576,6.00140350877,0.999766136576,6,0
1433,2,416 1016,37,2,76,74,77.8213538032,0.0256998870138,1.86163522013,1.07432432432,75.8616352201,1.0018239098,11,0,22,22,22.3377529658,0,0.153738644305,0,22.1537386443,0.99306037474,6,2,1,5732,0.00104675505932,6.00139762404,0.999767116907,6.00139762404,0.999767116907,6,0
1447,2,438 1008,38,4,80,76,79.99170698,0.0500051836749,1.94602076125,2.05547652916,77.9460207612,1.02635130336,11,0,22,22,22.3344851417,0,0.152249134948,0,22.1522491349,0.993127147766,6,2,1,5788,0.00103662750518,6.00138408304,0.999769372694,6.00138408304,0.999769372694,6,0
1453,2,272 1180,38,8,84,76,79.9752236752,0.100030980001,1.93797381116,4.1280227596,77.9379738112,1.07778013582,11,2,24,22,22.3331039229,0.0895531587057,0.151619572708,13.1909090909,22.1516195727,1.08344222513,6,2,1,5812,0.00103234686855,6.00137835975,0.999770326137,6.00137835975,0.999770326137,6,0
1471,2,76 1394,38,0,76,76,79.9265805574,0,1.91422736555,0,77.9142273656,0.975431606906,11,0,22,22,22.3290278722,0,0.149761742682,0,22.1497617427,0.99323867478,6,2,1,5884,0.00101971447995,6.00136147039,0.999773139746,6.00136147039,0.999773139746,6,0
1487,2,104 1382,38,2,78,76,79.8843308675,0.0250361989427,1.8936026936,1.05618776671,77.8936026936,1.00136593125,11,0,22,22,22.3254875588,0,0.148148148148,0,22.1481481481,0.993311036789,6,2,1,5948,0.00100874243443,6.00134680135,0.999775583483,6.00134680135,0.999775583483,6,0
1489,2,437 1051,38,4,80,76,79.879113499,0.0500756684042,1.89105581708,2.11522048364,77.8910558171,1.02707556292,11,0,22,22,22.3250503694,0,0.147948890383,0,22.1479488904,0.99331997328,6,2,1,5956,0.00100738750839,6.00134498991,0.999775885253,6.00134498991,0.999775885253,6,0
1499,2,115 1383,38,8,84,76,79.8532354903,0.100183792815,1.87842351369,4.25889046942,77.8784235137,1.07860426817,11,2,24,22,22.3228819213,0.0895941665172,0.146960587842,13.6090909091,22.1469605878,1.08367014538,6,2,1,5996,0.00100066711141,6.00133600534,0.999777382012,6.00133600534,0.999777382012,6,0
1523,2,283 1239,39,2,80,78,81.9947472095,0.024391806403,1.94871794872,1.02631578947,79.9487179487,1.00064143682,11,0,22,22,22.317793828,0,0.144641683103,0,22.1446416831,0.993468321359,6,2,1,6092,0.000984898227183,6.00131492439,0.999780893953,6.00131492439,0.999780893953,6,0
1531,2,143 1387,39,4,82,78,81.9738732854,0.0487960351229,1.93852190974,2.06342780027,79.9385219097,1.02578829382,11,0,22,22,22.3161332462,0,0.143884892086,0,22.1438848921,0.993502274204,6,2,1,6124,0.000979751796212,6.00130804447,0.999782040105,6.00130804447,0.999782040105,6,0
1559,2,755 803,39,2,80,78,81.9025016036,0.0244192785427,1.90366088632,1.05060728745,79.9036608863,1.00120569086,11,0,22,22,22.3104554201,0,0.141297366731,0,22.1412973667,0.993618379068,6,2,1,6236,0.00096215522771,6.00128452152,0.999785958904,6.00128452152,0.999785958904,6,0
1619,2,791 827,40,2,82,80,83.9530574429,0.0238228369629,1.92949907236,1.03653846154,81.9294990724,1.00086050725,11,0,22,22,22.2989499691,0,0.136054421769,0,22.1360544218,0.9938537185,6,2,1,6476,0.000926497838172,6.00123685838,0.999793899423,6.00123685838,0.999793899423,6,0
1621,4,203 437 1183 1417,40,10,170,160,175.792720543,0.0568851768669,11.5626930204,0.86485042735,171.56269302,0.990891417051,11,0,44,44,45.1943244911,0,0.815318097591,0,44.8153180976,0.981807155852,28,4,1,25936,0.00107958050586,28.0815318098,0.997096603906,28.0518930465,0.998150105363,28,0
1637,2,347 1289,40,2,82,80,83.9095907147,0.0238351776354,1.90825688073,1.04807692308,81.9082568807,1.00112007168,11,0,22,22,22.2956627978,0,0.134556574924,0,22.1345565749,0.993920972644,6,2,1,6548,0.000916310323763,6.00122324159,0.999796167958,6.00122324159,0.999796167958,6,0
1657,2,586 1070,40,0,80,80,83.8624019312,0,1.88519637462,0,81.8851963746,0.976977567887,11,0,22,22,22.292094146,0,0.132930513595,0,22.1329305136,0.993993993994,6,2,1,6628,0.000905250452625,6.00120845921,0.999798630689,6.00120845921,0.999798630689,6,0
1669,2,483 1185,40,2,82,80,83.8346315159,0.0238564894225,1.87162567487,1.06858974359,81.8716256749,1.00156799531,11,0,22,22,22.2899940084,0,0.131973605279,0,22.1319736053,0.994036970781,6,2,1,6676,0.000898741761534,6.00119976005,0.999800079968,6.00119976005,0.999800079968,6,0
1709,4,567 710 998 1141,41,8,172,164,179.737858397,0.0445092651674,11.5289982425,0.693902439024,175.528998243,0.979895069887,11,0,44,44,45.1328262142,0,0.773286467487,0,44.7732864675,0.982728842832,28,4,1,27344,0.0010239906378,28.0773286467,0.997245868803,28.049217385,0.998245320561,28,0
1723,2,542 1180,41,2,84,82,85.9024956471,0.0232822106614,1.905868681,1.0493902439,83.905868681,1.00112186812,11,0,22,22,22.2809053976,0,0.127832655433,0,22.1278326554,0.99422299249,6,2,1,6892,0.000870574579222,6.00116211505,0.999806351665,6.00116211505,0.999806351665,6,0
1741,2,43 1697,41,2,84,82,85.8621481907,0.0232931511981,1.88614146061,1.06036585366,83.8861414606,1.00135729856,12,0,24,24,24.3308443423,0,0.151811385854,0,24.1518113859,0.993714285714,6,2,1,6964,0.000861573808156,6.00115008626,0.999808355692,6.00115008626,0.999808355692,6,0
1759,2,490 1268,41,2,84,82,85.8226264923,0.0233038777971,1.86681844052,1.07134146341,83.8668184405,1.00158801254,12,0,24,24,24.3274587834,0,0.150256118384,0,24.1502561184,0.993778280543,6,2,1,7036,0.000852757248437,6.00113830393,0.999810318665,6.00113830393,0.999810318665,6,0
1823,2,49 1773,42,2,86,84,87.8705430609,0.0227607561116,1.89126853377,1.0574912892,85.8912685338,1.0012659199,12,0,24,24,24.3159626988,0,0.144975288303,0,24.1449752883,0.993995633188,6,2,1,7292,0.00082281952825,6.00109829764,0.999816983895,6.00109829764,0.999816983895,6,0
1831,4,708 913 917 1122,42,4,172,168,183.414527581,0.0218085233093,11.2979770366,0.354045683314,179.297977037,0.959296935988,12,0,48,48,49.2583287821,0,0.86604702023,0,48.8660470202,0.982277121375,28,4,1,29296,0.000955761878755,28.072170585,0.99742910564,28.0459339181,0.998362189746,28,0
1847,4,65 692 1154 1781,42,28,196,168,183.28099621,0.152770885029,11.2,2.5,179.2,1.09375,12,4,52,48,49.247428262,0.0812225153914,0.858536585366,4.65909090909,48.8585365854,1.0642971246,28,4,1,29552,0.000947482403898,28.0715447154,0.997451343837,28.0455355134,0.998376372118,28,0
1867,2,508 1358,43,0,86,86,89.961435458,0,1.93672922252,0,87.9367292225,0.977975878343,12,0,24,24,24.3085163364,0,0.141554959786,0,24.1415549598,0.994136460554,6,2,1,7468,0.000803427959293,6.00107238606,0.999821300929,6.00107238606,0.999821300929,6,0
1873,4,128 802 1070 1744,43,20,192,172,187.794981313,0.106499118667,11.583110636,1.72665190107,183.583110636,1.04584784153,12,4,52,48,49.2301121196,0.0812510845046,0.846606092998,4.72474747475,48.846606093,1.06455707283,28,4,1,29968,0.000934329951949,28.0705505077,0.997486671744,28.0449026409,0.99839890188,28,0
1907,2,511 1395,43,2,88,86,89.878342947,0.0222523016605,1.89606299213,1.05481727575,87.8960629921,1.00118249901,12,0,24,24,24.302045097,0,0.138582677165,0,24.1385826772,0.994258872651,6,2,1,7628,0.000786575773466,6.00104986877,0.999825052484,6.00104986877,0.999825052484,6,0
1931,2,692 1238,43,2,88,86,89.8301398239,0.0222642423124,1.87247278383,1.06810631229,87.8724727838,1.00145127606,12,0,24,24,24.2982910409,0,0.136858475894,0,24.1368584759,0.994329896907,6,2,1,7724,0.000776799585707,6.00103680664,0.999827228749,6.00103680664,0.999827228749,6,0
1933,2,621 1311,43,4,90,86,89.8261769271,0.0445304491056,1.87053340238,2.13842746401,87.8705334024,1.0242341376,12,0,24,24,24.2979824108,0,0.136716727084,0,24.1367167271,0.994335736354,6,2,1,7732,0.000775995861355,6.00103573278,0.999827407663,6.00103573278,0.999827407663,6,0
1949,2,816 1132,44,2,90,88,91.9733196511,0.0217454366939,1.94350282486,1.02906976744,89.9435028249,1.0006281407,12,0,24,24,24.2955361724,0,0.135593220339,0,24.1355932203,0.994382022472,6,2,1,7796,0.000769625448948,6.00102722137,0.999828825745,6.00102722137,0.999828825745,6,0
1951,2,423 1527,44,0,88,88,91.9692465402,0,1.94150846588,0,89.9415084659,0.978413654618,12,0,24,24,24.2952332137,0,0.135454079015,0,24.135454079,0.994387755102,6,2,1,7804,0.000768836494106,6.00102616727,0.999829001368,6.00102616727,0.999829001368,6,0
1973,4,63 407 1565 1909,44,10,186,176,191.699949316,0.0521648546893,11.5190258752,0.868128964059,187.519025875,0.991899350649,12,0,48,48,49.1677648251,0,0.803652968037,0,48.803652968,0.983532934132,28,4,1,31568,0.000886974151039,28.0669710807,0.997613882863,28.0426241446,0.99848002297,28,0
2011,4,414 619 1391 1596,44,6,182,176,191.403281949,0.0313474248659,11.3011448482,0.530919661734,187.301144848,0.971697210647,12,0,48,48,49.1456986574,0,0.788451966152,0,48.7884519662,0.983839373164,28,4,1,32176,0.000870213823968,28.0657043305,0.997658910329,28.041817799,0.998508734374,28,0
2069,2,717 1351,45,2,92,90,93.9149347511,0.0212958674283,1.91582002903,1.04393939394,91.915820029,1.00091583768,12,0,24,24,24.2783953601,0,0.127721335269,0,24.1277213353,0.994706448508,6,2,1,8276,0.000724987916868,6.00096758587,0.99983876169,6.00096758587,0.99983876169,6,0
2083,2,543 1539,45,6,96,90,93.8886221795,0.0639055069796,1.90293128304,3.15303030303,91.902931283,1.04458039216,12,0,24,24,24.2765242439,0,0.126862085536,0,24.1268620855,0.994741873805,6,2,1,8332,0.000720115218435,6.00096107641,0.999839846252,6.00096107641,0.999839846252,6,0
2087,2,79 2007,45,0,90,90,93.8811691423,0,1.89928057554,0,91.8992805755,0.979333020197,12,0,24,24,24.2759942501,0,0.126618705036,0,24.126618705,0.994751908397,6,2,1,8348,0.000718735026354,6.00095923261,0.999840153453,6.00095923261,0.999840153453,6,0
2137,4,316 324 1812 1820,46,8,192,184,199.842770239,0.0400314706929,11.6346604215,0.687600644122,195.634660422,0.981421183681,12,0,48,48,49.078146935,0,0.741920374707,0,48.7419203747,0.984778597786,28,4,1,34192,0.000818905007019,28.0618266979,0.997796768594,28.0393495324,0.998596631766,28,0
2179,2,532 1646,46,2,94,92,95.8843506196,0.0208584611261,1.90169958659,1.05169082126,93.9016995866,1.00104684381,12,0,24,24,24.264341441,0,0.121267799724,0,24.1212677997,0.994972577697,6,2,1,8716,0.000688389169344,6.00091869545,0.999846907532,6.00091869545,0.999846907532,6,0
2237,4,23 492 1744 2213,47,6,194,188,203.799731784,0.0294406668129,11.6080536913,0.516882516189,199.608053691,0.971904672244,13,0,52,52,53.2087617345,0,0.837583892617,0,52.8375838926,0.984147952444,28,4,1,35792,0.000782297720161,28.0590604027,0.997895139686,28.0375887015,0.99865934614,28,0
2269,4,173 719 1549 2095,47,10,198,188,203.576906126,0.0491214852917,11.4441993824,0.873805118717,199.444199382,0.992758879993,13,0,52,52,53.1917144116,0,0.825760917512,0,52.8257609175,0.984368215371,28,4,1,36304,0.000771264874394,28.0582267314,0.997924789335,28.0370580485,0.998678247608,28,0
2293,4,691 1081 1211 1601,47,6,194,188,203.413868295,0.0294965139314,11.3243125273,0.529833487512,199.324312527,0.973288193197,13,0,52,52,53.1792411688,0,0.817110432126,0,52.8171104321,0.984529437043,28,4,1,36688,0.000763192324466,28.0576167612,0.997946484132,28.0366697883,0.998692077606,28,0
2297,2,431 1865,47,0,94,94,97.8467566391,0,1.88409586057,0,95.8840958606,0.980350277659,13,0,26,26,26.294296909,0,0.135947712418,0,26.1359477124,0.994798439532,6,2,1,9188,0.000653025685677,6.00087145969,0.99985477781,6.00087145969,0.99985477781,6,0
2333,2,1138 1194,48,2,98,96,99.9502786112,0.0200099492246,1.93564993565,1.03324468085,97.9356499356,1.00065706476,13,0,26,26,26.2897556794,0,0.133848133848,0,26.1338481338,0.994878361076,6,2,1,9332,0.000642948992713,6.00085800086,0.999857020303,6.00085800086,0.999857020303,6,0
2341,4,121 438 1902 2219,48,24,216,192,207.747116617,0.115525069088,11.5741769987,2.07358156028,203.574176999,1.06103830645,13,2,54,52,53.1550619393,0.0376257674628,0.800342026507,2.49893162393,52.8003420265,1.02272064777,28,4,1,37456,0.000747543784707,28.0564343737,0.997988540778,28.0359171738,0.998718887147,28,0
2371,2,928 1442,48,0,96,96,99.8869675243,0,1.90460109751,0,97.9046010975,0.980546357616,13,0,26,26,26.2851117672,0,0.131701139721,0,26.1317011397,0.994960100798,6,2,1,9484,0.000632644453817,6.00084423808,0.99985931345,6.00084423808,0.99985931345,6,0
2377,2,192 2184,48,2,98,96,99.8771560791,0.0200245990026,1.89978947368,1.05274822695,97.8997894737,1.00102360308,13,0,26,26,26.2843920909,0,0.131368421053,0,26.1313684211,0.994972769166,6,2,1,9508,0.000631047538915,6.00084210526,0.999859668818,6.00084210526,0.999859668818,6,0
2381,2,549 1831,48,12,108,96,99.8706425871,0.120155429956,1.89659520807,6.32712765957,97.8965952081,1.10320486397,13,2,28,26,26.2839143217,0.0760921670768,0.131147540984,15.25,26.131147541,1.07151819322,6,2,1,9524,0.000629987400252,6.00084068937,0.999859904735,6.00084068937,0.999859904735,6,0
2383,2,545 1837,48,2,98,96,99.8673940411,0.0200265564072,1.89500209996,1.05540780142,97.8950021,1.00107255629,13,0,26,26,26.2836760386,0,0.131037379252,0,26.1310373793,0.994985374008,6,2,1,9532,0.000629458665548,6.0008399832,0.999860022396,6.0008399832,0.999860022396,6,0
2399,2,716 1682,48,2,98,96,99.8416006669,0.0200317301269,1.88235294118,1.0625,97.8823529412,1.00120192308,13,0,26,26,26.2817840767,0,0.130162703379,0,26.1301627034,0.99501867995,6,2,1,9596,0.000625260525219,6.0008343763,0.999860956618,6.0008343763,0.999860956618,6,0
2411,4,1000 1011 1399 1410,49,6,202,196,211.933637495,0.0283107489256,11.7160647572,0.512117346939,207.716064757,0.972481354469,13,0,52,52,53.1215263376,0,0.777085927771,0,52.7770859278,0.98527607362,28,4,1,38576,0.000725839900456,28.0547945205,0.998046875,28.0348733794,0.998756071451,28,0
2423,2,130 2292,49,2,100,98,101.963681387,0.0196148272875,1.94299876084,1.02933673469,99.9429987608,1.00057033749,13,0,26,26,26.2789929839,0,0.128872366791,0,26.1288723668,0.995067817509,6,2,1,9692,0.000619067271977,6.00082610492,0.999862334802,6.00082610492,0.999862334802,6,0
2441,2,778 1662,49,2,100,98,101.934453093,0.0196204515678,1.92865928659,1.03698979592,99.9286592866,1.00071391645,13,0,26,26,26.2769356821,0,0.127921279213,0,26.1279212792,0.995104039168,6,2,1,9764,0.000614502253175,6.0008200082,0.999863350642,6.0008200082,0.999863350642,6,0
2459,2,179 2279,49,2,100,98,101.905652704,0.0196259966638,1.91452991453,1.04464285714,99.9145299145,1.00085543199,13,0,26,26,26.2749084994,0,0.126984126984,0,26.126984127,0.995139732685,6,2,1,9836,0.000610004066694,6.00081400081,0.999864351601,6.00081400081,0.999864351601,6,0
2477,2,855 1621,49,2,100,98,101.877270892,0.0196314642362,1.90060606061,1.05229591837,99.9006060606,1.00099492829,13,0,26,26,26.2729107792,0,0.126060606061,0,26.1260606061,0.99517490953,6,2,1,9908,0.000605571255551,6.00080808081,0.999865338002,6.00080808081,0.999865338002,6,0
2521,2,105 2415,50,4,104,100,103.966679889,0.038473864937,1.9452163557,2.05632653061,101.945216356,1.02015576324,13,0,26,26,26.2681475605,0,0.123858674077,0,26.1238586741,0.995258790992,6,2,1,10084,0.00059500198334,6.00079396586,0.999867689865,6.00079396586,0.999867689865,6,0
2539,2,96 2442,50,2,102,100,103.938558488,0.0192421371732,1.93141505715,1.03551020408,101.931415057,1.00067285383,13,0,26,26,26.2662465538,0,0.122979897517,0,26.1229798975,0.995292271479,6,2,1,10156,0.000590783773139,6.00078833268,0.999868628481,6.00078833268,0.999868628481,6,0
2543,2,728 1814,50,0,100,100,103.93236335,0,1.92837465565,0,101.928374656,0.981081081081,13,0,26,26,26.2658277625,0,0.122786304604,0,26.1227863046,0.995299647474,6,2,1,10172,0.000589854502556,6.0007870917,0.999868835257,6.0007870917,0.999868835257,6,0
2557,4,413 622 1934 2143,50,6,206,200,215.64333203,0.0278237214363,11.5068493151,0.521428571429,211.506849315,0.97396373057,13,0,52,52,53.0574892452,0,0.732681017613,0,52.7326810176,0.986105750675,28,4,1,40912,0.0006843957763,28.0516634051,0.998158276593,28.0328803917,0.99882707766,28,0
2579,2,848 1730,50,2,102,100,103.877471888,0.0192534527809,1.90143577804,1.05183673469,101.901435778,1.00096725057,13,0,26,26,26.2621170997,0,0.121071012806,0,26.1210710128,0.995365005794,6,2,1,10316,0.000581620783249,6.00077609624,0.999870667356,6.00077609624,0.999870667356,6,0
2591,2,642 1948,50,0,100,100,103.859513701,0,1.89262263422,0,101.892622634,0.981425322214,13,0,26,26,26.2609031262,0,0.120509849363,0,26.1205098494,0.99538638985,6,2,1,10364,0.000578927055191,6.00077249903,0.999871266735,6.00077249903,0.999871266735,6,0
2663,2,483 2179,51,0,102,102,105.906871949,0,1.91657271702,0,103.916572717,0.981556621173,13,0,26,26,26.2538490424,0,0.117249154453,0,26.1172491545,0.995510662177,6,2,1,10652,0.000563274502441,6.00075159714,0.999874749499,6.00075159714,0.999874749499,6,0
2683,2,964 1718,51,2,104,102,105.877748789,0.0188897102827,1.90227527042,1.05137254902,103.90227527,1.00094054465,13,0,26,26,26.2519567648,0,0.116374487132,0,26.1163744871,0.995544002971,6,2,1,10732,0.000559075661573,6.0007459903,0.999875683739,6.0007459903,0.999875683739,6,0
2693,6,170 525 1215 1477 2167 2522,51,46,352,306,340.77014482,0.134988351237,28.4280936455,1.61811764706,334.428093645,1.05254315259,13,6,84,78,80.2591904939,0.0747577936318,1.73913043478,3.45,79.7391304348,1.0534351145,66,6,1,96948,0.000680777323926,66.3232998885,0.995125395011,66.2341634629,0.996464612057,66,0
2713,2,1258 1454,52,0,104,104,107.986730557,0,1.95647362597,0,105.956473626,0.981535119479,13,0,26,26,26.2491706598,0,0.11508668388,0,26.1150866839,0.99559309585,6,2,1,10852,0.000552893475857,6.00073773515,0.999877059257,6.00073773515,0.999877059257,6,0
2731,2,51 2679,52,2,106,104,107.960454046,0.0185253018586,1.94356907292,1.0290346908,105.943569073,1.0005326508,13,0,26,26,26.2475283779,0,0.114327592525,0,26.1143275925,0.995622035753,6,2,1,10924,0.000549249359209,6.00073286918,0.999877870054,6.00073286918,0.999877870054,6,0
2767,2,388 2378,52,2,106,104,107.908926635,0.0185341478445,1.91826401447,1.04260935143,105.918264014,1.00077168925,14,0,28,28,28.2833393567,0,0.13164556962,0,28.1316455696,0.99532037437,6,2,1,11068,0.000542103361041,6.00072332731,0.999879459981,6.00072332731,0.999879459981,6,0
2797,2,120 2676,52,0,104,104,107.867000358,0,1.8976744186,0,105.897674419,0.982080112439,14,0,28,28,28.2803003218,0,0.13023255814,0,28.1302325581,0.99537037037,6,2,1,11188,0.000536288880944,6.00071556351,0.999880753637,6.00071556351,0.999880753637,6,0
2843,2,1302 1540,53,0,106,106,109.952163208,0,1.94016191482,0,107.940161915,0.982025578984,14,0,28,28,28.2757650369,0,0.128123900035,0,28.1281239,0.995444989488,6,2,1,11372,0.000527611677805,6.00070397747,0.999882684186,6.00070397747,0.999882684186,6,0
2857,2,733 2123,53,2,108,106,109.93279664,0.0181929329657,1.93064798599,1.03592162554,107.930647986,1.0006425609,14,0,28,28,28.2744137207,0,0.127495621716,0,28.1274956217,0.995467224547,6,2,1,11428,0.000525026251313,6.00070052539,0.999883259398,6.00070052539,0.999883259398,6,0
2879,2,514 2364,53,4,110,106,109.902744008,0.0363958155558,1.91588460202,2.087808418,107.915884602,1.01931240619,14,0,28,28,28.2723167767,0,0.126520681265,0,28.1265206813,0.995501730104,6,2,1,11516,0.000521014241056,6.00069516858,0.999884151993,6.00069516858,0.999884151993,6,0
2897,2,1151 1745,53,2,108,106,109.878494995,0.0182019238623,1.90397236615,1.05043541364,107.903972366,1.00088993604,14,0,28,28,28.2706247843,0,0.12573402418,0,28.1257340242,0.99552957359,6,2,1,11588,0.000517777010701,6.00069084629,0.999884872208,6.00069084629,0.999884872208,6,0
2917,4,77 961 1955 2839,54,10,226,216,231.994514913,0.0431044673783,11.7818181818,0.848765432099,227.781818182,0.99217752235,14,0,56,56,57.075077134,0,0.74922813036,0,56.7492281304,0.986797562627,28,4,1,46672,0.000599931436407,28.0452830189,0.998385360603,28.0288192929,0.998971797826,28,0
2939,2,970 1968,54,0,108,108,111.968696836,0,1.94892747702,0,109.948927477,0.982274247492,14,0,28,28,28.2667574005,0,0.123935989105,0,28.1239359891,0.995593220339,6,2,1,11756,0.000510377679483,6.00068096697,0.999886518384,6.00068096697,0.999886518384,6,0
2957,2,646 2310,54,4,112,108,111.944538383,0.0357319799408,1.93705583756,2.06498951782,109.937055838,1.01876477541,14,0,28,28,28.2651335813,0,0.123181049069,0,28.1231810491,0.995619946092,6,2,1,11828,0.000507270882651,6.00067681895,0.999887209565,6.00067681895,0.999887209565,6,0
2969,2,336 2632,54,2,110,108,111.928595487,0.0178685347681,1.92922143579,1.03668763103,109.929221436,1.00064385578,14,0,28,28,28.2640619737,0,0.122682844624,0,28.1226828446,0.995637583893,6,2,1,11876,0.000505220613001,6.00067408156,0.999887665693,6.00067408156,0.999887665693,6,0
2971,2,467 2503,54,0,108,108,111.925950858,0,1.92792185921,0,109.927921859,0.982461945731,14,0,28,28,28.2638842141,0,0.122600202088,0,28.1226002021,0.995640509725,6,2,1,11884,0.000504880511612,6.00067362748,0.999887741356,6.00067362748,0.999887741356,6,0
3019,4,940 1072 1946 2078,54,8,224,216,231.454123882,0.0345640849505,11.3834935366,0.702771954344,227.383493537,0.985119880586,14,0,56,56,57.0387545545,0,0.723897911833,0,56.7238979118,0.987238219895,28,4,1,48304,0.000579662139781,28.0437520716,0.998439863843,28.0278448658,0.999006528473,28,0
3037,2,725 2311,55,2,112,110,113.984194929,0.0175462922841,1.95716639209,1.02188552189,111.957166392,1.00038258925,14,0,28,28,28.2581494896,0,0.119934102142,0,28.1199341021,0.995734908136,6,2,1,12148,0.000493908462298,6.00065897858,0.999890182297,6.00065897858,0.999890182297,6,0
3041,2,936 2104,55,0,110,110,113.978954291,0,1.95459032577,0,111.954590326,0.982541222114,14,0,28,28,28.2578099309,0,0.119776242185,0,28.1197762422,0.995740498034,6,2,1,12164,0.000493258796449,6.00065811122,0.999890326826,6.00065811122,0.999890326826,6,0
3049,2,856 2192,55,2,112,110,113.968514267,0.0175487064376,1.94945848375,1.02592592593,111.949458484,1.00045146727,14,0,28,28,28.2571334864,0,0.119461765671,0,28.1194617657,0.995751633987,6,2,1,12196,0.00049196457855,6.00065638333,0.999890614745,6.00065638333,0.999890614745,6,0
3079,2,304 2774,55,2,112,110,113.929847353,0.0175546623336,1.93045173871,1.03602693603,111.930451739,1.00062135246,14,0,28,28,28.254628126,0,0.118297042574,0,28.1182970426,0.995792880259,6,2,1,12316,0.000487171159467,6.00064998375,0.999891681109,6.00064998375,0.999891681109,6,0
3089,2,879 2209,55,0,110,110,113.917125283,0,1.92419825073,0,111.924198251,0.982808022923,14,0,28,28,28.25380382,0,0.1179138322,0,28.1179138322,0.995806451613,6,2,1,12356,0.00048559404338,6.0006478782,0.999892031959,6.0006478782,0.999892031959,6,0
3109,2,765 2343,55,2,112,110,113.891926665,0.0175605072157,1.91181203734,1.04612794613,111.911812037,1.000788013,14,0,28,28,28.2521711161,0,0.117154811715,0,28.1171548117,0.995833333333,6,2,1,12436,0.000482470247668,6.00064370776,0.999892726883,6.00064370776,0.999892726883,6,0
3203,2,701 2501,56,0,112,112,115.916328442,0,1.92439862543,0,113.924398625,0.983108108108,14,0,28,28,28.2447705276,0,0.11371446423,0,28.1137144642,0.995955196017,6,2,1,12812,0.000468310958476,6.00062480475,0.999895876718,6.00062480475,0.999895876718,6,0
3209,2,153 3055,56,0,112,112,115.909005921,0,1.92079825382,0,113.920798254,0.983139178418,14,0,28,28,28.2443128701,0,0.113501714998,0,28.113501715,0.995962732919,6,2,1,12836,0.000467435338112,6.0006236358,0.999896071503,6.0006236358,0.999896071503,6,0
3259,2,1595 1663,57,2,116,114,117.987726296,0.0169509156823,1.96008596868,1.02036340852,115.960085969,1.00034420491,14,0,28,28,28.2405645904,0,0.111759287688,0,28.1117592877,0.996024464832,6,2,1,13036,0.000460263884627,6.00061406202,0.999897666803,6.00061406202,0.999897666803,6,0
3313,2,873 2439,57,0,114,114,117.922728645,0,1.92811839323,0,115.928118393,0.983367983368,14,0,28,28,28.2366435255,0,0.109936575053,0,28.1099365751,0.996089049338,6,2,1,13252,0.000452761847268,6.00060404712,0.999899335615,6.00060404712,0.999899335615,6,0
3319,2,388 2930,57,2,116,114,117.91563724,0.016961278816,1.92463069038,1.039160401,115.92463069,1.00065015786,14,0,28,28,28.2362157276,0,0.109737714803,0,28.1097377148,0.996096096096,6,2,1,13276,0.000451943356433,6.00060295448,0.999899517685,6.00060295448,0.999899517685,6,0
3331,4,7 1067 2263 3323,57,8,236,228,243.606124287,0.0328398968762,11.5061580054,0.695279866332,239.506158005,0.985360885772,14,0,56,56,56.9414590213,0,0.656052868729,0,56.6560528687,0.988420427553,28,4,1,53296,0.00052536775743,28.039651547,0.9985858759,28.0252349696,0.999099562605,28,0
3343,4,299 1579 1763 3043,57,4,232,228,243.550104696,0.016423725233,11.464830889,0.348893065998,239.464830889,0.968827026243,14,0,56,56,56.9380795692,0,0.653696498054,0,56.6536964981,0.988461538462,28,4,1,53488,0.000523481902483,28.039509129,0.998590947908,28.0251443244,0.999102794116,28,0
3347,2,1672 1674,57,0,114,114,117.882880191,0,1.90852017937,0,115.908520179,0.983534254631,14,0,28,28,28.2342396176,0,0.108819133034,0,28.108819133,0.996128648005,6,2,1,13388,0.000448162533612,6.00059790732,0.999900358709,6.00059790732,0.999900358709,6,0
3407,2,520 2886,58,2,118,116,119.949515703,0.0166736813257,1.94185022026,1.02994555354,117.94185022,1.00049303771,15,0,30,30,30.2641620194,0,0.123348017621,0,30.1233480176,0.995905235449,6,2,1,13628,0.000440270032286,6.00058737151,0.99990211433,6.00058737151,0.99990211433,6,0
3413,4,1188 1195 2217 2224,58,6,238,232,247.770290067,0.0242159784305,11.6306068602,0.515880217786,243.63060686,0.976888754115,15,0,60,60,61.0547905069,0,0.738786279683,0,60.7387862797,0.987836663771,28,4,1,54608,0.000512745385292,28.0386983289,0.998619824341,28.0246282733,0.999121191794,28,0
3449,2,1590 1858,58,0,116,116,119.901420702,0,1.9181897302,0,117.91818973,0.983732876712,15,0,30,30,30.2609452015,0,0.121845082681,0,30.1218450827,0.995954926322,6,2,1,13796,0.000434908669179,6.00058021468,0.999903306904,6.00058021468,0.999903306904,6,0
3457,2,879 2577,58,2,118,116,119.892392248,0.016681625602,1.91374819103,1.04506957048,117.913748191,1.00073148221,15,0,30,30,30.2603413364,0,0.121562952243,0,30.1215629522,0.995964254828,6,2,1,13828,0.000433902227365,6.0005788712,0.999903530774,6.0005788712,0.999903530774,6,0
3469,2,612 2856,58,8,124,116,119.878927645,0.0667339970182,1.90712431497,4.19479733817,117.907124315,1.05167521234,15,2,32,30,30.259440761,0.0660950747833,0.121142197866,16.5095238095,30.1211421979,1.06237671167,6,2,1,13876,0.000432401268377,6.00057686761,0.999903864641,6.00057686761,0.999903864641,6,0
3529,2,1481 2047,59,2,120,118,121.945593653,0.0164007566005,1.94045931386,1.03068381064,119.940459314,1.00049641869,15,0,30,30,30.2550297535,0,0.119081372271,0,30.1190813723,0.9960463146,6,2,1,14116,0.000425049589119,6.00056705415,0.999905499905,6.00056705415,0.999905499905,6,0
3581,4,44 1262 2318 3536,59,4,240,236,251.553197431,0.0159012091313,11.4735959765,0.348626534191,247.473595977,0.969800430842,15,0,60,60,61.0053057805,0,0.70410729254,0,60.7041072925,0.9884009942,28,4,1,57296,0.000488690309969,28.0368818106,0.998684525233,28.0234721178,0.999162412221,28,0
3607,2,1793 1813,60,0,120,120,123.992237316,0,1.96393897365,0,121.963938974,0.983897379913,15,0,30,30,30.2495148323,0,0.116504854369,0,30.1165048544,0.996131528046,6,2,1,14428,0.000415858053784,6.00055478502,0.999907544379,6.00055478502,0.999907544379,6,0
3613,4,657 1283 2329 2955,60,6,246,240,255.942430113,0.0234427718661,11.7640542786,0.510028248588,251.764054279,0.977105332629,15,0,60,60,60.9964018821,0,0.697867626696,0,60.6978676267,0.988502600602,28,4,1,57808,0.000484362026017,28.0365549709,0.998696167523,28.0232640958,0.999169829191,28,0
3623,2,361 3261,60,0,120,120,123.97460668,0,1.95526097763,0,121.955260978,0.983967391304,15,0,30,30,30.2484129175,0,0.115990057995,0,30.115990058,0.996148555708,6,2,1,14492,0.00041402152912,6.00055233361,0.999907952872,6.00055233361,0.999907952872,6,0
3631,2,761 2869,60,2,122,120,123.965849628,0.0161334755176,1.95095067512,1.02514124294,121.950950675,1.00040220535,15,0,30,30,30.2478656018,0,0.115734362083,0,30.1157343621,0.99615701345,6,2,1,14524,0.000413109336271,6.00055111601,0.999908155768,6.00055111601,0.999908155768,6,0
3697,2,745 2951,60,0,120,120,123.895050041,0,1.91610284168,0,121.916102842,0.984283431007,15,0,30,30,30.2434406275,0,0.113667117727,0,30.1136671177,0.996225397681,6,2,1,14788,0.000405734379226,6.00054127199,0.999909796139,6.00054127199,0.999909796139,6,0
3727,8,99 868 1011 1294 2432 2715 2858 3627,61,42,530,488,551.896968071,0.0761011609591,55.0228187919,0.763319672131,543.022818792,0.976017916115,15,0,120,120,123.863697344,0,3.15704697987,0,123.15704698,0.974365681402,124,8,2,238528,0.00051985511135,120.826845638,1.02626199787,120.646564094,1.02779553592,120,4
3733,4,698 1036 2696 3034,61,16,260,244,259.948566836,0.061550637477,11.7716429912,1.35919854281,255.771642991,1.01653176622,15,0,60,60,60.9643718189,0,0.675422138837,0,60.6754221388,0.988868274583,28,4,1,59728,0.000468791856416,28.0353792549,0.998738049713,28.0225157963,0.999196510532,28,0
3779,2,568 3210,61,2,124,122,125.938608097,0.0158807535689,1.93804606831,1.03196721311,123.938046068,1.00049987823,15,0,30,30,30.2381582429,0,0.111199364575,0,30.1111993646,0.996307042997,6,2,1,15116,0.000396930404869,6.00052952078,0.999911754324,6.00052952078,0.999911754324,6,0
3797,2,1035 2761,61,20,142,122,125.919936792,0.15883108354,1.92885375494,10.368852459,123.928853755,1.14581871532,15,4,34,30,30.2370292336,0.132288128212,0.110671936759,36.1428571429,30.1106719368,1.12916776057,6,2,1,15188,0.000395048722676,6.00052700922,0.999912172844,6.00052700922,0.999912172844,6,0
3821,2,241 3579,61,0,122,122,125.895315362,0,1.91673212883,0,123.916732129,0.984532095901,15,0,30,30,30.2355404344,0,0.109976433621,0,30.1099764336,0.996347508479,6,2,1,15284,0.000392567390735,6.0005236973,0.999912724734,6.0005236973,0.999912724734,6,0
3833,2,565 3267,61,2,124,122,125.883120271,0.0158877536217,1.91072826938,1.04672131148,123.910728269,1.00072045199,15,0,30,30,30.2348030264,0,0.109631949883,0,30.1096319499,0.996358907672,6,2,1,15332,0.00039133837725,6.0005220569,0.999912998086,6.0005220569,0.999912998086,6,0
3847,2,883 2963,62,2,126,124,127.996880686,0.0156253807849,1.96723016905,1.01665785299,125.967230169,1.00026014568,15,0,30,30,30.2339485313,0,0.109232769831,0,30.1092327698,0.996372117129,6,2,1,15388,0.000389914218872,6.00052015605,0.99991331484,6.00052015605,0.99991331484,6,0
3851,2,1185 2665,62,0,124,124,127.992729161,0,1.96518576254,0,125.965185763,0.984398976982,15,0,30,30,30.233705531,0,0.109119251754,0,30.1091192518,0.996375873673,6,2,1,15404,0.000389509218385,6.00051961548,0.999913404919,6.00051961548,0.999913404919,6,0
3863,2,562 3300,62,2,126,124,127.980326171,0.0156274019596,1.95907795908,1.02088841883,125.959077959,1.00032488362,15,0,30,30,30.2329795496,0,0.10878010878,0,30.1087801088,0.996387096774,6,2,1,15452,0.000388299249288,6.00051800052,0.999913674033,6.00051800052,0.999913674033,6,0
3877,4,937 968 2908 2939,62,8,256,248,263.863812226,0.0303186705767,11.712,0.68306010929,259.712,0.985707244948,15,0,60,60,60.9285530049,0,0.650322580645,0,60.6503225806,0.989277508297,28,4,1,62032,0.000451379932938,28.0340645161,0.998784888431,28.0216790185,0.999226348339,28,0
3907,2,579 3327,62,0,124,124,127.935500384,0,1.93700384123,0,125.937003841,0.984619263742,15,0,30,30,30.2303557717,0,0.107554417414,0,30.1075544174,0.996427660117,6,2,1,15628,0.000383926286153,6.00051216389,0.999914646637,6.00051216389,0.999914646637,6,0
3917,2,1274 2642,62,0,124,124,127.925453153,0,1.93205619413,0,125.932056194,0.984657947686,15,0,30,30,30.2297676793,0,0.107279693487,0,30.1072796935,0.996436752354,6,2,1,15668,0.000382946132244,6.00051085568,0.999914864635,6.00051085568,0.999914864635,6,0
3923,2,1084 2838,62,0,124,124,127.919449401,0,1.92909971946,0,125.929099719,0.984681064792,15,0,30,30,30.2294162631,0,0.107115531752,0,30.1071155318,0.996442185515,6,2,1,15692,0.00038236043844,6.00051007396,0.9999149949,6.00051007396,0.9999149949,6,0
3929,2,1865 2063,62,0,124,124,127.913463986,0,1.92615227909,0,125.926152279,0.984704112337,15,0,30,30,30.2290659201,0,0.106951871658,0,30.1069518717,0.996447602131,6,2,1,15716,0.000381776533469,6.00050929463,0.999915124767,6.00050929463,0.999915124767,6,0
3943,2,1313 2629,62,0,124,124,127.899568856,0,1.91930981984,0,125.91930982,0.984757621189,15,0,30,30,30.2282525995,0,0.106571936057,0,30.1065719361,0.996460176991,6,2,1,15772,0.000380420999239,6.00050748541,0.999915426252,6.00050748541,0.999915426252,6,0
4001,2,1113 2887,63,0,126,126,129.968007998,0,1.95348837209,0,127.953488372,0.984732824427,15,0,30,30,30.2249437641,0,0.105026256564,0,30.1050262566,0.996511338151,6,2,1,16004,0.000374906273432,6.00050012503,0.999916652775,6.00050012503,0.999916652775,6,0
4013,2,1866 2146,63,4,130,126,129.956142537,0.0307796147371,1.94764397906,2.05376344086,127.947643979,1.01604059252,15,0,30,30,30.2242711189,0,0.104712041885,0,30.1047120419,0.99652173913,6,2,1,16052,0.000373785198106,6.00049862877,0.999916902111,6.00049862877,0.999916902111,6,0
4019,2,212 3806,63,0,126,126,129.950236377,0,1.94473487677,0,127.944734877,0.984800196127,15,0,30,30,30.2239363026,0,0.104555638536,0,30.1045556385,0.996526916398,6,2,1,16076,0.000373227170938,6.00049788399,0.99991702622,6.00049788399,0.99991702622,6,0
4021,2,1380 2640,63,2,128,126,129.948271574,0.0153907395287,1.94376710625,1.02892985151,127.943767106,1.00043951257,15,0,30,30,30.2238249192,0,0.104503607863,0,30.1045036079,0.99652863873,6,2,1,16084,0.000373041531957,6.00049763623,0.999917067507,6.00049763623,0.999917067507,6,0
4027,2,418 3608,63,2,128,126,129.942388875,0.015391436292,1.94086956522,1.03046594982,127.940869565,1.00046217002,15,0,30,30,30.2234914328,0,0.104347826087,0,30.1043478261,0.996533795494,6,2,1,16108,0.000372485721381,6.00049689441,0.999917191123,6.00049689441,0.999917191123,6,0
4049,2,1547 2501,63,0,126,126,129.92096814,0,1.93031875463,0,127.930318755,0.984911170601,15,0,30,30,30.2222771055,0,0.103780578206,0,30.1037805782,0.996552573258,6,2,1,16196,0.00037046184243,6.00049419323,0.999917641245,6.00049419323,0.999917641245,6,0
4057,4,481 1469 2587 3575,63,8,260,252,267.652945526,0.0298894524933,11.5590628853,0.692097627581,263.559062885,0.986496146836,15,0,60,60,60.8873551886,0,0.621454993835,0,60.6214549938,0.989748596534,28,4,1,64912,0.000431353216663,28.0325524044,0.998838764164,28.0207166268,0.99926066749,28,0
4091,2,1100 2990,63,0,126,126,129.880713762,0,1.91049156273,0,127.910491563,0.985063840039,15,0,30,30,30.2199951112,0,0.102714600147,0,30.1027146001,0.99658786254,6,2,1,16364,0.0003666585187,6.00048911714,0.999918487121,6.00048911714,0.999918487121,6,0
4111,2,1267 2843,64,0,128,128,131.985405011,0,1.96252129472,0,129.962521295,0.984899328859,16,0,32,32,32.2490878132,0,0.116816743733,0,32.1168167437,0.996362754607,6,2,1,16444,0.000364874726344,6.00048673643,0.999918883842,6.00048673643,0.999918883842,6,0
4153,4,811 903 3249 3341,64,10,266,256,271.780399711,0.0367944119982,11.6559865093,0.857928240741,267.655986509,0.993813004032,16,0,64,64,64.9862749819,0,0.69380872079,0,64.6938087208,0.989275500477,28,4,1,66448,0.000421382133398,28.0317995664,0.99886558955,28.0202374812,0.999277754829,28,0
4157,2,1795 2361,64,2,130,128,131.941303825,0.0151582555426,1.94079422383,1.03050595238,129.940794224,1.00045563656,16,0,32,32,32.2463314891,0,0.115523465704,0,32.1155234657,0.996402877698,6,2,1,16628,0.00036083714217,6.00048134777,0.999919781807,6.00048134777,0.999919781807,6,0
4159,2,810 3348,64,2,130,128,131.939408512,0.0151584732913,1.93986047631,1.03100198413,129.939860476,1.00046282583,16,0,32,32,32.246213032,0,0.115467885494,0,32.1154678855,0.996404602109,6,2,1,16636,0.000360663621063,6.00048111619,0.999919820398,6.00048111619,0.999919820398,6,0
4177,2,698 3478,64,0,128,128,131.922432368,0,1.93149700599,0,129.931497006,0.985134497404,16,0,32,32,32.245152023,0,0.11497005988,0,32.1149700599,0.996420047733,6,2,1,16708,0.000359109408667,6.00047904192,0.999920166055,6.00047904192,0.999920166055,6,0
4201,2,138 4062,64,2,130,128,131.900023804,0.015162999538,1.92045725173,1.04141865079,129.920457252,1.00061224191,16,0,32,32,32.2437514877,0,0.11431293165,0,32.1143129317,0.99644043664,6,2,1,16804,0.000357057843371,6.00047630388,0.999920622321,6.00047630388,0.999920622321,6,0
4229,2,1020 3208,65,4,134,130,133.9962166,0.0298515891083,1.96829903004,2.03221153846,131.96829903,1.01539537135,16,0,32,32,32.2421376212,0,0.113555713272,0,32.1135557133,0.996463932107,6,2,1,16916,0.000354693781036,6.00047314881,0.999921148084,6.00047314881,0.999921148084,6,0
4273,2,431 3841,65,2,132,130,133.955066698,0.0149303796363,1.94802154062,1.02668269231,131.948021541,1.00039393133,16,0,32,32,32.239644278,0,0.112385858113,0,32.1123858581,0.996500233318,6,2,1,17092,0.000351041422888,6.00046827441,0.999921960356,6.00046827441,0.999921960356,6,0
4283,2,18 4264,65,0,130,130,133.94583236,0,1.9434711516,0,131.943471152,0.985270425777,16,0,32,32,32.2390847537,0,0.112123335669,0,32.1121233357,0.996508379888,6,2,1,17132,0.000350221807145,6.00046718057,0.999922142635,6.00046718057,0.999922142635,6,0
4297,4,177 1937 2359 4119,65,16,276,260,275.731905981,0.0580273796864,11.6228172293,1.3766025641,271.622817229,1.01611493031,16,2,66,64,64.953223179,0.0307913895895,0.670547147846,2.98263888889,64.6705471478,1.02055731567,28,4,1,68752,0.000407260879684,28.0307334109,0.998903581633,28.0195589268,0.999301954509,28,0
4339,2,446 3892,65,2,132,130,133.894906661,0.0149370879736,1.91837675813,1.04254807692,131.918376758,1.0006187405,16,0,32,32,32.2359990781,0,0.1106755822,0,32.1106755822,0.996553308824,6,2,1,17356,0.000345701774602,6.00046114826,0.999923147864,6.00046114826,0.999923147864,6,0
4349,2,342 4006,65,0,130,130,133.885950793,0,1.91396365309,0,131.913963653,0.985490818409,16,0,32,32,32.2354564268,0,0.110420979986,0,32.11042098,0.996561210454,6,2,1,17396,0.000344906875144,6.00046008742,0.999923324643,6.00046008742,0.999923324643,6,0
4357,2,1925 2431,66,2,134,132,135.999081937,0.0147059816251,1.97014925373,1.01515151515,133.970149254,1.0002228164,16,0,32,32,32.2350240992,0,0.110218140069,0,32.1102181401,0.996567505721,6,2,1,17428,0.00034427358274,6.00045924225,0.999923465483,6.00045924225,0.999923465483,6,0
4373,4,122 2169 2203 4250,66,2,266,264,279.937800137,0.00714444422661,11.7776252574,0.169813519814,275.777625257,0.964545255445,16,0,64,64,64.9366567574,0,0.658888126287,0,64.6588881263,0.989809782609,28,4,1,69968,0.000400182940773,28.0301990391,0.998922624878,28.0192188271,0.999314084121,28,0
4441,2,970 3470,66,0,132,132,135.923440667,0,1.93286776301,0,133.932867763,0.985568383659,16,0,32,32,32.2305786985,0,0.108132462266,0,32.1081324623,0.996632240683,6,2,1,17764,0.000337761765368,6.00045055193,0.999924913651,6.00045055193,0.999924913651,6,0
4447,2,156 4290,66,2,134,132,135.918147065,0.0147147385627,1.93025871766,1.03613053613,133.930258718,1.00052072835,16,0,32,32,32.2302675961,0,0.107986501687,0,32.1079865017,0.9966367713,6,2,1,17788,0.000337306049022,6.00044994376,0.999925014997,6.00044994376,0.999925014997,6,0
4451,2,947 3503,66,2,134,132,135.914625927,0.0147151197773,1.92852326365,1.03706293706,133.928523264,1.00053369316,16,0,32,32,32.2300606605,0,0.107889413351,0,32.1078894134,0.996639784946,6,2,1,17804,0.000337002920692,6.00044953922,0.999925082409,6.00044953922,0.999925082409,6,0
4481,2,1736 2744,66,2,134,132,135.888417764,0.0147179578136,1.91560616209,1.04405594406,133.915606162,1.00063020166,16,0,32,32,32.2285204195,0,0.107166778299,0,32.1071667783,0.996662216288,6,2,1,17924,0.000334746708324,6.00044652824,0.999925584164,6.00044652824,0.999925584164,6,0
4483,2,1890 2592,66,2,134,132,135.886683025,0.0147181457041,1.91475117161,1.04452214452,133.914751172,1.00063659028,16,0,32,32,32.2284184698,0,0.107118946664,0,32.1071189467,0.996663701068,6,2,1,17932,0.000334597367834,6.00044632894,0.999925617376,6.00044632894,0.999925617376,6,0
4513,4,398 877 3635 4114,67,14,282,268,283.914912475,0.0493105482835,11.7632454001,1.19014774612,279.7632454,1.00799516962,16,0,64,64,64.9076002659,0,0.638439370428,0,64.6384393704,0.990122914838,28,4,1,72208,0.000387768668292,28.0292618045,0.998956026574,28.0186223282,0.99933535889,28,0
4523,2,332 4190,67,2,136,134,137.969931461,0.0144959121079,1.95620437956,1.0223880597,135.95620438,1.00032213036,16,0,32,32,32.2263984081,0,0.106171201062,0,32.1061712011,0.996693121693,6,2,1,18092,0.000331638293168,6.00044238,0.999926275435,6.00044238,0.999926275435,6,0
4549,2,1445 3103,67,2,136,134,137.947241152,0.0144982964741,1.94501869364,1.02826775215,135.945018694,1.00040443782,16,0,32,32,32.2251044186,0,0.105564108203,0,32.1055641082,0.996711968435,6,2,1,18196,0.000329742800616,6.00043985045,0.999926696965,6.00043985045,0.999926696965,6,0
4567,2,222 4344,67,4,138,134,137.931683819,0.0289998634778,1.93734939759,2.06467661692,135.937349398,1.01517353848,16,0,32,32,32.2242172104,0,0.105147864184,0,32.1051478642,0.99672489083,6,2,1,18268,0.00032844317933,6.0004381161,0.999926985981,6.0004381161,0.999926985981,6,0
4583,2,77 4505,67,2,136,134,137.91795767,0.0145013748303,1.93058284217,1.03595658073,135.930582842,1.00051068094,16,0,32,32,32.2234344316,0,0.104780615586,0,32.1047806156,0.996736292428,6,2,1,18332,0.000327296530657,6.0004365859,0.999927240978,6.0004365859,0.999927240978,6,0
4639,4,529 1773 2865 4109,68,12,284,272,287.948264712,0.0416741528621,11.7903817123,1.01777875329,283.790381712,1.00073863775,16,0,64,64,64.8829489114,0,0.621091222773,0,64.6210912228,0.990388722768,28,4,1,74224,0.000377236473378,28.028466681,0.998984365382,28.0181162773,0.999353408446,28,0
4663,2,1929 2733,68,8,144,136,139.966545143,0.0571565154505,1.95494529071,4.09218612818,137.954945291,1.04381905046,16,2,34,32,32.2196011152,0.0620740149095,0.102982192663,19.4208333333,32.1029821927,1.05909163815,6,2,1,18652,0.000321681321038,6.00042909247,0.999928489703,6.00042909247,0.999928489703,6,0
4679,6,413 1475 2322 2356 3203 4265,68,24,432,408,443.576832657,0.0541056210178,29.2238614496,0.821246707638,437.22386145,0.988052204122,16,0,96,96,97.969651635,0,1.53944836434,0,97.5394483643,0.984217171717,66,6,1,168444,0.000391821614305,66.1860166774,0.997189486742,66.1347181966,0.997962973152,66,0
4703,2,593 4109,68,2,138,136,139.932808845,0.0142925738181,1.93831099766,1.0318261633,137.938310998,1.00044722167,16,0,32,32,32.2177333617,0,0.102105934907,0,32.1021059349,0.996819338422,6,2,1,18812,0.000318945354029,6.0004254414,0.999929098128,6.0004254414,0.999929098128,6,0
4723,4,686 2281 2441 4036,68,6,278,272,287.664619945,0.0208576223282,11.5805973311,0.518107989464,283.580597331,0.980320947965,16,0,64,64,64.8672453949,0,0.610040245711,0,64.6100402457,0.990558120017,28,4,1,75568,0.000370527207284,28.0279601779,0.99900241838,28.0177939178,0.999364906537,28,0
4789,2,1630 3158,69,4,142,138,141.976613072,0.0281736541918,1.96030917067,2.04049445865,139.960309171,1.01457335184,16,0,32,32,32.2138233452,0,0.100271568832,0,32.1002715688,0.996876301541,6,2,1,19156,0.000313217790771,6.0004177982,0.999930371815,6.0004177982,0.999930371815,6,0
4861,2,1613 3247,69,0,138,138,141.917712405,0,1.93126157646,0,139.931261576,0.986198498072,16,0,32,32,32.2106562436,0,0.0987857583865,0,32.0987857584,0.99692244563,6,2,1,19444,0.000308578481794,6.00041160733,0.999931403485,6.00041160733,0.999931403485,6,0
4871,2,825 4045,69,2,140,138,141.909669472,0.0140934723295,1.92729513247,1.03772378517,139.927295132,1.00051959032,16,0,32,32,32.2102237734,0,0.0985828712261,0,32.0985828712,0.996928746929,6,2,1,19484,0.000307944980497,6.00041076196,0.999931544359,6.00041076196,0.999931544359,6,0
4877,2,1990 2886,69,4,142,138,141.904859545,0.0281879000679,1.92492307692,2.07800511509,139.924923077,1.01482993078,16,0,32,32,32.2099651425,0,0.0984615384615,0,32.0984615385,0.996932515337,6,2,1,19508,0.000307566126717,6.00041025641,0.999931628607,6.00041025641,0.999931628607,6,0
4933,2,803 4129,70,2,142,140,143.973241435,0.0138914702487,1.95903467856,1.02091097308,141.959034679,1.00028857143,17,0,34,34,34.2343401581,0,0.110322449807,0,34.1103224498,0.996765716596,6,2,1,19732,0.000304074599635,6.00040559724,0.999932405029,6.00040559724,0.999932405029,6,0
4943,2,1017 3925,70,6,146,140,143.965203318,0.0416767375847,1.95506982392,3.06894409938,141.955069824,1.02849443969,17,0,34,34,34.2338660732,0,0.110099170208,0,34.1100991702,0.996772241275,6,2,1,19772,0.000303459437589,6.00040477636,0.999932541824,6.00040477636,0.999932541824,6,0
4951,2,1063 3887,70,0,140,140,143.958796203,0,1.95190947666,0,141.951909477,0.986249501794,17,0,34,34,34.2334881842,0,0.109921196201,0,34.1099211962,0.996777442095,6,2,1,19804,0.000302969097152,6.00040412204,0.999932650862,6.00040412204,0.999932650862,6,0
4973,2,563 4409,70,0,140,140,143.941282928,0,1.94327097164,0,141.943270972,0.98630952381,17,0,34,34,34.2324552584,0,0.109434721384,0,34.1094347214,0.996791658312,6,2,1,19892,0.000301628795496,6.00040233353,0.999932948907,6.00040233353,0.999932948907,6,0
