p,Z,cloud_size,pencil_line_count,vertical_line_count,slope_zero_count,max_line,max_nonzero_line,line_energy,nonzero_line_energy,random_raw_energy,raw_energy_ratio,forced_diagonal_prediction,forced_diagonal_ratio,random_nonzero_energy,nonzero_energy_ratio,line_count_distribution,pencil_line_count_distribution,nonzero_line_distribution
17,2,4,18,0,2,2,1,6,2,4.70588235294,1.275,6.13333333333,0.978260869565,2.13333333333,0.9375,"{""0"": 14, ""1"": 2, ""2"": 1}","{""0"": 15, ""1"": 2, ""2"": 1}","{""0"": 14, ""1"": 2}"
19,2,4,20,0,2,2,1,6,2,4.63157894737,1.29545454545,6.11764705882,0.980769230769,2.11764705882,0.944444444444,"{""0"": 16, ""1"": 2, ""2"": 1}","{""0"": 17, ""1"": 2, ""2"": 1}","{""0"": 16, ""1"": 2}"
31,2,4,32,0,2,2,1,6,2,4.38709677419,1.36764705882,6.06896551724,0.988636363636,2.06896551724,0.966666666667,"{""0"": 28, ""1"": 2, ""2"": 1}","{""0"": 29, ""1"": 2, ""2"": 1}","{""0"": 28, ""1"": 2}"
37,2,4,38,0,2,2,1,6,2,4.32432432432,1.3875,6.05714285714,0.990566037736,2.05714285714,0.972222222222,"{""0"": 34, ""1"": 2, ""2"": 1}","{""0"": 35, ""1"": 2, ""2"": 1}","{""0"": 34, ""1"": 2}"
41,2,4,42,0,2,2,1,6,2,4.29268292683,1.39772727273,6.05128205128,0.991525423729,2.05128205128,0.975,"{""0"": 38, ""1"": 2, ""2"": 1}","{""0"": 39, ""1"": 2, ""2"": 1}","{""0"": 38, ""1"": 2}"
59,2,4,60,0,2,2,1,6,2,4.20338983051,1.42741935484,6.0350877193,0.994186046512,2.0350877193,0.98275862069,"{""0"": 56, ""1"": 2, ""2"": 1}","{""0"": 57, ""1"": 2, ""2"": 1}","{""0"": 56, ""1"": 2}"
61,2,4,62,0,2,2,1,6,2,4.19672131148,1.4296875,6.03389830508,0.994382022472,2.03389830508,0.983333333333,"{""0"": 58, ""1"": 2, ""2"": 1}","{""0"": 59, ""1"": 2, ""2"": 1}","{""0"": 58, ""1"": 2}"
73,2,4,74,0,2,2,1,6,2,4.16438356164,1.44078947368,6.02816901408,0.995327102804,2.02816901408,0.986111111111,"{""0"": 70, ""1"": 2, ""2"": 1}","{""0"": 71, ""1"": 2, ""2"": 1}","{""0"": 70, ""1"": 2}"
97,2,4,98,0,2,2,1,6,2,4.12371134021,1.455,6.02105263158,0.996503496503,2.02105263158,0.989583333333,"{""0"": 94, ""1"": 2, ""2"": 1}","{""0"": 95, ""1"": 2, ""2"": 1}","{""0"": 94, ""1"": 2}"
139,2,4,140,0,2,2,1,6,2,4.08633093525,1.46830985915,6.01459854015,0.997572815534,2.01459854015,0.992753623188,"{""0"": 136, ""1"": 2, ""2"": 1}","{""0"": 137, ""1"": 2, ""2"": 1}","{""0"": 136, ""1"": 2}"
151,2,4,152,0,2,2,1,6,2,4.07947019868,1.47077922078,6.01342281879,0.997767857143,2.01342281879,0.993333333333,"{""0"": 148, ""1"": 2, ""2"": 1}","{""0"": 149, ""1"": 2, ""2"": 1}","{""0"": 148, ""1"": 2}"
163,2,4,164,0,2,2,1,6,2,4.0736196319,1.47289156627,6.01242236025,0.997933884298,2.01242236025,0.993827160494,"{""0"": 160, ""1"": 2, ""2"": 1}","{""0"": 161, ""1"": 2, ""2"": 1}","{""0"": 160, ""1"": 2}"
179,2,4,180,0,2,2,1,6,2,4.06703910615,1.47527472527,6.01129943503,0.998120300752,2.01129943503,0.994382022472,"{""0"": 176, ""1"": 2, ""2"": 1}","{""0"": 177, ""1"": 2, ""2"": 1}","{""0"": 176, ""1"": 2}"
181,4,16,182,0,4,4,1,28,12,17.3259668508,1.61607142857,28.7374301676,0.97433903577,12.7374301676,0.942105263158,"{""0"": 168, ""1"": 12, ""4"": 1}","{""0"": 169, ""1"": 12, ""4"": 1}","{""0"": 168, ""1"": 12}"
191,2,4,192,0,2,2,1,6,2,4.06282722513,1.47680412371,6.01058201058,0.99823943662,2.01058201058,0.994736842105,"{""0"": 188, ""1"": 2, ""2"": 1}","{""0"": 189, ""1"": 2, ""2"": 1}","{""0"": 188, ""1"": 2}"
193,4,16,194,0,4,4,1,28,12,17.2435233161,1.62379807692,28.6910994764,0.975912408759,12.6910994764,0.945544554455,"{""0"": 180, ""1"": 12, ""4"": 1}","{""0"": 181, ""1"": 12, ""4"": 1}","{""0"": 180, ""1"": 12}"
197,2,4,198,0,2,2,1,6,2,4.06091370558,1.4775,6.01025641026,0.998293515358,2.01025641026,0.994897959184,"{""0"": 194, ""1"": 2, ""2"": 1}","{""0"": 195, ""1"": 2, ""2"": 1}","{""0"": 194, ""1"": 2}"
211,2,4,212,0,2,2,1,6,2,4.05687203791,1.47897196262,6.00956937799,0.998407643312,2.00956937799,0.995238095238,"{""0"": 208, ""1"": 2, ""2"": 1}","{""0"": 209, ""1"": 2, ""2"": 1}","{""0"": 208, ""1"": 2}"
227,2,4,228,0,2,2,1,6,2,4.05286343612,1.48043478261,6.00888888889,0.998520710059,2.00888888889,0.995575221239,"{""0"": 224, ""1"": 2, ""2"": 1}","{""0"": 225, ""1"": 2, ""2"": 1}","{""0"": 224, ""1"": 2}"
233,2,4,234,0,2,2,1,6,2,4.05150214592,1.48093220339,6.00865800866,0.99855907781,2.00865800866,0.995689655172,"{""0"": 230, ""1"": 2, ""2"": 1}","{""0"": 231, ""1"": 2, ""2"": 1}","{""0"": 230, ""1"": 2}"
241,2,4,242,0,2,2,1,6,2,4.04979253112,1.48155737705,6.00836820084,0.99860724234,2.00836820084,0.995833333333,"{""0"": 238, ""1"": 2, ""2"": 1}","{""0"": 239, ""1"": 2, ""2"": 1}","{""0"": 238, ""1"": 2}"
251,2,4,252,0,2,2,1,6,2,4.04780876494,1.48228346457,6.00803212851,0.998663101604,2.00803212851,0.996,"{""0"": 248, ""1"": 2, ""2"": 1}","{""0"": 249, ""1"": 2, ""2"": 1}","{""0"": 248, ""1"": 2}"
257,2,4,258,0,2,2,1,6,2,4.046692607,1.48269230769,6.00784313725,0.998694516971,2.00784313725,0.99609375,"{""0"": 254, ""1"": 2, ""2"": 1}","{""0"": 255, ""1"": 2, ""2"": 1}","{""0"": 254, ""1"": 2}"
271,4,16,272,0,4,4,1,28,12,16.8856088561,1.65821678322,28.4907063197,0.982776617954,12.4907063197,0.960714285714,"{""0"": 258, ""1"": 12, ""4"": 1}","{""0"": 259, ""1"": 12, ""4"": 1}","{""0"": 258, ""1"": 12}"
283,2,4,284,0,2,2,1,6,2,4.04240282686,1.48426573427,6.00711743772,0.998815165877,2.00711743772,0.996453900709,"{""0"": 280, ""1"": 2, ""2"": 1}","{""0"": 281, ""1"": 2, ""2"": 1}","{""0"": 280, ""1"": 2}"
293,4,16,294,0,4,4,1,28,12,16.819112628,1.66477272727,28.4536082474,0.984057971014,12.4536082474,0.96357615894,"{""0"": 280, ""1"": 12, ""4"": 1}","{""0"": 281, ""1"": 12, ""4"": 1}","{""0"": 280, ""1"": 12}"
307,2,4,308,0,2,2,1,6,2,4.03908794788,1.48548387097,6.00655737705,0.998908296943,2.00655737705,0.996732026144,"{""0"": 304, ""1"": 2, ""2"": 1}","{""0"": 305, ""1"": 2, ""2"": 1}","{""0"": 304, ""1"": 2}"
331,2,4,332,0,2,2,1,6,2,4.03625377644,1.48652694611,6.00607902736,0.998987854251,2.00607902736,0.99696969697,"{""0"": 328, ""1"": 2, ""2"": 1}","{""0"": 329, ""1"": 2, ""2"": 1}","{""0"": 328, ""1"": 2}"
347,2,4,348,0,2,2,1,6,2,4.03458213256,1.48714285714,6.00579710145,0.999034749035,2.00579710145,0.99710982659,"{""0"": 344, ""1"": 2, ""2"": 1}","{""0"": 345, ""1"": 2, ""2"": 1}","{""0"": 344, ""1"": 2}"
367,2,4,368,0,2,2,1,6,2,4.03269754768,1.48783783784,6.00547945205,0.999087591241,2.00547945205,0.997267759563,"{""0"": 364, ""1"": 2, ""2"": 1}","{""0"": 365, ""1"": 2, ""2"": 1}","{""0"": 364, ""1"": 2}"
379,6,36,380,0,6,6,1,66,30,39.3245382586,1.67834138486,68.3076923077,0.966216216216,32.3076923077,0.928571428571,"{""0"": 348, ""1"": 30, ""6"": 1}","{""0"": 349, ""1"": 30, ""6"": 1}","{""0"": 348, ""1"": 30}"
419,2,4,420,0,2,2,1,6,2,4.02863961814,1.48933649289,6.00479616307,0.999201277955,2.00479616307,0.997607655502,"{""0"": 416, ""1"": 2, ""2"": 1}","{""0"": 417, ""1"": 2, ""2"": 1}","{""0"": 416, ""1"": 2}"
431,2,4,432,0,2,2,1,6,2,4.02784222738,1.48963133641,6.00466200466,0.999223602484,2.00466200466,0.997674418605,"{""0"": 428, ""1"": 2, ""2"": 1}","{""0"": 429, ""1"": 2, ""2"": 1}","{""0"": 428, ""1"": 2}"
433,2,4,434,0,2,2,1,6,2,4.02771362587,1.48967889908,6.00464037123,0.999227202473,2.00464037123,0.997685185185,"{""0"": 430, ""1"": 2, ""2"": 1}","{""0"": 431, ""1"": 2, ""2"": 1}","{""0"": 430, ""1"": 2}"
439,2,4,440,0,2,2,1,6,2,4.02733485194,1.48981900452,6.00457665904,0.999237804878,2.00457665904,0.997716894977,"{""0"": 436, ""1"": 2, ""2"": 1}","{""0"": 437, ""1"": 2, ""2"": 1}","{""0"": 436, ""1"": 2}"
443,2,4,444,0,2,2,1,6,2,4.02708803612,1.4899103139,6.00453514739,0.999244712991,2.00453514739,0.997737556561,"{""0"": 440, ""1"": 2, ""2"": 1}","{""0"": 441, ""1"": 2, ""2"": 1}","{""0"": 440, ""1"": 2}"
463,2,4,464,0,2,2,1,6,2,4.02591792657,1.49034334764,6.00433839479,0.999277456647,2.00433839479,0.997835497835,"{""0"": 460, ""1"": 2, ""2"": 1}","{""0"": 461, ""1"": 2, ""2"": 1}","{""0"": 460, ""1"": 2}"
499,6,36,500,0,6,6,1,66,30,38.5250501002,1.7131710362,67.7505030181,0.974162508909,31.7505030181,0.944866920152,"{""0"": 468, ""1"": 30, ""6"": 1}","{""0"": 469, ""1"": 30, ""6"": 1}","{""0"": 468, ""1"": 30}"
503,2,4,504,0,2,2,1,6,2,4.02385685885,1.49110671937,6.00399201597,0.999335106383,2.00399201597,0.998007968127,"{""0"": 500, ""1"": 2, ""2"": 1}","{""0"": 501, ""1"": 2, ""2"": 1}","{""0"": 500, ""1"": 2}"
541,2,4,542,0,2,2,1,6,2,4.02218114603,1.49172794118,6.00371057514,0.999381953028,2.00371057514,0.998148148148,"{""0"": 538, ""1"": 2, ""2"": 1}","{""0"": 539, ""1"": 2, ""2"": 1}","{""0"": 538, ""1"": 2}"
571,2,4,572,0,2,2,1,6,2,4.02101576182,1.49216027875,6.00351493849,0.999414519906,2.00351493849,0.998245614035,"{""0"": 568, ""1"": 2, ""2"": 1}","{""0"": 569, ""1"": 2, ""2"": 1}","{""0"": 568, ""1"": 2}"
577,2,4,578,0,2,2,1,6,2,4.02079722704,1.49224137931,6.00347826087,0.999420625724,2.00347826087,0.998263888889,"{""0"": 574, ""1"": 2, ""2"": 1}","{""0"": 575, ""1"": 2, ""2"": 1}","{""0"": 574, ""1"": 2}"
593,2,4,594,0,2,2,1,6,2,4.02023608769,1.49244966443,6.00338409475,0.999436302142,2.00338409475,0.998310810811,"{""0"": 590, ""1"": 2, ""2"": 1}","{""0"": 591, ""1"": 2, ""2"": 1}","{""0"": 590, ""1"": 2}"
599,4,16,600,0,4,4,1,28,12,16.4006677796,1.707247557,28.2211055276,0.992165242165,12.2211055276,0.981907894737,"{""0"": 586, ""1"": 12, ""4"": 1}","{""0"": 587, ""1"": 12, ""4"": 1}","{""0"": 586, ""1"": 12}"
617,2,4,618,0,2,2,1,6,2,4.01944894652,1.49274193548,6.00325203252,0.999458288191,2.00325203252,0.998376623377,"{""0"": 614, ""1"": 2, ""2"": 1}","{""0"": 615, ""1"": 2, ""2"": 1}","{""0"": 614, ""1"": 2}"
631,2,4,632,0,2,2,1,6,2,4.01901743265,1.4929022082,6.00317965024,0.999470338983,2.00317965024,0.998412698413,"{""0"": 628, ""1"": 2, ""2"": 1}","{""0"": 629, ""1"": 2, ""2"": 1}","{""0"": 628, ""1"": 2}"
659,2,4,660,0,2,2,1,6,2,4.01820940819,1.49320241692,6.00304414003,0.999492900609,2.00304414003,0.998480243161,"{""0"": 656, ""1"": 2, ""2"": 1}","{""0"": 657, ""1"": 2, ""2"": 1}","{""0"": 656, ""1"": 2}"
691,2,4,692,0,2,2,1,6,2,4.01736613603,1.49351585014,6.00290275762,0.999516441006,2.00290275762,0.998550724638,"{""0"": 688, ""1"": 2, ""2"": 1}","{""0"": 689, ""1"": 2, ""2"": 1}","{""0"": 688, ""1"": 2}"
701,2,4,702,0,2,2,1,6,2,4.01711840228,1.49360795455,6.00286123033,0.999523355577,2.00286123033,0.998571428571,"{""0"": 698, ""1"": 2, ""2"": 1}","{""0"": 699, ""1"": 2, ""2"": 1}","{""0"": 698, ""1"": 2}"
709,4,16,710,0,4,4,1,28,12,16.3385049365,1.71374309392,28.1867043847,0.993376154155,12.1867043847,0.984679665738,"{""0"": 696, ""1"": 12, ""4"": 1}","{""0"": 697, ""1"": 12, ""4"": 1}","{""0"": 696, ""1"": 12}"
733,2,4,734,0,2,2,1,6,2,4.01637107776,1.49388586957,6.00273597811,0.999544211486,2.00273597811,0.998633879781,"{""0"": 730, ""1"": 2, ""2"": 1}","{""0"": 731, ""1"": 2, ""2"": 1}","{""0"": 730, ""1"": 2}"
751,2,4,752,0,2,2,1,6,2,4.01597869507,1.49403183024,6.00267022697,0.999555160142,2.00267022697,0.998666666667,"{""0"": 748, ""1"": 2, ""2"": 1}","{""0"": 749, ""1"": 2, ""2"": 1}","{""0"": 748, ""1"": 2}"
757,2,4,758,0,2,2,1,6,2,4.01585204756,1.49407894737,6.00264900662,0.999558693733,2.00264900662,0.998677248677,"{""0"": 754, ""1"": 2, ""2"": 1}","{""0"": 755, ""1"": 2, ""2"": 1}","{""0"": 754, ""1"": 2}"
761,4,16,762,0,4,4,1,28,12,16.3153745072,1.71617268041,28.1739130435,0.993827160494,12.1739130435,0.985714285714,"{""0"": 748, ""1"": 12, ""4"": 1}","{""0"": 749, ""1"": 12, ""4"": 1}","{""0"": 748, ""1"": 12}"
769,2,4,770,0,2,2,1,6,2,4.0156046814,1.49417098446,6.00260756193,0.999565595135,2.00260756193,0.998697916667,"{""0"": 766, ""1"": 2, ""2"": 1}","{""0"": 767, ""1"": 2, ""2"": 1}","{""0"": 766, ""1"": 2}"
787,2,4,788,0,2,2,1,6,2,4.01524777637,1.49430379747,6.0025477707,0.999575551783,2.0025477707,0.998727735369,"{""0"": 784, ""1"": 2, ""2"": 1}","{""0"": 785, ""1"": 2, ""2"": 1}","{""0"": 784, ""1"": 2}"
821,4,16,822,0,4,4,1,28,12,16.2923264312,1.71860047847,28.1611721612,0.994276795005,12.1611721612,0.986746987952,"{""0"": 808, ""1"": 12, ""4"": 1}","{""0"": 809, ""1"": 12, ""4"": 1}","{""0"": 808, ""1"": 12}"
857,2,4,858,0,2,2,1,6,2,4.01400233372,1.49476744186,6.00233918129,0.999610288387,2.00233918129,0.998831775701,"{""0"": 854, ""1"": 2, ""2"": 1}","{""0"": 855, ""1"": 2, ""2"": 1}","{""0"": 854, ""1"": 2}"
881,2,4,882,0,2,2,1,6,2,4.01362088536,1.49490950226,6.00227531286,0.999620924943,2.00227531286,0.998863636364,"{""0"": 878, ""1"": 2, ""2"": 1}","{""0"": 879, ""1"": 2, ""2"": 1}","{""0"": 878, ""1"": 2}"
887,2,4,888,0,2,2,1,6,2,4.01352874859,1.49494382022,6.00225988701,0.999623493976,2.00225988701,0.998871331828,"{""0"": 884, ""1"": 2, ""2"": 1}","{""0"": 885, ""1"": 2, ""2"": 1}","{""0"": 884, ""1"": 2}"
907,4,16,908,0,4,4,1,28,12,16.2646085998,1.72152928416,28.1458563536,0.994817839196,12.1458563536,0.987991266376,"{""0"": 894, ""1"": 12, ""4"": 1}","{""0"": 895, ""1"": 12, ""4"": 1}","{""0"": 894, ""1"": 12}"
911,2,4,912,0,2,2,1,6,2,4.01317233809,1.49507658643,6.00220022002,0.999633431085,2.00220022002,0.998901098901,"{""0"": 908, ""1"": 2, ""2"": 1}","{""0"": 909, ""1"": 2, ""2"": 1}","{""0"": 908, ""1"": 2}"
937,2,4,938,0,2,2,1,6,2,4.01280683031,1.49521276596,6.00213903743,0.999643620813,2.00213903743,0.998931623932,"{""0"": 934, ""1"": 2, ""2"": 1}","{""0"": 935, ""1"": 2, ""2"": 1}","{""0"": 934, ""1"": 2}"
947,2,4,948,0,2,2,1,6,2,4.01267159451,1.49526315789,6.00211640212,0.999647390691,2.00211640212,0.998942917548,"{""0"": 944, ""1"": 2, ""2"": 1}","{""0"": 945, ""1"": 2, ""2"": 1}","{""0"": 944, ""1"": 2}"
953,2,4,954,0,2,2,1,6,2,4.01259181532,1.49529288703,6.00210304942,0.999649614576,2.00210304942,0.998949579832,"{""0"": 950, ""1"": 2, ""2"": 1}","{""0"": 951, ""1"": 2, ""2"": 1}","{""0"": 950, ""1"": 2}"
971,2,4,972,0,2,2,1,6,2,4.01235839341,1.4953798768,6.00206398349,0.999656121045,2.00206398349,0.998969072165,"{""0"": 968, ""1"": 2, ""2"": 1}","{""0"": 969, ""1"": 2, ""2"": 1}","{""0"": 968, ""1"": 2}"
977,2,4,978,0,2,2,1,6,2,4.01228249744,1.49540816327,6.00205128205,0.9996582365,2.00205128205,0.998975409836,"{""0"": 974, ""1"": 2, ""2"": 1}","{""0"": 975, ""1"": 2, ""2"": 1}","{""0"": 974, ""1"": 2}"
991,2,4,992,0,2,2,1,6,2,4.01210898083,1.49547283702,6.00202224469,0.999663072776,2.00202224469,0.99898989899,"{""0"": 988, ""1"": 2, ""2"": 1}","{""0"": 989, ""1"": 2, ""2"": 1}","{""0"": 988, ""1"": 2}"
1009,2,4,1010,0,2,2,1,6,2,4.01189296333,1.49555335968,6.00198609732,0.999669093316,2.00198609732,0.999007936508,"{""0"": 1006, ""1"": 2, ""2"": 1}","{""0"": 1007, ""1"": 2, ""2"": 1}","{""0"": 1006, ""1"": 2}"
1049,6,36,1050,0,6,6,1,66,30,37.2011439466,1.77413899139,66.8309455587,0.987566455153,30.8309455587,0.973048327138,"{""0"": 1018, ""1"": 30, ""6"": 1}","{""0"": 1019, ""1"": 30, ""6"": 1}","{""0"": 1018, ""1"": 30}"
1069,6,36,1070,0,6,6,1,66,30,37.1786716558,1.77521135266,66.8153701968,0.987796667228,30.8153701968,0.973540145985,"{""0"": 1038, ""1"": 30, ""6"": 1}","{""0"": 1039, ""1"": 30, ""6"": 1}","{""0"": 1038, ""1"": 30}"
1087,2,4,1088,0,2,2,1,6,2,4.01103955842,1.49587155963,6.00184331797,0.999692874693,2.00184331797,0.999079189687,"{""0"": 1084, ""1"": 2, ""2"": 1}","{""0"": 1085, ""1"": 2, ""2"": 1}","{""0"": 1084, ""1"": 2}"
1097,2,4,1098,0,2,2,1,6,2,4.01093892434,1.49590909091,6.00182648402,0.999695678637,2.00182648402,0.999087591241,"{""0"": 1094, ""1"": 2, ""2"": 1}","{""0"": 1095, ""1"": 2, ""2"": 1}","{""0"": 1094, ""1"": 2}"
1117,2,4,1118,0,2,2,1,6,2,4.01074306177,1.49598214286,6.00179372197,0.999701135684,2.00179372197,0.999103942652,"{""0"": 1114, ""1"": 2, ""2"": 1}","{""0"": 1115, ""1"": 2, ""2"": 1}","{""0"": 1114, ""1"": 2}"
1129,4,16,1130,0,4,4,1,28,12,16.2125775022,1.7270541958,28.1171251109,0.995834385256,12.1171251109,0.990333919156,"{""0"": 1116, ""1"": 12, ""4"": 1}","{""0"": 1117, ""1"": 12, ""4"": 1}","{""0"": 1116, ""1"": 12}"
1153,2,4,1154,0,2,2,1,6,2,4.01040763226,1.49610726644,6.00173761946,0.999710480602,2.00173761946,0.999131944444,"{""0"": 1150, ""1"": 2, ""2"": 1}","{""0"": 1151, ""1"": 2, ""2"": 1}","{""0"": 1150, ""1"": 2}"
1193,2,4,1194,0,2,2,1,6,2,4.01005867561,1.49623745819,6.00167926113,0.999720201455,2.00167926113,0.999161073826,"{""0"": 1190, ""1"": 2, ""2"": 1}","{""0"": 1191, ""1"": 2, ""2"": 1}","{""0"": 1190, ""1"": 2}"
1201,2,4,1202,0,2,2,1,6,2,4.00999167361,1.49626245847,6.00166805671,0.999722067815,2.00166805671,0.999166666667,"{""0"": 1198, ""1"": 2, ""2"": 1}","{""0"": 1199, ""1"": 2, ""2"": 1}","{""0"": 1198, ""1"": 2}"
1213,2,4,1214,0,2,2,1,6,2,4.0098928277,1.49629934211,6.00165152766,0.999724821134,2.00165152766,0.999174917492,"{""0"": 1210, ""1"": 2, ""2"": 1}","{""0"": 1211, ""1"": 2, ""2"": 1}","{""0"": 1210, ""1"": 2}"
1217,2,4,1218,0,2,2,1,6,2,4.00986031224,1.49631147541,6.00164609053,0.999725726824,2.00164609053,0.999177631579,"{""0"": 1214, ""1"": 2, ""2"": 1}","{""0"": 1215, ""1"": 2, ""2"": 1}","{""0"": 1214, ""1"": 2}"
1229,2,4,1230,0,2,2,1,6,2,4.0097640358,1.4963474026,6.00162999185,0.999728408474,2.00162999185,0.999185667752,"{""0"": 1226, ""1"": 2, ""2"": 1}","{""0"": 1227, ""1"": 2, ""2"": 1}","{""0"": 1226, ""1"": 2}"
1259,2,4,1260,0,2,2,1,6,2,4.00953137411,1.49643423138,6.0015910899,0.999734888653,2.0015910899,0.99920508744,"{""0"": 1256, ""1"": 2, ""2"": 1}","{""0"": 1257, ""1"": 2, ""2"": 1}","{""0"": 1256, ""1"": 2}"
1297,4,16,1298,0,4,4,1,28,12,16.1850424056,1.72999237805,28.1019305019,0.996372829193,12.1019305019,0.991577335375,"{""0"": 1284, ""1"": 12, ""4"": 1}","{""0"": 1285, ""1"": 12, ""4"": 1}","{""0"": 1284, ""1"": 12}"
1381,2,4,1382,0,2,2,1,6,2,4.00868935554,1.49674855491,6.00145032632,0.999758337361,2.00145032632,0.999275362319,"{""0"": 1378, ""1"": 2, ""2"": 1}","{""0"": 1379, ""1"": 2, ""2"": 1}","{""0"": 1378, ""1"": 2}"
1427,2,4,1428,0,2,2,1,6,2,4.00840925018,1.49685314685,6.00140350877,0.999766136576,2.00140350877,0.999298737728,"{""0"": 1424, ""1"": 2, ""2"": 1}","{""0"": 1425, ""1"": 2, ""2"": 1}","{""0"": 1424, ""1"": 2}"
1433,2,4,1434,0,2,2,1,6,2,4.00837404047,1.49686629526,6.00139762404,0.999767116907,2.00139762404,0.999301675978,"{""0"": 1430, ""1"": 2, ""2"": 1}","{""0"": 1431, ""1"": 2, ""2"": 1}","{""0"": 1430, ""1"": 2}"
1447,2,4,1448,0,2,2,1,6,2,4.00829302004,1.49689655172,6.00138408304,0.999769372694,2.00138408304,0.999308437068,"{""0"": 1444, ""1"": 2, ""2"": 1}","{""0"": 1445, ""1"": 2, ""2"": 1}","{""0"": 1444, ""1"": 2}"
1453,2,4,1454,0,2,2,1,6,2,4.00825877495,1.49690934066,6.00137835975,0.999770326137,2.00137835975,0.999311294766,"{""0"": 1450, ""1"": 2, ""2"": 1}","{""0"": 1451, ""1"": 2, ""2"": 1}","{""0"": 1450, ""1"": 2}"
1471,2,4,1472,0,2,2,1,6,2,4.00815771584,1.49694708277,6.00136147039,0.999773139746,2.00136147039,0.999319727891,"{""0"": 1468, ""1"": 2, ""2"": 1}","{""0"": 1469, ""1"": 2, ""2"": 1}","{""0"": 1468, ""1"": 2}"
1487,2,4,1488,0,2,2,1,6,2,4.00806993948,1.49697986577,6.00134680135,0.999775583483,2.00134680135,0.99932705249,"{""0"": 1484, ""1"": 2, ""2"": 1}","{""0"": 1485, ""1"": 2, ""2"": 1}","{""0"": 1484, ""1"": 2}"
1489,2,4,1490,0,2,2,1,6,2,4.00805910007,1.49698391421,6.00134498991,0.999775885253,2.00134498991,0.999327956989,"{""0"": 1486, ""1"": 2, ""2"": 1}","{""0"": 1487, ""1"": 2, ""2"": 1}","{""0"": 1486, ""1"": 2}"
1499,2,4,1500,0,2,2,1,6,2,4.00800533689,1.49700399467,6.00133600534,0.999777382012,2.00133600534,0.999332443258,"{""0"": 1496, ""1"": 2, ""2"": 1}","{""0"": 1497, ""1"": 2, ""2"": 1}","{""0"": 1496, ""1"": 2}"
1523,2,4,1524,0,2,2,1,6,2,4.00787918582,1.49705111402,6.00131492439,0.999780893953,2.00131492439,0.999342969777,"{""0"": 1520, ""1"": 2, ""2"": 1}","{""0"": 1521, ""1"": 2, ""2"": 1}","{""0"": 1520, ""1"": 2}"
1531,2,4,1532,0,2,2,1,6,2,4.00783801437,1.49706649283,6.00130804447,0.999782040105,2.00130804447,0.999346405229,"{""0"": 1528, ""1"": 2, ""2"": 1}","{""0"": 1529, ""1"": 2, ""2"": 1}","{""0"": 1528, ""1"": 2}"
1559,2,4,1560,0,2,2,1,6,2,4.00769724182,1.4971190781,6.00128452152,0.999785958904,2.00128452152,0.999358151476,"{""0"": 1556, ""1"": 2, ""2"": 1}","{""0"": 1557, ""1"": 2, ""2"": 1}","{""0"": 1556, ""1"": 2}"
1619,2,4,1620,0,2,2,1,6,2,4.00741198271,1.49722564735,6.00123685838,0.999793899423,2.00123685838,0.999381953028,"{""0"": 1616, ""1"": 2, ""2"": 1}","{""0"": 1617, ""1"": 2, ""2"": 1}","{""0"": 1616, ""1"": 2}"
1621,4,16,1622,0,4,4,1,28,12,16.1480567551,1.73395476773,28.0815318098,0.997096603906,12.0815318098,0.993251533742,"{""0"": 1608, ""1"": 12, ""4"": 1}","{""0"": 1609, ""1"": 12, ""4"": 1}","{""0"": 1608, ""1"": 12}"
1637,2,4,1638,0,2,2,1,6,2,4.00733048259,1.49725609756,6.00122324159,0.999796167958,2.00122324159,0.999388753056,"{""0"": 1634, ""1"": 2, ""2"": 1}","{""0"": 1635, ""1"": 2, ""2"": 1}","{""0"": 1634, ""1"": 2}"
1657,2,4,1658,0,2,2,1,6,2,4.00724200362,1.49728915663,6.00120845921,0.999798630689,2.00120845921,0.999396135266,"{""0"": 1654, ""1"": 2, ""2"": 1}","{""0"": 1655, ""1"": 2, ""2"": 1}","{""0"": 1654, ""1"": 2}"
1669,2,4,1670,0,2,2,1,6,2,4.00718993409,1.49730861244,6.00119976005,0.999800079968,2.00119976005,0.999400479616,"{""0"": 1666, ""1"": 2, ""2"": 1}","{""0"": 1667, ""1"": 2, ""2"": 1}","{""0"": 1666, ""1"": 2}"
1709,4,16,1710,0,4,4,1,28,12,16.1404330018,1.7347737819,28.0773286467,0.997245868803,12.0773286467,0.993597206054,"{""0"": 1696, ""1"": 12, ""4"": 1}","{""0"": 1697, ""1"": 12, ""4"": 1}","{""0"": 1696, ""1"": 12}"
1723,2,4,1724,0,2,2,1,6,2,4.00696459663,1.49739281576,6.00116211505,0.999806351665,2.00116211505,0.999419279907,"{""0"": 1720, ""1"": 2, ""2"": 1}","{""0"": 1721, ""1"": 2, ""2"": 1}","{""0"": 1720, ""1"": 2}"
1741,2,4,1742,0,2,2,1,6,2,4.00689259047,1.49741972477,6.00115008626,0.999808355692,2.00115008626,0.999425287356,"{""0"": 1738, ""1"": 2, ""2"": 1}","{""0"": 1739, ""1"": 2, ""2"": 1}","{""0"": 1738, ""1"": 2}"
1759,2,4,1760,0,2,2,1,6,2,4.00682205799,1.497446084,6.00113830393,0.999810318665,2.00113830393,0.999431171786,"{""0"": 1756, ""1"": 2, ""2"": 1}","{""0"": 1757, ""1"": 2, ""2"": 1}","{""0"": 1756, ""1"": 2}"
1823,2,4,1824,0,2,2,1,6,2,4.00658255623,1.49753559693,6.00109829764,0.999816983895,2.00109829764,0.99945115258,"{""0"": 1820, ""1"": 2, ""2"": 1}","{""0"": 1821, ""1"": 2, ""2"": 1}","{""0"": 1820, ""1"": 2}"
1831,4,16,1832,0,4,4,1,28,12,16.1310759148,1.73578006501,28.072170585,0.99742910564,12.072170585,0.99402173913,"{""0"": 1818, ""1"": 12, ""4"": 1}","{""0"": 1819, ""1"": 12, ""4"": 1}","{""0"": 1818, ""1"": 12}"
1847,4,16,1848,0,4,4,1,28,12,16.129940444,1.73590225564,28.0715447154,0.997451343837,12.0715447154,0.994073275862,"{""0"": 1834, ""1"": 12, ""4"": 1}","{""0"": 1835, ""1"": 12, ""4"": 1}","{""0"": 1834, ""1"": 12}"
1867,2,4,1868,0,2,2,1,6,2,4.00642742367,1.49759358289,6.00107238606,0.999821300929,2.00107238606,0.999464094319,"{""0"": 1864, ""1"": 2, ""2"": 1}","{""0"": 1865, ""1"": 2, ""2"": 1}","{""0"": 1864, ""1"": 2}"
1873,4,16,1874,0,4,4,1,28,12,16.1281366791,1.73609639831,28.0705505077,0.997486671744,12.0705505077,0.994155154091,"{""0"": 1860, ""1"": 12, ""4"": 1}","{""0"": 1861, ""1"": 12, ""4"": 1}","{""0"": 1860, ""1"": 12}"
1907,2,4,1908,0,2,2,1,6,2,4.00629260619,1.49764397906,6.00104986877,0.999825052484,2.00104986877,0.999475341028,"{""0"": 1904, ""1"": 2, ""2"": 1}","{""0"": 1905, ""1"": 2, ""2"": 1}","{""0"": 1904, ""1"": 2}"
1931,2,4,1932,0,2,2,1,6,2,4.00621439669,1.49767321613,6.00103680664,0.999827228749,2.00103680664,0.999481865285,"{""0"": 1928, ""1"": 2, ""2"": 1}","{""0"": 1929, ""1"": 2, ""2"": 1}","{""0"": 1928, ""1"": 2}"
1933,2,4,1934,0,2,2,1,6,2,4.00620796689,1.49767561983,6.00103573278,0.999827407663,2.00103573278,0.999482401656,"{""0"": 1930, ""1"": 2, ""2"": 1}","{""0"": 1931, ""1"": 2, ""2"": 1}","{""0"": 1930, ""1"": 2}"
1949,2,4,1950,0,2,2,1,6,2,4.00615700359,1.49769467213,6.00102722137,0.999828825745,2.00102722137,0.999486652977,"{""0"": 1946, ""1"": 2, ""2"": 1}","{""0"": 1947, ""1"": 2, ""2"": 1}","{""0"": 1946, ""1"": 2}"
1951,2,4,1952,0,2,2,1,6,2,4.00615069195,1.49769703173,6.00102616727,0.999829001368,2.00102616727,0.999487179487,"{""0"": 1948, ""1"": 2, ""2"": 1}","{""0"": 1949, ""1"": 2, ""2"": 1}","{""0"": 1948, ""1"": 2}"
1973,4,16,1974,0,4,4,1,28,12,16.1216421693,1.73679577465,28.0669710807,0.997613882863,12.0669710807,0.994450050454,"{""0"": 1960, ""1"": 12, ""4"": 1}","{""0"": 1961, ""1"": 12, ""4"": 1}","{""0"": 1960, ""1"": 12}"
