X,n,K,hit_index,p,q,r,rho,reflection_endpoint,side,b_r_mod_p2,b_rho_mod_p2,b_ref_mod_p2,alpha,alpha_cleared,reflection_defect,u,tau,eta,p2_divides_b_rho,beta_r,beta_expected,formal_derivative_r,formal_derivative_rho,formal_derivative_ref,delta_r,delta_rho,delta_ref,b_q_mod_p,b_q_mod_p2,gessel_full_prediction_mod_p2,direct_b_n_mod_p2,gessel_jet_prediction,direct_b_n_over_p_mod_p,jet_u,control_q,control_jet_u,all_checks
128,321,3,0,179,1,142,36,142,R,17363,24523,17363,137,137,139,27,78,151,0,97,97,139,40,139,151,28,151,5,5,18974,18974,106,106,110,2,99,PASS
128,321,3,1,193,1,128,64,128,R,34354,2895,34354,15,15,163,38,168,50,0,178,178,163,30,163,50,143,50,5,5,31073,31073,161,161,182,2,54,PASS
128,321,3,2,211,1,110,100,110,R,9284,26375,9284,125,125,130,56,6,40,0,44,44,130,81,130,40,171,40,5,5,5486,5486,26,26,8,2,125,PASS
128,743,3,0,181,4,19,19,161,L,26969,26969,17557,149,149,129,59,24,39,0,149,149,52,52,129,142,142,39,59,240,12127,12127,67,67,176,5,162,PASS
128,743,3,1,197,3,152,44,152,R,35657,33687,35657,171,171,10,155,10,178,0,181,181,10,187,10,178,19,178,66,1445,26792,26792,136,136,175,4,195,PASS
128,743,3,2,211,3,110,100,110,R,9284,26375,9284,125,125,130,56,6,40,0,44,44,130,81,130,40,171,40,179,1445,8018,8018,38,38,174,4,208,PASS
128,1609,3,0,163,9,142,20,142,R,16300,24124,16300,148,148,115,61,120,58,0,100,100,115,48,115,58,105,58,102,5970,6520,6520,40,40,6,10,17,PASS
128,1609,3,1,181,8,161,19,161,R,17557,26969,17557,149,149,129,59,24,39,0,97,97,129,52,129,39,142,39,70,25410,20634,20634,114,114,5,9,49,PASS
128,1609,3,2,191,8,81,81,109,L,25594,25594,4966,134,134,83,15,149,31,0,134,134,108,108,83,160,160,31,109,18636,19673,19673,103,103,96,9,139,PASS
128,3901,3,0,179,21,142,36,142,R,17363,24523,17363,137,137,139,27,78,151,0,97,97,139,40,139,151,28,151,91,4566,8771,8771,49,49,88,22,1,PASS
128,3901,3,1,191,20,81,81,109,L,25594,25594,4966,134,134,83,15,149,31,0,134,134,108,108,83,160,160,31,95,10791,36290,36290,190,190,140,21,60,PASS
128,3901,3,2,251,15,136,114,136,R,3514,29367,3514,117,117,148,168,50,222,0,14,14,148,103,148,222,29,222,248,24846,18825,18825,75,75,238,16,109,PASS
128,4092,3,0,139,29,61,61,77,L,4031,4031,11398,29,29,53,64,20,3,0,29,29,86,86,53,136,136,3,46,3799,18348,18348,132,132,115,30,94,PASS
128,4092,3,1,191,21,81,81,109,L,25594,25594,4966,134,134,83,15,149,31,0,134,134,108,108,83,160,160,31,95,27790,25976,25976,136,136,60,22,65,PASS
128,4092,3,2,197,20,152,44,152,R,35657,33687,35657,171,171,10,155,10,178,0,181,181,10,187,10,178,19,178,68,13661,19897,19897,101,101,143,21,184,PASS
128,5048,3,0,179,28,36,36,142,L,24523,24523,17363,137,137,139,27,78,151,0,137,137,40,40,139,28,28,151,77,11354,23091,23091,129,129,144,29,14,PASS
128,5048,3,1,181,27,161,19,161,R,17557,26969,17557,149,149,129,59,24,39,0,97,97,129,52,129,39,142,39,96,19463,25702,25702,142,142,165,28,69,PASS
128,5048,3,2,193,26,30,30,162,L,1737,1737,36091,9,9,178,48,157,60,0,9,9,15,15,178,133,133,60,47,10276,6176,6176,32,32,65,27,174,PASS
128,9006,3,0,193,46,128,64,128,R,34354,2895,34354,15,15,163,38,168,50,0,178,178,163,30,163,50,143,50,61,31134,3474,3474,18,18,163,47,124,PASS
128,9006,3,1,227,39,153,73,153,R,17252,908,17252,4,4,72,207,136,178,0,76,76,72,155,72,178,49,178,3,17028,5902,5902,26,26,203,40,139,PASS
128,9006,3,2,241,37,89,89,151,L,44103,44103,38319,183,183,217,191,59,174,0,183,183,24,24,217,67,67,174,53,15959,30848,30848,128,128,36,38,158,PASS
128,10452,3,0,163,64,20,20,142,L,24124,24124,16300,148,148,115,61,120,58,0,148,148,48,48,115,105,105,58,106,17873,26243,26243,161,161,16,65,11,PASS
128,10452,3,1,193,54,30,30,162,L,1737,1737,36091,9,9,178,48,157,60,0,9,9,15,15,178,133,133,60,74,5864,772,772,4,4,177,55,22,PASS
128,10452,3,2,241,43,89,89,151,L,44103,44103,38319,183,183,217,191,59,174,0,183,183,24,24,217,67,67,174,106,12397,23136,23136,96,96,27,44,198,PASS
128,12849,3,0,139,92,61,61,77,L,4031,4031,11398,29,29,53,64,20,3,0,29,29,86,86,53,136,136,3,22,8918,16402,16402,118,118,67,93,43,PASS
128,12849,3,1,151,85,14,14,136,L,16912,16912,11023,112,112,112,5,113,113,0,112,112,39,39,112,38,38,113,130,8888,9060,9060,60,60,12,86,148,PASS
128,12849,3,2,197,65,44,44,152,L,33687,33687,35657,171,171,10,155,10,178,0,171,171,187,187,10,19,19,178,68,20950,25610,25610,130,130,147,66,36,PASS
128,16270,3,0,181,89,161,19,161,R,17557,26969,17557,149,149,129,59,24,39,0,97,97,129,52,129,39,142,39,168,26956,14118,14118,78,78,32,90,159,PASS
128,16270,3,1,227,71,153,73,153,R,17252,908,17252,4,4,72,207,136,178,0,76,76,72,155,72,178,49,178,120,347,28602,28602,126,126,198,72,116,PASS
128,16270,3,2,233,69,193,39,193,R,7689,3029,7689,13,13,20,137,12,126,0,33,33,20,213,20,126,107,126,41,39651,34717,34717,149,149,30,70,92,PASS
256,1667,3,0,271,6,41,41,229,L,41734,41734,51761,154,154,37,66,183,95,0,154,154,234,234,37,176,176,95,64,16053,69105,69105,255,255,164,7,76,PASS
256,1667,3,1,431,3,374,56,374,R,99561,40514,99561,94,94,137,276,372,102,0,231,231,137,294,137,102,329,102,152,1445,76718,76718,178,178,35,4,159,PASS
256,1667,3,2,499,3,170,170,328,L,55888,55888,111277,112,112,111,264,197,369,0,112,112,388,388,111,130,130,369,447,1445,7485,7485,15,15,414,4,135,PASS
256,12678,3,0,379,33,171,171,207,L,67083,67083,110668,177,177,115,184,209,48,0,177,177,264,264,115,331,331,48,28,69764,101572,101572,268,268,158,34,159,PASS
256,12678,3,1,443,28,274,168,274,R,89043,32782,89043,74,74,127,344,44,303,0,201,201,127,316,127,303,140,303,152,17872,16391,16391,37,37,22,29,32,PASS
256,12678,3,2,499,25,203,203,295,L,148702,148702,3493,298,298,208,464,20,379,0,298,298,291,291,208,120,120,379,360,123114,121257,121257,243,243,378,26,116,PASS
256,24882,3,0,419,59,161,161,257,L,13827,13827,38129,33,33,58,268,108,266,0,33,33,361,361,58,153,153,266,384,16725,15922,15922,38,38,391,60,376,PASS
256,24882,3,1,439,56,298,140,298,R,153650,39949,153650,91,91,259,384,150,123,0,350,350,259,180,259,123,316,123,119,116015,93068,93068,212,212,60,57,287,PASS
256,24882,3,2,499,49,431,67,431,R,245009,116766,245009,234,234,257,431,158,165,0,491,491,257,242,257,165,334,165,79,17544,103293,103293,207,207,63,50,258,PASS
256,25874,3,0,307,84,86,86,220,L,54032,54032,80741,176,176,87,55,126,303,0,176,176,220,220,87,4,4,303,259,13153,9517,9517,31,31,235,85,163,PASS
256,25874,3,1,367,70,184,182,184,R,123312,68996,123312,188,188,148,211,187,319,0,336,336,148,219,148,319,48,319,360,57979,133221,133221,363,363,160,71,165,PASS
256,25874,3,2,463,55,409,53,409,R,145845,82414,145845,178,178,137,352,403,370,0,315,315,137,326,137,370,93,370,219,138193,14353,14353,31,31,104,56,29,PASS
256,30870,3,0,379,81,171,171,207,L,67083,67083,110668,177,177,115,184,209,48,0,177,177,264,264,115,331,331,48,30,56880,97024,97024,256,256,298,82,140,PASS
256,30870,3,1,439,70,140,140,298,L,39949,39949,153650,91,91,259,384,150,123,0,91,91,180,180,259,316,316,123,192,73944,97458,97458,222,222,419,71,15,PASS
256,30870,3,2,499,61,431,67,431,R,245009,116766,245009,234,234,257,431,158,165,0,491,491,257,242,257,165,334,165,30,154720,5988,5988,12,12,264,62,143,PASS
256,35271,3,0,271,130,41,41,229,L,41734,41734,51761,154,154,37,66,183,95,0,154,154,234,234,37,176,176,95,80,7668,39295,39295,145,145,72,131,102,PASS
256,35271,3,1,443,79,274,168,274,R,89043,32782,89043,74,74,127,344,44,303,0,201,201,127,316,127,303,140,303,118,194152,193591,193591,437,437,188,80,170,PASS
256,35271,3,2,503,70,61,61,441,L,30683,30683,188625,61,61,314,373,104,222,0,61,61,189,189,314,281,281,222,325,78793,157942,157942,314,314,222,71,307,PASS
256,40481,3,0,293,138,47,47,245,L,70613,70613,61237,241,241,261,254,99,106,0,241,241,32,32,261,187,187,106,93,46680,13771,13771,47,47,119,139,208,PASS
256,40481,3,1,419,96,257,161,257,R,38129,13827,38129,33,33,58,268,108,266,0,91,91,58,361,58,266,153,266,10,97637,10475,10475,25,25,158,97,182,PASS
256,40481,3,2,443,91,168,168,274,L,32782,32782,89043,74,74,127,344,44,303,0,74,74,316,316,127,140,140,303,67,179482,57590,57590,130,130,209,92,427,PASS
256,44131,3,0,257,171,184,72,184,R,57054,24158,57054,94,94,128,208,82,139,0,222,222,128,129,128,139,118,139,76,56616,24158,24158,94,94,82,172,211,PASS
256,44131,3,1,271,162,229,41,229,R,51761,41734,51761,154,154,37,66,183,95,0,191,191,37,234,37,95,176,95,259,20042,9214,9214,34,34,58,163,234,PASS
256,44131,3,2,443,99,274,168,274,R,89043,32782,89043,74,74,127,344,44,303,0,201,201,127,316,127,303,140,303,220,162801,146633,146633,331,331,113,100,8,PASS
256,51931,3,0,283,183,142,140,142,R,23489,18961,23489,67,67,16,94,82,235,0,83,83,16,267,16,235,48,235,173,18285,51789,51789,183,183,17,184,192,PASS
256,51931,3,1,347,149,228,118,228,R,64195,108958,64195,314,314,218,196,253,295,0,185,185,218,129,218,295,52,295,23,87467,29842,29842,86,86,266,150,202,PASS
256,51931,3,2,367,141,184,182,184,R,123312,68996,123312,188,188,148,211,187,319,0,336,336,148,219,148,319,48,319,141,57026,66794,66794,182,182,60,142,86,PASS
256,55717,3,0,293,190,47,47,245,L,70613,70613,61237,241,241,261,254,99,106,0,241,241,32,32,261,187,187,106,40,78271,80282,80282,274,274,8,191,98,PASS
256,55717,3,1,331,168,109,109,221,L,79440,79440,52629,240,240,250,78,54,139,0,240,240,81,81,250,192,192,139,270,51244,104265,104265,315,315,195,169,92,PASS
256,55717,3,2,499,111,328,170,328,R,111277,55888,111277,112,112,111,264,197,369,0,223,223,111,388,111,369,130,369,212,6200,78343,78343,157,157,441,112,364,PASS
512,18808,3,0,617,30,298,298,318,L,16659,16659,51828,27,27,57,487,52,384,0,27,27,560,560,57,233,233,384,581,160384,75274,75274,122,122,75,31,328,PASS
512,18808,3,1,751,25,33,33,717,L,406291,406291,526451,541,541,160,77,680,519,0,541,541,591,591,160,232,232,519,227,286358,265103,265103,353,353,502,26,578,PASS
512,18808,3,2,757,24,640,116,640,R,137774,359575,137774,475,475,464,639,259,304,0,182,182,464,293,464,304,453,304,704,381475,338379,338379,447,447,580,25,366,PASS
512,25554,3,0,571,44,430,140,430,R,28550,161022,28550,282,282,339,83,540,66,0,50,50,339,232,339,66,505,66,40,233579,132472,132472,232,232,505,45,300,PASS
512,25554,3,1,761,33,441,319,441,R,168942,184162,168942,242,242,741,297,29,702,0,222,222,741,20,741,702,59,702,295,394493,121760,121760,160,160,472,34,181,PASS
512,25554,3,2,821,31,103,103,717,L,22167,22167,630528,27,27,741,293,695,647,0,27,27,80,80,741,174,174,647,262,317168,27914,27914,34,34,115,32,512,PASS
512,54104,3,0,541,100,4,4,536,L,33001,33001,102790,61,61,129,31,351,423,0,61,61,412,412,129,118,118,423,155,58042,159054,159054,294,294,184,101,528,PASS
512,54104,3,1,571,94,430,140,430,R,28550,161022,28550,282,282,339,83,540,66,0,50,50,339,232,339,66,505,66,521,122144,82795,82795,145,145,387,95,84,PASS
512,54104,3,2,709,76,220,220,488,L,141800,141800,262330,200,200,170,162,45,570,0,200,200,539,539,170,139,139,570,92,338994,226171,226171,319,319,444,77,282,PASS
512,81786,3,0,769,106,272,272,496,L,25377,25377,375272,33,33,455,311,643,360,0,33,33,314,314,455,409,409,360,440,432618,25377,25377,33,33,643,107,372,PASS
512,81786,3,1,857,95,371,371,485,L,529626,529626,460209,618,618,776,340,269,335,0,618,618,81,81,776,522,522,335,634,546543,641893,641893,749,749,161,96,854,PASS
512,81786,3,2,907,90,156,156,750,L,497036,497036,313822,548,548,705,158,589,435,0,548,548,202,202,705,472,472,435,302,687808,644877,644877,711,711,458,91,640,PASS
512,92670,3,0,593,156,162,162,430,L,224747,224747,139948,379,379,450,251,122,342,0,379,379,143,143,450,251,251,342,38,87802,282861,282861,477,477,576,157,175,PASS
512,92670,3,1,907,102,156,156,750,L,497036,497036,313822,548,548,705,158,589,435,0,548,548,202,202,705,472,472,435,198,817405,432639,432639,477,477,468,103,466,PASS
512,92670,3,2,977,94,832,144,832,R,643843,894932,643843,916,916,720,583,935,752,0,659,659,720,257,720,752,225,752,566,486135,433788,433788,444,444,594,95,413,PASS
512,98926,3,0,659,150,76,76,582,L,5272,5272,202972,8,8,300,116,500,298,0,8,8,359,359,300,361,361,298,648,166057,1977,1977,3,3,517,151,318,PASS
512,98926,3,1,857,115,371,371,485,L,529626,529626,460209,618,618,776,340,269,335,0,618,618,81,81,776,522,522,335,721,329809,515057,515057,601,601,826,116,71,PASS
512,98926,3,2,953,103,767,185,767,R,703314,270652,703314,284,284,454,170,125,126,0,738,738,454,499,454,126,827,126,57,532784,25731,25731,27,27,230,104,198,PASS
512,101703,3,0,541,187,536,4,536,R,102790,33001,102790,61,61,129,31,351,423,0,190,190,129,412,129,423,118,423,316,162075,90347,90347,167,167,145,188,45,PASS
512,101703,3,1,631,161,112,112,518,L,128724,128724,327489,204,204,315,191,120,408,0,204,204,316,316,315,223,223,408,174,39296,179835,179835,285,285,279,162,7,PASS
512,101703,3,2,991,102,621,369,621,R,319102,359733,319102,363,363,950,701,9,646,0,322,322,950,41,950,646,345,646,269,613698,225948,225948,228,228,710,103,321,PASS
512,102334,3,0,631,162,112,112,518,L,128724,128724,327489,204,204,315,191,120,408,0,204,204,316,316,315,223,223,408,432,66056,47325,47325,75,75,7,163,622,PASS
512,102334,3,1,887,115,329,329,557,L,679442,679442,92248,766,766,225,881,168,406,0,766,766,662,662,225,481,481,406,56,614747,601386,601386,678,678,774,116,827,PASS
512,102334,3,2,907,112,750,156,750,R,313822,497036,313822,548,548,705,158,589,435,0,346,346,705,202,705,435,472,435,614,529395,618574,618574,682,682,498,113,741,PASS
512,108089,3,0,709,152,321,321,387,L,350246,350246,375061,494,494,35,545,559,618,0,494,494,674,674,35,91,91,618,237,83899,399876,399876,564,564,377,153,422,PASS
512,108089,3,1,821,131,538,282,538,R,99341,133002,99341,162,162,780,468,474,549,0,121,121,780,41,780,549,272,549,688,11361,328400,328400,400,400,471,132,358,PASS
512,108089,3,2,907,119,156,156,750,L,497036,497036,313822,548,548,705,158,589,435,0,548,548,202,202,705,472,472,435,901,767316,294775,294775,325,325,490,120,52,PASS
512,118762,3,0,593,200,162,162,430,L,224747,224747,139948,379,379,450,251,122,342,0,379,379,143,143,450,251,251,342,223,80871,234828,234828,396,396,467,201,77,PASS
512,118762,3,1,617,192,298,298,318,L,16659,16659,51828,27,27,57,487,52,384,0,27,27,560,560,57,233,233,384,486,40591,331946,331946,538,538,442,193,268,PASS
512,118762,3,2,821,144,538,282,538,R,99341,133002,99341,162,162,780,468,474,549,0,121,121,780,41,780,549,272,549,225,131585,90310,90310,110,110,109,145,657,PASS
512,133700,3,0,659,202,582,76,582,R,202972,5272,202972,8,8,300,116,500,298,0,308,308,300,359,300,298,361,298,465,415635,248443,248443,377,377,168,203,531,PASS
512,133700,3,1,691,193,337,337,353,L,46297,46297,318551,67,67,394,93,662,242,0,67,67,297,297,394,449,449,242,89,343516,242541,242541,351,351,405,194,261,PASS
512,133700,3,2,787,169,697,89,697,R,105458,375399,105458,477,477,444,693,154,79,0,134,134,444,343,444,79,708,79,152,4874,136938,136938,174,174,467,170,129,PASS
512,135777,3,0,631,215,112,112,518,L,128724,128724,327489,204,204,315,191,120,408,0,204,204,316,316,315,223,223,408,581,338797,126200,126200,200,200,229,216,451,PASS
512,135777,3,1,761,178,319,319,441,L,184162,184162,168942,242,242,741,297,29,702,0,242,242,20,20,741,59,59,702,213,443115,92842,92842,122,122,436,179,744,PASS
512,135777,3,2,857,158,371,371,485,L,529626,529626,460209,618,618,776,340,269,335,0,618,618,81,81,776,522,522,335,428,379222,126836,126836,148,148,192,159,8,PASS
512,140703,3,0,593,237,162,162,430,L,224747,224747,139948,379,379,450,251,122,342,0,379,379,143,143,450,251,251,342,478,216923,16604,16604,28,28,45,238,440,PASS
512,140703,3,1,709,198,321,321,387,L,350246,350246,375061,494,494,35,545,559,618,0,494,494,674,674,35,91,91,618,542,468482,479993,479993,677,677,225,199,630,PASS
512,140703,3,2,887,158,557,329,557,R,92248,679442,92248,766,766,225,881,168,406,0,104,104,225,662,225,406,481,406,275,14467,744193,744193,839,839,8,159,161,PASS
512,146606,3,0,541,270,536,4,536,R,102790,33001,102790,61,61,129,31,351,423,0,190,190,129,412,129,423,118,423,198,198,272664,272664,504,504,470,271,499,PASS
512,146606,3,1,571,256,430,140,430,R,28550,161022,28550,282,282,339,83,540,66,0,50,50,339,232,339,66,505,66,400,296749,137611,137611,241,241,340,257,170,PASS
512,146606,3,2,769,190,496,272,496,R,375272,25377,375272,33,33,455,311,643,360,0,488,488,455,314,455,360,409,360,282,138702,20763,20763,27,27,596,191,327,PASS
512,151220,3,0,599,252,272,272,326,L,215041,215041,257570,359,359,71,194,289,516,0,359,359,528,528,71,83,83,516,145,282873,281530,281530,470,470,58,253,58,PASS
512,151220,3,1,769,196,496,272,496,R,375272,25377,375272,33,33,455,311,643,360,0,488,488,455,314,455,360,409,360,423,298795,136113,136113,177,177,233,197,246,PASS
512,151220,3,2,937,161,363,363,573,L,697128,697128,26236,744,744,221,686,501,742,0,744,744,716,716,221,195,195,742,417,403327,205203,205203,219,219,854,162,722,PASS
512,156106,3,0,659,236,582,76,582,R,202972,5272,202972,8,8,300,116,500,298,0,308,308,300,359,300,298,361,298,271,348223,295891,295891,449,449,55,237,614,PASS
512,156106,3,1,733,212,710,22,710,R,254351,506503,254351,691,691,389,316,654,435,0,347,347,389,344,389,435,298,435,273,514839,422208,422208,576,576,141,213,566,PASS
512,156106,3,2,953,163,767,185,767,R,703314,270652,703314,284,284,454,170,125,126,0,738,738,454,499,454,126,827,126,614,398015,525103,525103,551,551,917,164,103,PASS
512,189737,3,0,599,316,453,145,453,R,206056,119201,206056,199,199,145,258,421,379,0,344,344,145,454,145,379,220,379,98,310979,253976,253976,424,424,596,317,475,PASS
512,189737,3,1,617,307,318,298,318,R,51828,16659,51828,27,27,57,487,52,384,0,84,84,57,560,57,384,233,384,376,92926,32701,32701,53,53,422,308,468,PASS
512,189737,3,2,911,208,249,249,661,L,554799,554799,63770,609,609,372,365,104,620,0,609,609,539,539,372,291,291,620,259,666200,758863,758863,833,833,781,209,293,PASS
512,195680,3,0,701,279,101,101,599,L,33648,33648,10515,48,48,668,8,6,434,0,48,48,33,33,668,267,267,434,414,87338,424105,424105,605,605,689,280,390,PASS
512,195680,3,1,821,238,282,282,538,L,133002,133002,99341,162,162,780,468,474,549,0,162,162,41,41,780,272,272,549,482,118706,621497,621497,757,757,56,239,278,PASS
512,195680,3,2,947,206,598,348,598,R,611762,312510,611762,330,330,316,714,88,905,0,646,646,316,631,316,905,42,905,286,519242,448878,448878,474,474,884,207,745,PASS
512,219301,3,0,709,309,220,220,488,L,141800,141800,262330,200,200,170,162,45,570,0,200,200,539,539,170,139,139,570,212,376691,334648,334648,472,472,248,310,114,PASS
512,219301,3,1,881,248,813,67,813,R,621105,219369,621105,249,249,456,820,227,628,0,705,705,456,425,456,628,253,628,285,361495,452834,452834,514,514,136,249,16,PASS
512,219301,3,2,911,240,661,249,661,R,63770,554799,63770,609,609,372,365,104,620,0,70,70,372,539,372,620,291,620,42,317981,265101,265101,291,291,485,241,790,PASS
512,220182,3,0,541,406,536,4,536,R,102790,33001,102790,61,61,129,31,351,423,0,190,190,129,412,129,423,118,423,352,211883,177448,177448,328,328,220,407,456,PASS
512,220182,3,1,659,334,76,76,582,L,5272,5272,202972,8,8,300,116,500,298,0,8,8,359,359,300,361,361,298,50,208294,77762,77762,118,118,126,335,397,PASS
512,220182,3,2,881,249,813,67,813,R,621105,219369,621105,249,249,456,820,227,628,0,705,705,456,425,456,628,253,628,433,545772,692466,692466,786,786,16,250,674,PASS
512,229328,3,0,593,386,430,162,430,R,139948,224747,139948,379,379,450,251,122,342,0,236,236,450,143,450,342,251,342,45,218269,67009,67009,113,113,584,387,396,PASS
512,229328,3,1,701,327,101,101,599,L,33648,33648,10515,48,48,668,8,6,434,0,48,48,33,33,668,267,267,434,514,121086,279699,279699,399,399,488,328,153,PASS
512,229328,3,2,709,323,321,321,387,L,350246,350246,375061,494,494,35,545,559,618,0,494,494,674,674,35,91,91,618,594,333824,275092,275092,388,388,551,324,157,PASS
512,230427,3,0,631,365,112,112,518,L,128724,128724,327489,204,204,315,191,120,408,0,204,204,316,316,315,223,223,408,294,387097,32181,32181,51,51,30,366,627,PASS
512,230427,3,1,769,299,496,272,496,R,375272,25377,375272,33,33,455,311,643,360,0,488,488,455,314,455,360,409,360,438,111174,129961,129961,169,169,683,300,54,PASS
512,230427,3,2,977,235,832,144,832,R,643843,894932,643843,916,916,720,583,935,752,0,659,659,720,257,720,752,225,752,351,328623,59597,59597,61,61,42,236,694,PASS
512,240445,3,0,857,280,485,371,485,R,460209,529626,460209,618,618,776,340,269,335,0,537,537,776,81,776,335,522,335,575,664750,191968,191968,224,224,777,281,312,PASS
512,240445,3,1,881,272,813,67,813,R,621105,219369,621105,249,249,456,820,227,628,0,705,705,456,425,456,628,253,628,632,501040,125102,125102,142,142,41,273,358,PASS
512,240445,3,2,937,256,573,363,573,R,26236,697128,26236,744,744,221,686,501,742,0,28,28,221,716,221,742,195,742,852,65505,145235,145235,155,155,690,257,656,PASS
512,247731,3,0,691,358,353,337,353,R,318551,46297,318551,67,67,394,93,662,242,0,461,461,394,297,394,242,449,242,297,318848,461588,461588,668,668,505,359,358,PASS
512,247731,3,1,733,337,710,22,710,R,254351,506503,254351,691,691,389,316,654,435,0,347,347,389,344,389,435,298,435,36,27890,238225,238225,325,325,175,338,698,PASS
512,247731,3,2,937,264,363,363,573,L,697128,697128,26236,744,744,221,686,501,742,0,744,744,716,716,221,195,195,742,711,557289,745852,745852,796,796,400,265,402,PASS
512,259185,3,0,577,449,112,112,464,L,245802,245802,27696,426,426,199,369,292,196,0,426,426,378,378,199,381,381,196,163,117294,24234,24234,42,42,427,450,25,PASS
512,259185,3,1,857,302,371,371,485,L,529626,529626,460209,618,618,776,340,269,335,0,618,618,81,81,776,522,522,335,5,715600,238246,238246,278,278,268,303,839,PASS
512,259185,3,2,937,276,573,363,573,R,26236,697128,26236,744,744,221,686,501,742,0,28,28,221,716,221,742,195,742,235,568057,742104,742104,792,792,624,277,502,PASS
1024,1773,3,0,1229,1,544,544,684,L,239655,239655,969681,195,195,594,905,557,203,0,195,195,635,635,594,1026,1026,203,5,5,569027,569027,463,463,541,2,1191,PASS
1024,1773,3,1,1427,1,346,346,1080,L,871897,871897,1054553,611,611,128,1388,460,1131,0,611,611,1299,1299,128,296,296,1131,5,5,1409876,1409876,988,988,926,2,1165,PASS
1024,1773,3,2,1823,0,1773,49,1773,R,1400064,865925,1400064,475,475,293,1786,1416,1618,0,768,768,293,1530,293,1618,205,1618,1,1,1400064,1400064,768,768,1211,1,1384,PASS
1024,4325,3,0,1193,3,746,446,746,R,659729,408006,659729,342,342,211,425,158,837,0,553,553,211,982,211,837,356,837,252,1445,742046,742046,622,622,692,4,1095,PASS
1024,4325,3,1,1907,2,511,511,1395,L,1289132,1289132,3508880,676,676,1164,246,964,1028,0,676,676,743,743,1164,879,879,1028,73,73,2768964,2768964,1452,1452,378,3,1149,PASS
1024,4325,3,2,1951,2,423,423,1527,L,421416,421416,3486437,216,216,1571,606,1198,566,0,216,216,380,380,1571,1385,1385,566,73,73,1974412,1974412,1012,1012,916,3,1321,PASS
1024,5518,3,0,1193,4,746,446,746,R,659729,408006,659729,342,342,211,425,158,837,0,553,553,211,982,211,837,356,837,790,33001,125265,125265,105,105,1095,5,705,PASS
1024,5518,3,1,1489,3,1051,437,1051,R,842774,661116,842774,444,444,122,1103,76,316,0,566,566,122,1367,122,316,1173,316,1445,1445,1018476,1018476,684,684,600,4,378,PASS
1024,5518,3,2,1823,3,49,49,1773,L,865925,865925,1400064,475,475,293,1786,1416,1618,0,475,475,1530,1530,293,205,205,1618,1445,1445,2557669,2557669,1403,1403,1588,4,665,PASS
1024,15468,4,0,1069,14,502,502,566,L,394461,394461,777163,369,369,358,584,299,180,0,369,369,711,711,358,889,889,180,353,270810,926823,926823,867,867,633,15,88,PASS
1024,15468,4,1,1381,11,277,277,1103,L,437777,437777,1096514,317,317,477,1099,993,13,0,317,317,904,904,477,1368,1368,13,1098,1353097,524780,524780,380,380,1125,12,1030,PASS
1024,15468,4,2,1847,8,692,692,1154,L,2574718,2574718,210558,1394,1394,567,804,282,173,0,1394,1394,1280,1280,567,1674,1674,173,1595,3383452,2341996,2341996,1268,1268,654,9,318,PASS
1024,15468,4,3,2011,7,1391,619,1391,R,2200034,1065830,2200034,530,530,564,1492,1669,615,0,1094,1094,564,1447,564,615,1396,615,1260,1953941,343881,343881,171,171,732,8,738,PASS
1024,100215,3,0,1823,54,1773,49,1773,R,1400064,865925,1400064,475,475,293,1786,1416,1618,0,768,768,293,1530,293,1618,205,1618,498,1763339,3294161,3294161,1807,1807,1380,55,1398,PASS
1024,100215,3,1,1949,51,816,816,1132,L,1627415,1627415,518434,835,835,1380,514,13,1527,0,835,835,569,569,1380,422,422,1527,629,2623983,2923500,2923500,1500,1500,1914,52,783,PASS
1024,100215,3,2,1973,50,1565,407,1565,R,1665212,607684,1665212,308,308,536,1203,1578,850,0,844,844,536,1437,536,850,1123,850,1127,2627190,2205814,2205814,1118,1118,757,51,892,PASS
1024,127256,3,0,1087,117,77,77,1009,L,706550,706550,732638,650,650,24,677,184,562,0,650,650,1063,1063,24,525,525,562,21,621785,365232,365232,336,336,259,118,277,PASS
1024,127256,3,1,1259,101,97,97,1161,L,1575009,1575009,834717,1251,1251,671,736,260,225,0,1251,1251,588,588,671,1034,1034,225,18,1457940,1520872,1520872,1208,1208,1028,102,348,PASS
1024,127256,3,2,1831,69,917,913,917,R,1750436,2145932,1750436,1172,1172,1615,876,712,75,0,956,956,1615,216,1615,75,1756,75,466,701739,516342,516342,282,282,665,70,44,PASS
1024,149393,3,0,1117,133,832,284,832,R,1186254,511586,1186254,458,458,604,689,975,959,0,1062,1062,604,513,604,959,158,959,670,239708,1030991,1030991,923,923,465,134,805,PASS
1024,149393,3,1,1229,121,684,544,684,R,969681,239655,969681,195,195,594,905,557,203,0,789,789,594,635,594,203,1026,203,1007,1205427,820972,820972,668,668,969,122,62,PASS
1024,149393,3,2,1709,87,710,710,998,L,1679947,1679947,931405,983,983,1271,1240,570,471,0,983,983,438,438,1271,1238,1238,471,591,619249,1787614,1787614,1046,1046,1029,88,1683,PASS
1024,152257,3,0,1069,142,459,459,609,L,270457,270457,630710,253,253,337,977,799,984,0,253,253,732,732,337,85,85,984,562,220776,1103208,1103208,1032,1032,593,143,275,PASS
1024,152257,3,1,1087,140,77,77,1009,L,706550,706550,732638,650,650,24,677,184,562,0,650,650,1063,1063,24,525,525,562,1032,245607,142397,142397,131,131,803,141,993,PASS
1024,152257,3,2,1193,127,746,446,746,R,659729,408006,659729,342,342,211,425,158,837,0,553,553,211,982,211,837,356,837,44,1017673,1021208,1021208,856,856,235,128,47,PASS
1024,153013,3,0,1381,110,1103,277,1103,R,1096514,437777,1096514,317,317,477,1099,993,13,0,794,794,477,904,477,13,1368,13,1306,1085391,597973,597973,433,433,973,111,182,PASS
1024,153013,3,1,1499,102,115,115,1383,L,1723850,1723850,1936708,1150,1150,142,1330,756,487,0,1150,1150,1357,1357,142,1012,1012,487,1381,281694,1440539,1440539,961,961,1174,103,304,PASS
1024,153013,3,2,1619,94,827,791,827,R,1427958,1495956,1427958,924,924,1577,590,726,1586,0,882,882,1577,42,1577,1586,33,1586,477,952449,1771186,1771186,1094,1094,397,95,260,PASS
1024,177538,3,0,1129,157,285,285,843,L,1196740,1196740,269831,1060,1060,308,286,659,609,0,1060,1060,821,821,308,520,520,609,1077,486547,485470,485470,430,430,491,158,237,PASS
1024,177538,3,1,1453,122,272,272,1180,L,382139,382139,1246674,263,263,595,333,1000,953,0,263,263,858,858,595,500,500,953,1352,761271,1156588,1156588,796,796,430,123,1258,PASS
1024,177538,3,2,1741,101,1697,43,1697,R,1801935,1041118,1801935,598,598,437,46,13,880,0,1035,1035,437,1304,437,880,861,880,456,670741,1150801,1150801,661,661,355,102,673,PASS
1024,195824,3,0,1381,141,1103,277,1103,R,1096514,437777,1096514,317,317,477,1099,993,13,0,794,794,477,904,477,13,1368,13,1069,121216,1329903,1329903,963,963,834,142,67,PASS
1024,195824,3,1,1531,127,1387,143,1387,R,419494,2224543,419494,1453,1453,352,226,1070,1099,0,274,274,352,1179,352,1099,432,1099,1334,2013068,1166622,1166622,762,762,735,128,531,PASS
1024,195824,3,2,1709,114,998,710,998,R,931405,1679947,931405,983,983,1271,1240,570,471,0,545,545,1271,438,1271,471,1238,471,89,1198098,179445,179445,105,105,765,115,800,PASS
1024,211520,3,0,1097,192,896,200,896,R,981815,225982,981815,206,206,689,996,465,634,0,895,895,689,408,689,634,463,634,747,563508,845787,845787,771,771,883,193,421,PASS
1024,211520,3,1,1637,129,347,347,1289,L,98220,98220,1149174,60,60,642,1107,1606,1469,0,60,60,995,995,642,168,168,1469,1468,1494412,1982407,1982407,1211,1211,1366,130,887,PASS
1024,211520,3,2,1873,112,1744,128,1744,R,1337322,1655732,1337322,884,884,1703,1287,1098,77,0,714,714,1703,170,1703,77,1796,77,422,463053,84285,84285,45,45,1467,113,1152,PASS
1024,214186,3,0,1741,123,43,43,1697,L,1041118,1041118,1801935,598,598,437,46,13,880,0,598,598,1304,1304,437,861,861,880,589,2310896,2238926,2238926,1286,1286,1012,124,1130,PASS
1024,214186,3,1,1847,115,1781,65,1781,R,2502685,2650445,2502685,1435,1435,1767,642,1317,184,0,1355,1355,1767,80,1767,184,1663,184,503,3103463,1854388,1854388,1004,1004,646,116,1082,PASS
1024,214186,3,2,1951,109,1527,423,1527,R,3486437,421416,3486437,216,216,1571,606,1198,566,0,1787,1787,1571,380,1571,566,1385,566,54,1334538,126815,126815,65,65,776,110,1739,PASS
1024,242400,3,0,1559,155,755,755,803,L,2408655,2408655,933841,1545,1545,613,1184,1056,755,0,1545,1545,946,946,613,804,804,755,1470,2171598,9354,9354,6,6,661,156,1068,PASS
1024,242400,3,1,1723,140,1180,542,1180,R,2949776,2319158,2949776,1346,1346,366,1300,396,1270,0,1712,1712,366,1357,366,1270,453,1270,160,2948213,566867,566867,329,329,765,141,1584,PASS
1024,242400,3,2,1831,132,708,708,1122,L,1083952,1083952,3270166,592,592,1194,725,1751,383,0,592,592,637,637,1194,1448,1448,383,51,2607395,1790718,1790718,978,978,1105,133,253,PASS
1024,248190,3,0,1453,170,1180,272,1180,R,1246674,382139,1246674,263,263,595,333,1000,953,0,858,858,595,858,595,953,500,953,1023,1320347,1710181,1710181,1177,1177,1282,171,583,PASS
1024,248190,3,1,1847,134,692,692,1154,L,2574718,2574718,210558,1394,1394,567,804,282,173,0,1394,1394,1280,1280,567,1674,1674,173,1534,2286273,1032473,1032473,559,559,1340,135,405,PASS
1024,248190,3,2,1973,125,1565,407,1565,R,1665212,607684,1665212,308,308,536,1203,1578,850,0,844,844,536,1437,536,850,1123,850,1514,1814701,2833228,2833228,1436,1436,157,126,1090,PASS
1024,252786,3,0,1069,236,502,502,566,L,394461,394461,777163,369,369,358,584,299,180,0,369,369,711,711,358,889,889,180,503,910222,248008,248008,232,232,469,237,874,PASS
1024,252786,3,1,1201,210,576,576,624,L,1067689,1067689,1312693,889,889,204,439,199,378,0,889,889,997,997,204,823,823,378,277,68734,539249,539249,449,449,726,211,462,PASS
1024,252786,3,2,1447,174,1008,438,1008,R,1096826,1829008,1096826,1264,1264,941,594,7,1071,0,758,758,941,506,941,1071,376,1071,410,1228913,2012777,2012777,1391,1391,1291,175,1126,PASS
1024,253313,3,0,1049,241,504,504,544,L,630449,630449,9441,601,601,457,581,252,333,0,601,601,592,592,457,716,716,333,380,279414,671360,671360,640,640,689,242,62,PASS
1024,253313,3,1,1559,162,755,755,803,L,2408655,2408655,933841,1545,1545,613,1184,1056,755,0,1545,1545,946,946,613,804,804,755,746,306310,489526,489526,314,314,814,163,252,PASS
1024,253313,3,2,1621,156,437,437,1183,L,1338946,1338946,1368124,826,826,18,306,204,1335,0,826,826,1603,1603,18,286,286,1335,8,27565,573834,573834,354,354,319,157,1347,PASS
1024,258633,3,0,1297,199,530,530,766,L,1073916,1073916,530473,828,828,878,354,442,193,0,828,828,419,419,878,1104,1104,193,666,957852,1185458,1185458,914,914,325,200,165,PASS
1024,258633,3,1,1427,181,346,346,1080,L,871897,871897,1054553,611,611,128,1388,460,1131,0,611,611,1299,1299,128,296,296,1131,365,1903983,692095,692095,485,485,573,182,117,PASS
1024,258633,3,2,1487,173,1382,104,1382,R,1925665,1064692,1925665,716,716,579,451,1360,1241,0,1295,1295,579,908,579,1241,246,1241,1121,2127531,1852802,1852802,1246,1246,1104,174,244,PASS
1024,260710,3,0,1259,207,97,97,1161,L,1575009,1575009,834717,1251,1251,671,736,260,225,0,1251,1251,588,588,671,1034,1034,225,455,603516,31475,31475,25,25,1076,208,561,PASS
1024,260710,3,1,1499,173,1383,115,1383,R,1936708,1723850,1936708,1150,1150,142,1330,756,487,0,1292,1292,142,1357,142,487,1012,487,74,1722425,1151232,1151232,768,768,776,174,1292,PASS
1024,260710,3,2,1831,142,708,708,1122,L,1083952,1083952,3270166,592,592,1194,725,1751,383,0,592,592,637,637,1194,1448,1448,383,366,225579,855077,855077,467,467,1372,143,257,PASS
1024,262667,3,0,1153,227,936,216,936,R,377031,31131,377031,27,27,300,345,1123,51,0,327,327,300,853,300,51,1102,51,1098,295113,1222180,1222180,1060,1060,872,228,1016,PASS
1024,262667,3,1,1381,190,277,277,1103,L,437777,437777,1096514,317,317,477,1099,993,13,0,317,317,904,904,477,1368,1368,13,336,1366145,1278806,1278806,926,926,888,191,469,PASS
1024,262667,3,2,1559,168,755,755,803,L,2408655,2408655,933841,1545,1545,613,1184,1056,755,0,1545,1545,946,946,613,804,804,755,1281,967861,1325150,1325150,850,850,1141,169,53,PASS
1024,285882,3,0,1049,272,554,494,554,R,519255,918924,519255,876,876,668,422,365,628,0,495,495,668,381,668,628,421,628,278,1076552,242319,242319,231,231,883,273,4,PASS
1024,285882,3,1,1069,267,459,459,609,L,270457,270457,630710,253,253,337,977,799,984,0,253,253,732,732,337,85,85,984,933,228630,107969,107969,101,101,57,268,740,PASS
1024,285882,3,2,1669,171,483,483,1185,L,2586950,2586950,485679,1550,1550,410,529,1653,1654,0,1550,1550,1259,1259,410,15,15,1654,247,70345,1707387,1707387,1023,1023,390,172,762,PASS
1024,286480,3,0,1129,253,843,285,843,R,269831,1196740,269831,1060,1060,308,286,659,609,0,239,239,308,821,308,609,520,609,363,930659,304830,304830,270,270,72,254,451,PASS
1024,286480,3,1,1427,200,1080,346,1080,R,1054553,871897,1054553,611,611,128,1388,460,1131,0,739,739,128,1299,128,1131,296,1131,392,1060653,774861,774861,543,543,974,201,508,PASS
1024,286480,3,2,1931,148,692,692,1238,L,3721037,3721037,994465,1927,1927,519,1547,1227,587,0,1927,1927,1412,1412,519,1344,1344,587,1310,1754658,2400233,2400233,1243,1243,565,149,459,PASS
1024,320387,3,0,1657,193,586,586,1070,L,1771333,1771333,2306544,1069,1069,323,1255,1609,94,0,1069,1069,1334,1334,323,1563,1563,94,587,1647645,2240264,2240264,1352,1352,178,194,25,PASS
1024,320387,3,1,1741,184,43,43,1697,L,1041118,1041118,1801935,598,598,437,46,13,880,0,598,598,1304,1304,437,861,861,880,711,926923,2165804,2165804,1244,1244,784,185,564,PASS
1024,320387,3,2,1951,164,423,423,1527,L,421416,421416,3486437,216,216,1571,606,1198,566,0,216,216,380,380,1571,1385,1385,566,415,747648,464338,464338,238,238,200,165,481,PASS
1024,337237,3,0,1049,321,508,508,540,L,6294,6294,497226,6,6,468,254,190,134,0,6,6,581,581,468,915,915,134,557,340433,923120,923120,880,880,243,322,234,PASS
1024,337237,3,1,1069,315,502,502,566,L,394461,394461,777163,369,369,358,584,299,180,0,369,369,711,711,358,889,889,180,547,369352,200972,200972,188,188,1062,316,117,PASS
1024,337237,3,2,1759,191,1268,490,1268,R,2028127,2378168,2028127,1352,1352,1560,892,1445,1532,0,1153,1153,1560,199,1560,1532,227,1532,1475,2636457,1853986,1853986,1054,1054,999,192,1103,PASS
1024,361360,3,0,1049,344,504,504,544,L,630449,630449,9441,601,601,457,581,252,333,0,601,601,592,592,457,716,716,333,501,859632,940953,940953,897,897,610,345,98,PASS
1024,361360,3,1,1873,192,1744,128,1744,R,1337322,1655732,1337322,884,884,1703,1287,1098,77,0,714,714,1703,170,1703,77,1796,77,296,1892026,1989126,1989126,1062,1062,158,193,403,PASS
1024,361360,3,2,2011,179,1391,619,1391,R,2200034,1065830,2200034,530,530,564,1492,1669,615,0,1094,1094,564,1447,564,615,1396,615,1821,3384323,1130182,1130182,562,562,677,180,602,PASS
1024,365697,3,0,1129,323,1030,98,1030,R,1055615,19193,1055615,17,17,918,1011,373,949,0,935,935,918,211,918,949,180,949,104,21555,108384,108384,96,96,114,324,754,PASS
1024,365697,3,1,1229,297,684,544,684,R,969681,239655,969681,195,195,594,905,557,203,0,789,789,594,635,594,203,1026,203,650,116176,260548,260548,212,212,1198,298,278,PASS
1024,365697,3,2,1487,245,1382,104,1382,R,1925665,1064692,1925665,716,716,579,451,1360,1241,0,1295,1295,579,908,579,1241,246,1241,1277,1932890,1753173,1753173,1179,1179,362,246,1382,PASS
1024,389719,3,0,1049,371,540,508,540,R,497226,6294,497226,6,6,468,254,190,134,0,474,474,468,581,468,134,915,134,451,614116,266446,266446,254,254,1,372,664,PASS
1024,389719,3,1,1381,282,277,277,1103,L,437777,437777,1096514,317,317,477,1099,993,13,0,317,317,904,904,477,1368,1368,13,256,349649,973605,973605,705,705,688,283,950,PASS
1024,389719,3,2,2011,193,1596,414,1596,R,199089,1278996,199089,636,636,1474,1576,373,1402,0,99,99,1474,537,1474,1402,609,1402,695,1098701,3911395,3911395,1945,1945,1498,194,565,PASS
1024,390732,3,0,1049,372,504,504,544,L,630449,630449,9441,601,601,457,581,252,333,0,601,601,592,592,457,716,716,333,1022,594756,252809,252809,241,241,979,373,594,PASS
1024,390732,3,1,1097,356,200,200,896,L,225982,225982,981815,206,206,689,996,465,634,0,206,206,408,408,689,463,463,634,250,329350,157968,157968,144,144,357,357,516,PASS
1024,390732,3,2,1129,346,98,98,1030,L,19193,19193,1055615,17,17,918,1011,373,949,0,17,17,211,211,918,180,180,949,208,1182271,391763,391763,347,347,906,347,1043,PASS
1024,397093,3,0,1471,269,1394,76,1394,R,2072639,188288,2072639,128,128,1281,845,1405,52,0,1409,1409,1281,190,1281,52,1419,52,1357,2010743,1607803,1607803,1093,1093,57,270,1335,PASS
1024,397093,3,1,1657,239,1070,586,1070,R,2306544,1771333,2306544,1069,1069,323,1255,1609,94,0,1392,1392,323,1334,323,94,1563,94,1037,1109570,931234,931234,562,562,1128,240,821,PASS
1024,397093,3,2,1931,205,1238,692,1238,R,994465,3721037,994465,1927,1927,519,1547,1227,587,0,515,515,519,1412,519,587,1344,587,574,176295,2106721,2106721,1091,1091,847,206,1271,PASS
1024,402977,3,0,1259,320,97,97,1161,L,1575009,1575009,834717,1251,1251,671,736,260,225,0,1251,1251,588,588,671,1034,1034,225,1172,1418806,370146,370146,294,294,517,321,1029,PASS
1024,402977,3,1,1471,273,1394,76,1394,R,2072639,188288,2072639,128,128,1281,845,1405,52,0,1409,1409,1281,190,1281,52,1419,52,615,652268,253012,253012,172,172,371,274,1029,PASS
1024,402977,3,2,1559,258,755,755,803,L,2408655,2408655,933841,1545,1545,613,1184,1056,755,0,1545,1545,946,946,613,804,804,755,473,1367716,2162333,2162333,1387,1387,279,259,765,PASS
1024,423121,3,0,1259,336,97,97,1161,L,1575009,1575009,834717,1251,1251,671,736,260,225,0,1251,1251,588,588,671,1034,1034,225,183,1050189,45324,45324,36,36,89,337,1176,PASS
1024,423121,3,1,1657,255,586,586,1070,L,1771333,1771333,2306544,1069,1069,323,1255,1609,94,0,1069,1069,1334,1334,323,1563,1563,94,663,1380944,2162385,2162385,1305,1305,1493,256,511,PASS
1024,423121,3,2,1709,247,998,710,998,R,931405,1679947,931405,983,983,1271,1240,570,471,0,545,545,1271,438,1271,471,1238,471,1182,2304914,2869411,2869411,1679,1679,758,248,1433,PASS
1024,424409,3,0,1447,293,438,438,1008,L,1829008,1829008,1096826,1264,1264,941,594,7,1071,0,1264,1264,506,506,941,376,376,1071,237,280955,1636557,1636557,1131,1131,360,294,618,PASS
1024,424409,3,1,1669,254,483,483,1185,L,2586950,2586950,485679,1550,1550,410,529,1653,1654,0,1550,1550,1259,1259,410,15,15,1654,1545,2102816,70098,70098,42,42,202,255,1169,PASS
1024,424409,3,2,1759,241,490,490,1268,L,2378168,2378168,2028127,1352,1352,1560,892,1445,1532,0,1352,1352,199,199,1560,227,227,1532,1169,87360,650830,650830,370,370,1085,242,134,PASS
1024,431679,3,0,1049,411,540,508,540,R,497226,6294,497226,6,6,468,254,190,134,0,474,474,468,581,468,134,915,134,795,717262,1072078,1072078,1022,1022,194,412,558,PASS
1024,431679,3,1,1069,403,872,196,872,R,112245,906512,112245,848,848,326,952,477,317,0,105,105,326,743,326,317,752,317,206,310216,261905,261905,245,245,71,404,691,PASS
1024,431679,3,2,1973,218,1565,407,1565,R,1665212,607684,1665212,308,308,536,1203,1578,850,0,844,844,536,1437,536,850,1123,850,844,2759098,2689199,2689199,1363,1363,667,219,886,PASS
1024,436191,3,0,1193,365,746,446,746,R,659729,408006,659729,342,342,211,425,158,837,0,553,553,211,982,211,837,356,837,866,296730,990190,990190,830,830,816,366,1113,PASS
1024,436191,3,1,1531,284,1387,143,1387,R,419494,2224543,419494,1453,1453,352,226,1070,1099,0,274,274,352,1179,352,1099,432,1099,1477,1880014,838988,838988,548,548,1276,285,532,PASS
1024,436191,3,2,1907,228,1395,511,1395,R,3508880,1289132,3508880,676,676,1164,246,964,1028,0,1840,1840,1164,743,1164,1028,879,1028,607,345774,770428,770428,404,404,1366,229,1062,PASS
1024,446679,3,0,1087,410,1009,77,1009,R,732638,706550,732638,650,650,24,677,184,562,0,674,674,24,1063,24,562,525,562,232,1052448,21740,21740,20,20,106,411,694,PASS
1024,446679,3,1,1097,407,200,200,896,L,225982,225982,981815,206,206,689,996,465,634,0,206,206,408,408,689,463,463,634,853,830185,251213,251213,229,229,682,408,276,PASS
1024,446679,3,2,1433,311,1016,416,1016,R,1339855,1735363,1339855,1211,1211,1157,196,1388,525,0,935,935,1157,276,1157,525,908,525,359,1148192,646283,646283,451,451,653,312,1121,PASS
1024,447833,3,0,1217,367,1194,22,1194,R,800786,635274,800786,522,522,136,505,577,957,0,658,658,136,1081,136,957,260,957,932,1040250,585377,585377,481,481,548,368,950,PASS
1024,447833,3,1,1621,276,437,437,1183,L,1338946,1338946,1368124,826,826,18,306,204,1335,0,826,826,1603,1603,18,286,286,1335,1508,2499469,1941958,1941958,1198,1198,237,277,22,PASS
1024,447833,3,2,2011,222,1391,619,1391,R,2200034,1065830,2200034,530,530,564,1492,1669,615,0,1094,1094,564,1447,564,615,1396,615,1073,1378608,1520316,1520316,756,756,696,223,717,PASS
1024,448477,3,0,1049,427,554,494,554,R,519255,918924,519255,876,876,668,422,365,628,0,495,495,668,381,668,628,421,628,275,808005,713320,713320,680,680,633,428,1000,PASS
1024,448477,3,1,1069,419,566,502,566,R,777163,394461,777163,369,369,358,584,299,180,0,727,727,358,711,358,180,889,180,13,783590,0,0,0,0,0,420,656,PASS
1024,448477,3,2,1669,268,1185,483,1185,R,485679,2586950,485679,1550,1550,410,529,1653,1654,0,291,291,410,1259,410,1654,15,1654,904,1384505,579143,579143,347,347,1351,269,1274,PASS
1024,451314,3,0,1069,422,196,196,872,L,906512,906512,112245,848,848,326,952,477,317,0,848,848,743,743,326,752,752,317,922,853984,169971,169971,159,159,958,423,728,PASS
1024,451314,3,1,1129,399,843,285,843,R,269831,1196740,269831,1060,1060,308,286,659,609,0,239,239,308,821,308,609,520,609,792,1261885,134351,134351,119,119,107,400,692,PASS
1024,451314,3,2,1499,301,115,115,1383,L,1723850,1723850,1936708,1150,1150,142,1330,756,487,0,1150,1150,1357,1357,142,1012,1012,487,1466,475150,1425549,1425549,951,951,633,302,984,PASS
1024,463149,3,0,1049,441,540,508,540,R,497226,6294,497226,6,6,468,254,190,134,0,474,474,468,581,468,134,915,134,757,506375,905287,905287,863,863,404,442,193,PASS
1024,463149,3,1,1741,266,43,43,1697,L,1041118,1041118,1801935,598,598,437,46,13,880,0,598,598,1304,1304,437,861,861,880,863,610213,543192,543192,312,312,1445,267,1227,PASS
1024,463149,3,2,2011,230,619,619,1391,L,1065830,1065830,2200034,530,530,564,1492,1669,615,0,530,530,1447,1447,564,1396,1396,615,1200,1632121,4024011,4024011,2001,2001,310,231,991,PASS
1024,474739,3,0,1433,331,416,416,1016,L,1735363,1735363,1339855,1211,1211,1157,196,1388,525,0,1211,1211,276,276,1157,908,908,525,623,970764,1464526,1464526,1022,1022,517,332,701,PASS
1024,474739,3,1,1559,304,803,755,803,R,933841,2408655,933841,1545,1545,613,1184,1056,755,0,599,599,613,946,613,755,804,755,814,1944887,1568354,1568354,1006,1006,1178,305,826,PASS
1024,474739,3,2,1949,243,1132,816,1132,R,518434,1627415,518434,835,835,1380,514,13,1527,0,266,266,1380,569,1380,1527,422,1527,1834,3743914,2644793,2644793,1357,1357,1599,244,498,PASS
1024,502306,3,0,1129,444,1030,98,1030,R,1055615,19193,1055615,17,17,918,1011,373,949,0,935,935,918,211,918,949,180,949,1015,325038,339829,339829,301,301,428,445,782,PASS
1024,502306,3,1,1523,329,1239,283,1239,R,734086,1903750,734086,1250,1250,755,968,231,767,0,482,482,755,768,755,767,756,767,1171,747441,1982946,1982946,1302,1302,187,330,794,PASS
1024,502306,3,2,1621,309,1417,203,1417,R,724587,2434742,724587,1502,1502,566,1301,512,1447,0,447,447,566,1055,566,1447,174,1447,694,2346281,2311546,2311546,1426,1426,1343,310,136,PASS
1024,505919,3,0,1523,332,283,283,1239,L,1903750,1903750,734086,1250,1250,755,968,231,767,0,1250,1250,768,768,755,756,756,767,32,2133755,1405729,1405729,923,923,742,333,954,PASS
1024,505919,3,1,1559,324,803,755,803,R,933841,2408655,933841,1545,1545,613,1184,1056,755,0,599,599,613,946,613,755,804,755,1353,1218932,141869,141869,91,91,931,325,29,PASS
1024,505919,3,2,1619,312,791,791,827,L,1495956,1495956,1427958,924,924,1577,590,726,1586,0,924,924,42,42,1577,33,33,1586,1586,79298,178090,178090,110,110,549,313,1415,PASS
1024,513596,3,0,1097,468,200,200,896,L,225982,225982,981815,206,206,689,996,465,634,0,206,206,408,408,689,463,463,634,809,283835,710856,710856,648,648,1058,469,707,PASS
1024,513596,3,1,1129,454,1030,98,1030,R,1055615,19193,1055615,17,17,918,1011,373,949,0,935,935,918,211,918,949,180,949,878,768598,144512,144512,128,128,152,455,982,PASS
1024,513596,3,2,1217,422,22,22,1194,L,635274,635274,800786,522,522,136,505,577,957,0,522,522,1081,1081,136,260,260,957,381,629570,1478655,1478655,1215,1215,147,423,270,PASS
1024,514272,3,0,1499,343,115,115,1383,L,1723850,1723850,1936708,1150,1150,142,1330,756,487,0,1150,1150,1357,1357,142,1012,1012,487,149,586258,2140572,2140572,1428,1428,506,344,889,PASS
1024,514272,3,1,1531,335,1387,143,1387,R,419494,2224543,419494,1453,1453,352,226,1070,1099,0,274,274,352,1179,352,1099,432,1099,187,257395,1166622,1166622,762,762,735,336,33,PASS
1024,514272,3,2,1873,274,1070,802,1070,R,202284,3015530,202284,1610,1610,371,793,1542,1642,0,108,108,371,1502,371,1642,231,1642,477,2313632,3144767,3144767,1679,1679,1287,275,742,PASS
1024,522628,3,0,1129,462,1030,98,1030,R,1055615,19193,1055615,17,17,918,1011,373,949,0,935,935,918,211,918,949,180,949,176,528548,346603,346603,307,307,294,463,460,PASS
1024,522628,3,1,1427,366,346,346,1080,L,871897,871897,1054553,611,611,128,1388,460,1131,0,611,611,1299,1299,128,296,296,1131,583,1621655,1835122,1835122,1286,1286,772,367,1193,PASS
1024,522628,3,2,1433,364,1016,416,1016,R,1339855,1735363,1339855,1211,1211,1157,196,1388,525,0,935,935,1157,276,1157,525,908,525,970,1251979,1355618,1355618,946,946,1160,365,1340,PASS
1024,533933,3,0,1069,499,502,502,566,L,394461,394461,777163,369,369,358,584,299,180,0,369,369,711,711,358,889,889,180,905,143082,738679,738679,691,691,867,500,893,PASS
1024,533933,3,1,1559,342,755,755,803,L,2408655,2408655,933841,1545,1545,613,1184,1056,755,0,1545,1545,946,946,613,804,804,755,1396,1348372,2026700,2026700,1300,1300,828,343,346,PASS
1024,533933,3,2,1873,285,128,128,1744,L,1655732,1655732,1337322,884,884,1703,1287,1098,77,0,884,884,170,170,1703,1796,1796,77,834,903620,683645,683645,365,365,661,286,626,PASS
1024,538631,3,0,1049,513,494,494,554,L,918924,918924,519255,876,876,668,422,365,628,0,876,876,381,381,668,421,421,628,502,254360,483589,483589,461,461,804,514,351,PASS
1024,538631,3,1,1129,477,98,98,1030,L,19193,19193,1055615,17,17,918,1011,373,949,0,17,17,211,211,918,180,180,949,89,223631,543049,543049,481,481,924,478,653,PASS
1024,538631,3,2,1847,291,1154,692,1154,R,210558,2574718,210558,1394,1394,567,804,282,173,0,114,114,567,1280,567,173,1674,173,90,2144457,1616125,1616125,875,875,495,292,1562,PASS
1024,544021,3,0,1217,447,22,22,1194,L,635274,635274,800786,522,522,136,505,577,957,0,522,522,1081,1081,136,260,260,957,1074,1463908,1257161,1257161,1033,1033,137,448,792,PASS
1024,544021,3,1,1499,362,1383,115,1383,R,1936708,1723850,1936708,1150,1150,142,1330,756,487,0,1292,1292,142,1357,142,487,1012,487,1048,1576497,1122751,1122751,749,749,1397,363,79,PASS
1024,544021,3,2,1759,309,490,490,1268,L,2378168,2378168,2028127,1352,1352,1560,892,1445,1532,0,1352,1352,199,199,1560,227,227,1532,425,1678511,2423902,2423902,1378,1378,1236,310,1739,PASS
1024,553594,3,0,1229,450,544,544,684,L,239655,239655,969681,195,195,594,905,557,203,0,195,195,635,635,594,1026,1026,203,705,1112950,999177,999177,813,813,942,451,10,PASS
1024,553594,3,1,1741,317,1697,43,1697,R,1801935,1041118,1801935,598,598,437,46,13,880,0,1035,1035,437,1304,437,880,861,880,906,2253760,2397357,2397357,1377,1377,1506,318,725,PASS
1024,553594,3,2,1759,314,1268,490,1268,R,2028127,2378168,2028127,1352,1352,1560,892,1445,1532,0,1153,1153,1560,199,1560,1532,227,1532,6,2761636,2448528,2448528,1392,1392,41,315,259,PASS
1024,578361,3,0,1087,532,77,77,1009,L,706550,706550,732638,650,650,24,677,184,562,0,650,650,1063,1063,24,525,525,562,1076,138038,743508,743508,684,684,799,533,770,PASS
1024,578361,3,1,1381,418,1103,277,1103,R,1096514,437777,1096514,317,317,477,1099,993,13,0,794,794,477,904,477,13,1368,13,568,405201,506827,506827,367,367,1032,419,776,PASS
1024,578361,3,2,1447,399,1008,438,1008,R,1096826,1829008,1096826,1264,1264,941,594,7,1071,0,758,758,941,506,941,1071,376,1071,1156,1322267,1263231,1263231,873,873,1295,400,688,PASS
1024,594278,3,0,1049,566,544,504,544,R,9441,630449,9441,601,601,457,581,252,333,0,9,9,457,592,457,333,716,333,379,173464,1012285,1012285,965,965,834,567,690,PASS
1024,594278,3,1,1433,414,1016,416,1016,R,1339855,1735363,1339855,1211,1211,1157,196,1388,525,0,935,935,1157,276,1157,525,908,525,608,1513856,487220,487220,340,340,1347,415,1257,PASS
1024,594278,3,2,1447,410,1008,438,1008,R,1096826,1829008,1096826,1264,1264,941,594,7,1071,0,758,758,941,506,941,1071,376,1071,53,513738,44857,44857,31,31,1430,411,977,PASS
1024,597526,3,0,1129,529,285,285,843,L,1196740,1196740,269831,1060,1060,308,286,659,609,0,1060,1060,821,821,308,520,520,609,330,611119,987875,987875,875,875,986,530,687,PASS
1024,597526,3,1,1489,401,437,437,1051,L,661116,661116,842774,444,444,122,1103,76,316,0,444,444,1367,1367,122,1173,1173,316,726,2068947,692385,692385,465,465,643,402,1487,PASS
1024,597526,3,2,1949,306,1132,816,1132,R,518434,1627415,518434,835,835,1380,514,13,1527,0,266,266,1380,569,1380,1527,422,1527,1251,1854750,2268636,2268636,1164,1164,1610,307,543,PASS
1024,634606,3,0,1709,371,567,567,1141,L,1845720,1845720,1109141,1080,1080,1278,637,879,442,0,1080,1080,431,431,1278,1267,1267,442,1626,2279723,2132832,2132832,1248,1248,560,372,3,PASS
1024,634606,3,1,1723,368,542,542,1180,L,2319158,2319158,2949776,1346,1346,366,1300,396,1270,0,1346,1346,1357,1357,366,453,453,1270,548,2633292,1747122,1747122,1014,1014,242,369,691,PASS
1024,634606,3,2,1931,328,1238,692,1238,R,994465,3721037,994465,1927,1927,519,1547,1227,587,0,515,515,519,1412,519,587,1344,587,1046,344764,2396371,2396371,1241,1241,213,329,27,PASS
1024,676110,3,0,1049,644,554,494,554,R,519255,918924,519255,876,876,668,422,365,628,0,495,495,668,381,668,628,421,628,955,503426,553872,553872,528,528,220,645,258,PASS
1024,676110,3,1,1069,632,502,502,566,L,394461,394461,777163,369,369,358,584,299,180,0,369,369,711,711,358,889,889,180,524,417434,253353,253353,237,237,1009,633,943,PASS
1024,676110,3,2,2011,336,414,414,1596,L,1278996,1278996,199089,636,636,1474,1576,373,1402,0,636,636,537,537,1474,609,609,1402,1912,359870,647542,647542,322,322,309,337,1674,PASS
1024,683888,3,0,1117,612,284,284,832,L,511586,511586,1186254,458,458,604,689,975,959,0,458,458,513,513,604,158,158,959,740,28665,943865,943865,845,845,1055,613,669,PASS
1024,683888,3,1,1129,605,843,285,843,R,269831,1196740,269831,1060,1060,308,286,659,609,0,239,239,308,821,308,609,520,609,379,403432,885136,885136,784,784,1037,606,906,PASS
1024,683888,3,2,1489,459,437,437,1051,L,661116,661116,842774,444,444,122,1103,76,316,0,444,444,1367,1367,122,1173,1173,316,1437,1737611,220372,220372,148,148,1018,460,381,PASS
1024,713864,3,0,1049,680,544,504,544,R,9441,630449,9441,601,601,457,581,252,333,0,9,9,457,592,457,333,716,333,505,839705,631498,631498,602,602,317,681,886,PASS
1024,713864,3,1,1487,480,104,104,1382,L,1064692,1064692,1925665,716,716,579,451,1360,1241,0,716,716,908,908,579,246,246,1241,810,1801567,405951,405951,273,273,693,481,229,PASS
1024,713864,3,2,1723,414,542,542,1180,L,2319158,2319158,2949776,1346,1346,366,1300,396,1270,0,1346,1346,1357,1357,366,453,453,1270,1434,1603824,1369785,1369785,795,795,47,415,1647,PASS
1024,716629,3,0,1129,634,843,285,843,R,269831,1196740,269831,1060,1060,308,286,659,609,0,239,239,308,821,308,609,520,609,663,253559,1179805,1179805,1045,1045,655,635,232,PASS
1024,716629,3,1,1487,481,1382,104,1382,R,1925665,1064692,1925665,716,716,579,451,1360,1241,0,1295,1295,579,908,579,1241,246,1241,1219,750667,233459,233459,157,157,1428,482,1078,PASS
1024,716629,3,2,1831,391,708,708,1122,L,1083952,1083952,3270166,592,592,1194,725,1751,383,0,592,592,637,637,1194,1448,1448,383,1750,488796,1860296,1860296,1016,1016,605,392,841,PASS
1024,732895,3,0,1499,488,1383,115,1383,R,1936708,1723850,1936708,1150,1150,142,1330,756,487,0,1292,1292,142,1357,142,487,1012,487,426,1586368,821452,821452,548,548,866,489,1493,PASS
1024,732895,3,1,1621,452,203,203,1417,L,2434742,2434742,724587,1502,1502,566,1301,512,1447,0,1502,1502,1055,1055,566,174,174,1447,344,2114128,1155773,1155773,713,713,1482,453,942,PASS
1024,732895,3,2,1823,402,49,49,1773,L,865925,865925,1400064,475,475,293,1786,1416,1618,0,475,475,1530,1530,293,205,205,1618,333,1354822,918792,918792,504,504,282,403,900,PASS
1024,767845,3,0,1193,643,746,446,746,R,659729,408006,659729,342,342,211,425,158,837,0,553,553,211,982,211,837,356,837,413,244978,776643,776643,651,651,824,644,293,PASS
1024,767845,3,1,1867,411,508,508,1358,L,2358021,2358021,59744,1263,1263,636,1781,1353,1382,0,1263,1263,1231,1231,636,485,485,1382,204,476289,888692,888692,476,476,776,412,159,PASS
1024,767845,3,2,1931,397,1238,692,1238,R,994465,3721037,994465,1927,1927,519,1547,1227,587,0,515,515,519,1412,519,587,1344,587,1670,273941,3634142,3634142,1882,1882,1031,398,800,PASS
1024,770605,3,0,1087,708,1009,77,1009,R,732638,706550,732638,650,650,24,677,184,562,0,674,674,24,1063,24,562,525,562,218,853513,1123958,1123958,1034,1034,480,709,770,PASS
1024,770605,3,1,1259,612,97,97,1161,L,1575009,1575009,834717,1251,1251,671,736,260,225,0,1251,1251,588,588,671,1034,1034,225,812,788946,380218,380218,302,302,257,613,1062,PASS
1024,770605,3,2,1873,411,802,802,1070,L,3015530,3015530,202284,1610,1610,371,793,1542,1642,0,1610,1610,1502,1502,371,231,231,1642,1363,484597,2566010,2566010,1370,1370,1126,412,1792,PASS
1024,775221,3,0,1069,725,196,196,872,L,906512,906512,112245,848,848,326,952,477,317,0,848,848,743,743,326,752,752,317,185,106016,314286,314286,294,294,299,726,523,PASS
1024,775221,3,1,1201,645,576,576,624,L,1067689,1067689,1312693,889,889,204,439,199,378,0,889,889,997,997,204,823,823,378,1126,1137272,557264,557264,464,464,12,646,827,PASS
1024,775221,3,2,1831,423,708,708,1122,L,1083952,1083952,3270166,592,592,1194,725,1751,383,0,592,592,637,637,1194,1448,1448,383,1255,616471,939303,939303,513,513,574,424,1113,PASS
1024,776660,3,0,1069,726,566,502,566,R,777163,394461,777163,369,369,358,584,299,180,0,727,727,358,711,358,180,889,180,525,25112,327114,327114,306,306,978,727,784,PASS
1024,776660,3,1,1907,407,511,511,1395,L,1289132,1289132,3508880,676,676,1164,246,964,1028,0,676,676,743,743,1164,879,879,1028,749,3236928,2124398,2124398,1114,1114,1803,408,608,PASS
1024,776660,3,2,2011,386,414,414,1596,L,1278996,1278996,199089,636,636,1474,1576,373,1402,0,636,636,537,537,1474,609,609,1402,456,1565014,4022,4022,2,2,564,387,1704,PASS
1024,797969,3,0,1453,549,272,272,1180,L,382139,382139,1246674,263,263,595,333,1000,953,0,263,263,858,858,595,500,500,953,525,1391046,1233597,1233597,849,849,68,550,352,PASS
1024,797969,3,1,1621,492,437,437,1183,L,1338946,1338946,1368124,826,826,18,306,204,1335,0,826,826,1603,1603,18,286,286,1335,750,122325,1841456,1841456,1136,1136,1042,493,52,PASS
1024,797969,3,2,1847,432,65,65,1781,L,2650445,2650445,2502685,1435,1435,1767,642,1317,184,0,1435,1435,80,80,1767,1663,1663,184,425,3212358,1885787,1885787,1021,1021,1161,433,1148,PASS
1024,834884,3,0,1217,686,22,22,1194,L,635274,635274,800786,522,522,136,505,577,957,0,522,522,1081,1081,136,260,260,957,400,324122,463677,463677,381,381,596,687,559,PASS
1024,834884,3,1,1823,457,1773,49,1773,R,1400064,865925,1400064,475,475,293,1786,1416,1618,0,768,768,293,1530,293,1618,205,1618,1623,1968640,1868575,1868575,1025,1025,465,458,436,PASS
1024,834884,3,2,1931,432,692,692,1238,L,3721037,3721037,994465,1927,1927,519,1547,1227,587,0,1927,1927,1412,1412,519,1344,1344,587,706,2331423,102343,102343,53,53,1604,433,1882,PASS
1024,842502,3,0,1087,775,77,77,1009,L,706550,706550,732638,650,650,24,677,184,562,0,650,650,1063,1063,24,525,525,562,691,973556,333709,333709,307,307,214,776,642,PASS
1024,842502,3,1,1117,754,284,284,832,L,511586,511586,1186254,458,458,604,689,975,959,0,458,458,513,513,604,158,158,959,862,1038555,487012,487012,436,436,855,755,887,PASS
1024,842502,3,2,1523,553,283,283,1239,L,1903750,1903750,734086,1250,1250,755,968,231,767,0,1250,1250,768,768,755,756,756,767,1281,1216635,519343,519343,341,341,883,554,99,PASS
1024,867698,3,0,1201,722,576,576,624,L,1067689,1067689,1312693,889,889,204,439,199,378,0,889,889,997,997,204,823,823,378,789,1206593,1161367,1161367,967,967,1050,723,679,PASS
1024,867698,3,1,1217,712,1194,22,1194,R,800786,635274,800786,522,522,136,505,577,957,0,658,658,136,1081,136,957,260,957,874,196811,534263,534263,439,439,1201,713,1135,PASS
1024,867698,3,2,1823,475,1773,49,1773,R,1400064,865925,1400064,475,475,293,1786,1416,1618,0,768,768,293,1530,293,1618,205,1618,89,1762930,348193,348193,191,191,389,476,1764,PASS
1024,869166,3,0,1453,598,272,272,1180,L,382139,382139,1246674,263,263,595,333,1000,953,0,263,263,858,858,595,500,500,953,479,1359034,828210,828210,570,570,1206,599,432,PASS
1024,869166,3,1,1559,557,803,755,803,R,933841,2408655,933841,1545,1545,613,1184,1056,755,0,599,599,613,946,613,755,804,755,860,2425105,1124039,1124039,721,721,181,558,619,PASS
1024,869166,3,2,2011,432,414,414,1596,L,1278996,1278996,199089,636,636,1474,1576,373,1402,0,636,636,537,537,1474,609,609,1402,1153,3558612,3577569,3577569,1779,1779,939,433,1559,PASS
1024,870816,3,0,1229,708,684,544,684,R,969681,239655,969681,195,195,594,905,557,203,0,789,789,594,635,594,203,1026,203,783,134744,1142970,1142970,930,930,293,709,819,PASS
1024,870816,3,1,1427,610,346,346,1080,L,871897,871897,1054553,611,611,128,1388,460,1131,0,611,611,1299,1299,128,296,296,1131,331,1433039,1357077,1357077,951,951,744,611,711,PASS
1024,870816,3,2,1873,464,1744,128,1744,R,1337322,1655732,1337322,884,884,1703,1287,1098,77,0,714,714,1703,170,1703,77,1796,77,847,2137940,378346,378346,202,202,217,465,602,PASS
1024,900586,3,0,1049,858,544,504,544,R,9441,630449,9441,601,601,457,581,252,333,0,9,9,457,592,457,333,716,333,531,238654,211898,211898,202,202,542,859,628,PASS
1024,900586,3,1,1117,806,284,284,832,L,511586,511586,1186254,458,458,604,689,975,959,0,458,458,513,513,604,158,158,959,319,878281,609882,609882,546,546,338,807,779,PASS
1024,900586,3,2,1723,522,1180,542,1180,R,2949776,2319158,2949776,1346,1346,366,1300,396,1270,0,1712,1712,366,1357,366,1270,453,1270,951,1991016,2932546,2932546,1702,1702,831,523,236,PASS
1024,930394,3,0,1087,855,1009,77,1009,R,732638,706550,732638,650,650,24,677,184,562,0,674,674,24,1063,24,562,525,562,949,22689,375015,375015,345,345,198,856,1052,PASS
1024,930394,3,1,1129,824,98,98,1030,L,19193,19193,1055615,17,17,918,1011,373,949,0,17,17,211,211,918,180,180,949,500,245493,819654,819654,726,726,721,825,1098,PASS
1024,930394,3,2,1933,481,621,621,1311,L,3595380,3595380,682349,1860,1860,426,969,744,557,0,1860,1860,1507,1507,426,1376,1376,557,977,2954601,224228,224228,116,116,433,482,856,PASS
1024,943882,3,0,1447,652,438,438,1008,L,1829008,1829008,1096826,1264,1264,941,594,7,1071,0,1264,1264,506,506,941,376,376,1071,892,1200455,1516456,1516456,1048,1048,1059,653,475,PASS
1024,943882,3,1,1831,515,917,913,917,R,1750436,2145932,1750436,1172,1172,1615,876,712,75,0,956,956,1615,216,1615,75,1756,75,1733,2925840,2325370,2325370,1270,1270,1034,516,499,PASS
1024,943882,3,2,1847,511,65,65,1781,L,2650445,2650445,2502685,1435,1435,1767,642,1317,184,0,1435,1435,80,80,1767,1663,1663,184,1404,3163468,2779735,2779735,1505,1505,1156,512,119,PASS
1024,951202,3,0,1087,875,77,77,1009,L,706550,706550,732638,650,650,24,677,184,562,0,650,650,1063,1063,24,525,525,562,80,1029469,354362,354362,326,326,206,876,131,PASS
1024,951202,3,1,1709,556,998,710,998,R,931405,1679947,931405,983,983,1271,1240,570,471,0,545,545,1271,438,1271,471,1238,471,326,1189790,2394309,2394309,1401,1401,1174,557,261,PASS
1024,951202,3,2,1831,519,913,913,917,L,2145932,2145932,1750436,1172,1172,1615,876,712,75,0,1172,1172,216,216,1615,1756,1756,75,1287,816082,294791,294791,161,161,529,520,789,PASS
1024,953361,3,0,1433,665,416,416,1016,L,1735363,1735363,1339855,1211,1211,1157,196,1388,525,0,1211,1211,276,276,1157,908,908,525,521,841692,947213,947213,661,661,347,666,203,PASS
1024,953361,3,1,1657,575,586,586,1070,L,1771333,1771333,2306544,1069,1069,323,1255,1609,94,0,1069,1069,1334,1334,323,1563,1563,94,880,1258543,2313172,2313172,1396,1396,1027,576,441,PASS
1024,953361,3,2,1723,553,542,542,1180,L,2319158,2319158,2949776,1346,1346,366,1300,396,1270,0,1346,1346,1357,1357,366,453,453,1270,1535,1049119,559975,559975,325,325,431,554,884,PASS
1024,954011,3,0,1447,659,438,438,1008,L,1829008,1829008,1096826,1264,1264,941,594,7,1071,0,1264,1264,506,506,941,376,376,1071,1233,18597,1720483,1720483,1189,1189,935,660,1148,PASS
1024,954011,3,1,1489,640,1051,437,1051,R,842774,661116,842774,444,444,122,1103,76,316,0,566,566,122,1367,122,316,1173,316,1412,126488,31269,31269,21,21,567,641,807,PASS
1024,954011,3,2,1907,500,511,511,1395,L,1289132,1289132,3508880,676,676,1164,246,964,1028,0,676,676,743,743,1164,879,879,1028,648,1428991,2465751,2465751,1293,1293,1889,501,1857,PASS
1024,961456,3,0,1489,645,1051,437,1051,R,842774,661116,842774,444,444,122,1103,76,316,0,566,566,122,1367,122,316,1173,316,126,1618669,1521758,1521758,1022,1022,792,646,1239,PASS
1024,961456,3,1,1621,593,203,203,1417,L,2434742,2434742,724587,1502,1502,566,1301,512,1447,0,1502,1502,1055,1055,566,174,174,1447,136,1650314,1001778,1001778,618,618,1305,594,1022,PASS
1024,961456,3,2,1709,562,998,710,998,R,931405,1679947,931405,983,983,1271,1240,570,471,0,545,545,1271,438,1271,471,1238,471,371,2059716,837410,837410,490,490,152,563,872,PASS
1024,990684,3,0,1427,694,346,346,1080,L,871897,871897,1054553,611,611,128,1388,460,1131,0,611,611,1299,1299,128,296,296,1131,1145,623317,5708,5708,4,4,1061,695,622,PASS
1024,990684,3,1,1847,536,692,692,1154,L,2574718,2574718,210558,1394,1394,567,804,282,173,0,1394,1394,1280,1280,567,1674,1674,173,793,2952299,1516387,1516387,821,821,1446,537,899,PASS
1024,990684,3,2,1951,507,1527,423,1527,R,3486437,421416,3486437,216,216,1571,606,1198,566,0,1787,1787,1571,380,1571,566,1385,566,1161,303566,1525682,1525682,782,782,1772,508,1051,PASS
1024,1032151,3,0,1069,965,566,502,566,R,777163,394461,777163,369,369,358,584,299,180,0,727,727,358,711,358,180,889,180,517,434531,117590,117590,110,110,121,966,487,PASS
1024,1032151,3,1,1153,895,216,216,936,L,31131,31131,377031,27,27,300,345,1123,51,0,27,27,853,853,300,1102,1102,51,402,1245642,483107,483107,419,419,175,896,45,PASS
1024,1032151,3,2,1873,551,128,128,1744,L,1655732,1655732,1337322,884,884,1703,1287,1098,77,0,884,884,170,170,1703,1796,1796,77,701,2875756,1179990,1179990,630,630,1808,552,808,PASS
1024,1039094,3,0,1087,955,1009,77,1009,R,732638,706550,732638,650,650,24,677,184,562,0,674,674,24,1063,24,562,525,562,294,1040553,531543,531543,489,489,309,956,423,PASS
1024,1039094,3,1,1117,930,284,284,832,L,511586,511586,1186254,458,458,604,689,975,959,0,458,458,513,513,604,158,158,959,44,393228,251325,251325,225,225,618,931,129,PASS
1024,1039094,3,2,1831,567,917,913,917,R,1750436,2145932,1750436,1172,1172,1615,876,712,75,0,956,956,1615,216,1615,75,1756,75,297,875515,1078459,1078459,589,589,889,568,1326,PASS
