q	t	sign	prime	exponent
15061	8555	+	19	1
15083	4710	+	11	1
15101	575	-	11	1
15107	1213	+	11	1
15107	1213	+	19	1
15107	13893	+	19	1
15173	348	-	17	1
15173	14824	+	19	1
15173	14824	-	17	1
15199	7543	+	41	1
15217	7145	+	19	1
15217	7145	-	17	1
15217	7145	-	31	1
15217	8071	-	41	1
15217	8071	-	61	1
15307	3921	+	11	1
15307	3921	-	73	1
15307	11385	-	17	1
15329	6643	-	17	1
15329	8685	-	17	1
15349	1025	+	19	1
15349	14323	+	11	1
15349	14323	-	11	1
15349	14323	-	17	1
15373	488	-	61	1
15377	8998	-	17	1
15383	6590	-	17	1
15383	8792	-	11	1
15383	8792	-	17	1
15413	2081	+	11	1
15413	2081	+	41	1
15413	2081	-	17	1
15413	13331	+	11	1
15413	13331	-	19	1
15439	2185	+	2543	1
15439	2185	-	11	1
15439	13253	-	31	1
15443	13140	+	11	1
15467	3666	-	11	1
15467	11800	+	11	1
15467	11800	-	31	1
15551	1926	+	41	1
15551	3953	+	31	1
15551	3953	-	17	1
15551	11597	-	17	1
15551	13624	+	31	1
15559	1607	+	11	1
15559	1607	-	11	1
15569	2875	-	73	1
15569	8619	-	17	1
15569	12693	+	19	1
15581	5401	-	17	1
15607	7404	+	73	1
15607	8202	+	11	1
15607	8202	-	11	1
15619	1319	-	37	1
15641	7705	-	17	1
15641	7935	-	11	1
15641	7935	-	31	1
15643	669	+	11	1
15643	14973	+	19	1
15647	7687	-	17	1
15647	7959	-	11	1
15647	7959	-	17	1
15649	6311	+	31	1
15649	6311	-	19	1
15649	6311	-	31	1
15649	6311	-	61	1
15671	15607	+	11	1
15671	15607	-	11	1
15683	1282	+	41	1
15683	13280	+	19	1
15683	13280	-	19	1
15683	14400	+	19	2
15683	14400	+	59	1
15683	14400	-	19	1
15727	5804	-	19	1
15727	9922	+	193	1
15727	9922	-	17	1
15727	9922	-	193	1
15737	4123	-	17	1
15737	8138	+	31	1
15737	11613	+	19	1
15737	11613	-	19	1
15797	6949	-	17	1
15797	6949	-	41	1
15797	8410	+	11	1
15797	8410	-	11	1
15803	6980	-	17	1
15803	8822	-	11	1
15823	7047	-	17	1
15823	8775	-	11	1
15859	6436	+	31	1
15877	6407	-	17	1
15889	5869	+	61	1
15889	6993	+	11	1
15889	6993	+	19	1
15889	6993	-	11	1
15889	6993	-	17	1
15889	8895	-	17	1
15907	6430	+	11	1
15907	6430	-	11	1
15907	6430	-	17	1
15907	10668	+	19	1
15913	97	+	11	1
15919	1204	-	19	1
15919	14714	-	11	1
15973	12350	+	41	1
16057	68	-	17	1
16067	7518	+	31	1
16067	7518	-	31	1
16069	4263	+	11	1
16087	639	-	17	2
16087	639	-	251	1
16087	15447	-	17	1
16087	15447	-	59	1
16091	2247	-	11	1
16091	2247	-	17	1
16091	13843	+	11	1
16103	6070	+	19	1
16103	6070	-	19	1
16103	8767	-	11	1
16103	10032	+	19	1
16187	5275	-	17	1
16187	7040	+	19	1
16231	5507	+	19	1
16231	5507	-	17	1
16231	5507	-	19	1
16231	10723	+	19	1
16231	10723	-	11	1
16253	8868	-	11	1
16253	8868	-	59	1
16301	3928	+	19	1
16301	3928	-	17	1
16301	12372	-	11	1
16333	7250	+	19	1
16339	668	-	17	1
16339	668	-	61	1
16339	15670	+	19	1
16349	6807	+	11	1
16349	7882	+	19	2
16349	7882	-	19	1
16349	7882	-	31	1
16349	8466	+	19	1
16361	1433	+	11	1
16361	1433	-	17	2
16363	11296	+	11	1
16381	2791	-	17	1
16381	2791	-	73	1
16381	13589	+	61	1
16381	13589	-	17	1
16421	1340	+	19	1
16421	1340	-	17	1
16421	1340	-	73	1
16421	12320	-	31	1
16421	15080	+	31	1
16421	15080	-	19	1
16427	13313	+	61	1
16427	13313	-	17	1
16447	12665	+	61	1
16447	12665	-	19	1
16451	844	-	17	1
16451	3425	+	31	1
16451	3425	-	17	1
16451	3867	-	17	1
16451	8159	-	31	1
16451	8291	+	19	1
16451	8291	-	17	1
16451	8291	-	19	1
16451	15606	-	19	1
16477	2086	-	17	1
16493	6499	+	31	1
16493	6499	+	41	1
16493	6499	-	41	1
16529	6234	-	31	1
16529	10294	+	11	1
16529	10294	-	11	1
16553	2463	+	31	1
16553	2463	-	17	1
16607	380	-	17	1
16619	4868	+	11	1
16631	756	+	11	1
16631	756	-	17	1
16649	2263	-	17	2
16649	4277	+	19	1
16649	4277	-	17	1
16649	14385	+	37	1
16691	6693	-	19	1
16691	8585	-	17	1
16691	9997	-	11	1
16693	6629	+	11	1
16693	6629	-	19	1
16921	4295	-	11	1
16931	3051	-	41	1
16943	2394	+	19	1
16943	2394	-	17	1
16993	13636	-	31	1
17077	6962	+	11	1
17077	6962	-	11	1
17107	4997	+	61	1
17107	12109	+	379	1
17117	4241	+	181	1
17117	12875	+	31	1
17117	16467	-	11	1
17137	3244	+	19	1
17137	3244	-	17	1
17137	3244	-	37	1
17137	3244	-	73	1
17183	4327	+	61	1
17183	4327	+	139	1
17189	2646	+	19	1
17191	1526	+	41	1
17191	1526	-	17	2
17191	15664	-	17	1
17203	6523	+	11	1
17231	4870	+	11	1
17231	4870	-	73	1
17239	5917	+	11	1
17239	5917	-	11	1
17239	5917	-	73	1
17239	10396	-	11	1
17293	15309	+	11	1
17293	15309	-	11	1
17317	5573	-	17	1
17321	6523	-	17	1
17327	6424	+	11	1
17333	4856	+	37	1
17333	4856	-	19	1
17333	12476	-	11	1
17341	4190	+	11	1
17341	4190	-	11	1
17341	13150	+	37	1
17389	8339	+	19	1
17393	8523	-	19	1
17419	4768	-	11	1
17449	7330	-	17	1
17449	10118	-	11	1
17483	194	+	11	1
17483	17288	-	19	1
17497	7072	-	17	1
17497	10424	-	11	1
17509	562	+	19	1
17509	562	-	19	1
17509	3640	-	17	1
17509	3640	-	73	1
17509	13868	+	19	1
17509	13868	+	41	1
17509	13868	-	19	1
17569	9914	+	31	1
17569	13597	-	17	1
17573	3517	-	17	1
17573	14055	+	41	1
17573	14055	+	271	1
17581	10924	-	11	1
17581	10924	-	19	1
17609	2665	-	17	1
17623	1459	+	11	1
17623	1459	-	17	1
17623	7184	+	19	1
17623	10438	-	11	1
17729	8707	-	17	1
17729	9021	-	11	1
17747	2605	+	19	1
17747	2605	-	17	1
17747	3077	+	11	1
17789	3693	-	11	1
17789	14095	+	11	1
17789	14095	-	11	1
17789	14095	-	19	1
17827	7822	-	31	1
17827	10004	-	31	1
17851	5830	+	19	1
17851	12020	-	17	1
17863	3992	+	11	1
17863	3992	-	379	1
17863	13967	-	17	1
17903	6226	+	37	1
17903	6226	-	19	1
17903	6226	-	37	1
17903	11676	+	11	1
17903	11676	+	41	1
17903	11676	-	11	1
17911	6433	+	11	1
17929	13101	+	11	1
17929	13101	-	41	1
17929	13200	+	19	2
17939	13213	-	41	1
17939	14213	+	19	1
17939	14213	-	19	1
17959	3867	-	11	1
17959	14091	+	11	1
17959	14091	-	17	1
18097	14292	+	11	1
18119	1098	-	31	1
18119	17020	+	11	1
18211	10873	+	41	1
18217	11421	-	41	2
18311	10123	+	41	1
18341	3114	+	19	1
18353	17179	+	11	1
18353	17179	+	19	1
18397	875	+	11	1
18397	3718	+	499	1
18397	3718	-	17	2
18397	3718	-	31	1
18397	14678	+	11	1
18397	14678	-	19	1
18427	1080	-	17	1
18433	17719	+	11	1
18433	17719	+	31	1
18433	17719	+	37	1
18433	17719	-	11	1
18433	17719	-	19	1
18433	17719	-	37	1
18481	3143	-	17	1
18481	15337	+	31	1
18481	15337	-	31	1
18503	2845	+	41	1
18503	15657	+	19	1
18517	17053	+	11	1
18553	9133	-	41	1
18553	9419	+	19	1
18617	6106	+	19	1
18617	6106	-	19	1
18617	12510	+	11	1
18617	12510	+	193	1
18617	12510	-	11	1
18617	12510	-	17	1
18661	5652	+	19	1
18661	5652	-	41	1
18661	5922	-	19	1
18661	6357	+	19	1
18661	6357	-	19	1
18661	12303	+	11	1
18661	12303	-	11	1
18661	12738	+	11	1
18661	12738	+	31	1
18661	13008	+	11	1
18679	2655	-	17	2
18701	18402	+	11	1
18701	18402	-	11	1
18731	9061	+	41	1
18731	9061	-	17	1
18731	9061	-	41	1
18757	8648	+	19	1
18859	130	-	17	2
18859	18728	+	31	1
18911	4063	-	19	1
18917	1167	-	17	1
18917	3361	-	17	1
18917	15555	+	11	1
18917	15555	-	11	1
18917	17749	-	19	1
18947	18224	+	11	1
18947	18224	+	31	1
18947	18224	-	11	1
18959	15346	+	181	1
18959	15346	-	181	1
19013	13453	+	31	1
19013	13453	+	37	1
19013	14211	+	37	1
19031	3569	-	17	1
19031	5109	-	19	1
19031	13921	+	37	1
19031	15461	+	11	1
19031	15461	+	19	1
19031	15461	-	11	1
19031	16466	+	11	1
19081	18363	-	37	1
19081	18363	-	59	1
19121	12606	+	31	1
19139	4109	+	59	1
19139	4109	-	17	1
19163	1831	-	17	2
19163	1831	-	19	1
19163	17331	+	11	1
19163	17331	-	11	1
19213	7013	+	97	1
19213	7013	-	41	1
19213	12199	+	11	1
19213	12199	+	31	1
19213	12199	-	11	1
19213	12261	+	11	1
19213	12261	+	31	1
19213	12261	-	11	1
19259	14066	+	61	1
19267	6178	+	11	1
19273	9457	+	11	1
19273	9815	-	1973	1
19333	7287	+	31	1
19333	12045	+	61	1
19333	12045	+	73	1
19379	6486	-	73	1
19379	12892	+	11	1
19381	19003	+	97	1
19381	19003	-	17	1
19387	8029	+	11	1
19387	8029	-	11	1
19387	8029	-	19	1
19387	11357	+	31	1
19387	11357	-	17	1
19387	11357	-	31	1
19417	9369	-	17	1
19417	10047	+	11	1
19417	10047	+	19	1
19423	6726	+	31	1
19423	12696	+	97	1
19429	5848	+	59	1
19429	13580	+	19	1
19433	2489	+	11	1
19433	5643	+	31	1
19433	16943	+	19	1
19441	3934	+	11	1
19441	3934	-	17	1
19463	9710	+	19	1
19463	9710	+	31	1
19463	9710	-	19	1
19463	9752	+	19	1
19463	9752	-	17	1
19469	17986	+	31	1
19471	7828	+	11	1
19471	7828	+	31	1
19471	11642	+	11	1
19471	11642	-	11	1
19477	4073	+	11	1
19489	8664	-	19	1
19489	10824	+	31	1
19489	14992	+	31	1
19489	14992	-	19	1
19501	4452	+	19	1
19507	1622	-	41	1
19507	1622	-	193	1
19553	521	+	11	1
19553	521	+	31	1
19553	10858	+	31	1
19553	10858	-	17	1
19553	19031	-	17	1
19571	7562	+	11	1
19577	1664	+	11	1
19577	1664	-	11	1
19577	1664	-	17	1
19577	5941	+	11	1
19577	13635	+	11	1
19577	13635	-	11	1
19583	1454	-	17	2
19583	6933	+	11	2
19583	6933	-	11	2
19597	3576	-	17	1
19603	5012	+	11	1
19661	9281	+	31	1
19681	1332	-	17	1
19681	1332	-	41	1
19681	5742	+	11	1
19681	5742	-	11	1
19681	5742	-	17	1
19681	18348	+	11	1
19687	1492	+	19	1
19687	1492	-	41	1
19687	18194	-	19	1
19697	8765	+	19	1
19697	8765	+	31	1
19697	10931	+	19	1
19699	5504	+	31	1
19699	14194	-	11	1
19699	14194	-	41	1
19717	5875	+	11	1
19717	5875	+	31	1
19739	3873	+	31	1
19739	3873	-	17	1
19751	7163	+	11	1
19751	7163	-	11	1
19751	12587	+	11	1
19751	12587	+	61	1
19751	12587	-	11	1
19751	12587	-	61	1
19801	1201	+	19	1
19843	4833	+	11	1
19843	4833	-	11	1
19843	4833	-	17	1
19853	6750	+	31	1
19861	3038	+	11	1
19861	16822	+	31	1
19891	3070	-	59	1
19913	1304	+	19	1
19913	1304	-	19	1
19913	2022	+	11	1
19913	2022	+	19	1
19913	2022	-	19	1
19919	1239	+	19	1
19919	1239	+	31	1
19927	3314	+	11	1
19927	3314	+	193	1
19927	3314	-	11	1
19927	3314	-	17	2
19927	4362	+	11	1
19927	4362	-	17	2
19927	15564	+	11	1
19927	16612	+	11	1
19927	16612	+	31	1
19927	16612	-	11	1
19927	16612	-	163	1
19937	5201	+	11	1
19937	5201	+	97	1
19937	14735	+	19	1
19949	593	-	17	1
