X,set_label,p,q,r,M,rank,k,conjugate_k,a_mod_p,b_mod_q,c_mod_r,pair_contribution,abs_pair_contribution,hp_80_140_delta,cumulative_signed,cumulative_over_C,unseen_single_mode_bound,ranking_inclusion_margin,ranking_certified_tolerance
32,actual,37,41,61,92537,1,8,92529,34,4,60,-0.129702973748362794131316660914605283995051918,0.129702973748362787587140587675094138830900192,6.425134e-81,-0.129702973748362787587140587675094138830900192,1.371380722320869161023893,0.039480422166330721,0.00033031846624492072761,1
32,actual,37,41,61,92537,2,3,92534,22,22,53,0.0817540971035648950993075877484298354463233401,0.0817540971035648905695936150550551246851682663,3.2244145e-81,-0.0479488766447978900786530687128106364980340004,0.5069749997805830243891023,0.039480422166330721,0.00033031846624492072761,1
32,actual,37,41,61,92537,3,12,92525,14,6,29,-0.0707960989158455442778290840071374692254583223,0.0707960989158455400449554417718900367617607117,1.960733e-80,-0.118744975560643437062502414391929050907492638,1.255519173155308587652712,0.039480422166330721,0.00033031846624492072761,1
32,actual,37,41,61,92537,4,7,92530,2,24,22,0.0696491741558341297150575340154116573280308326,0.0696491741558341315165847618118277750909328461,1.2973585e-80,-0.0490958014048093055459176525801012758165597916,0.5191017109914121130387343,0.039480422166330721,0.00033031846624492072761,1
32,actual,37,41,61,92537,5,15,92522,36,28,21,-0.0657827702222755761498926208486458142007855133,0.0657827702222755772432094545365544036030769348,1.6158528e-80,-0.114878571627084882789127107116655679419636726,1.214638754873806458789431,0.039480422166330721,0.00033031846624492072761,1
32,actual,37,41,61,92537,6,25,92512,23,33,35,0.0601631719983015675401695947196796581608318835,0.0601631719983015678110405133338645100593566895,3.6977985e-80,-0.0547153996287833149780865937827911693602800369,0.5785190739772304580057494,0.039480422166330721,0.00033031846624492072761,1
32,actual,37,41,61,92537,7,5,92532,12,23,7,-0.0599448884734155543960568479287084346104620212,0.0599448884734155515441322847891569836065173149,5.3203738e-82,-0.114660288102198873461112782479176530614495277,1.212330790689348347655141,0.039480422166330721,0.00033031846624492072761,1
32,actual,37,41,61,92537,8,33,92504,20,37,34,-0.0552325454511120676495686873017587239964835451,0.0552325454511120653156019955076772021129727364,3.8879425e-80,-0.169892833553310945715608681894082110375165939,1.796317771769051052643817,0.039480422166330721,0.00033031846624492072761,1
32,actual,37,41,61,92537,9,11,92526,19,26,52,-0.0446915977089147215059245185122388367688318554,0.0446915977089147181677830644730420317500829697,1.1906945e-82,-0.21458443126222567776117955418158089742064476,2.268852778303539263760058,0.039480422166330721,0.00033031846624492072761,1
32,actual,37,41,61,92537,10,16,92521,31,8,59,0.0428229464168128591504591486272366434962299721,0.0428229464168128556855741351228061830624938011,5.4391845e-81,-0.171761484845412815136711515151546336710453033,1.816075471108314021151386,0.039480422166330721,0.00033031846624492072761,1
32,actual,37,41,61,92537,11,18,92519,21,9,13,0.0400082756644485228320854907257706307256746059,0.0400082756644485199037930556187347974628210068,4.6973183e-82,-0.131753209180964281355130651718354783952236176,1.393058354430860568129447,0.039480422166330721,0.00033031846624492072761,1
32,actual,37,41,61,92537,12,21,92516,6,31,5,0.0398107406325756417369938431693158922454067941,0.0398107406325756418841166350830462761223316193,3.5189626e-81,-0.0919424685483886394710140166353085078299045563,0.9721298231332540229487904,0.039480422166330721,0.00033031846624492072761,1
32,actual,37,41,59,89503,1,16,89487,17,18,6,0.106015889668503709363064353216563983208643578,0.106015889668503712761626900373812532052397728,1.1799488e-80,0.106015889668503712761626900373812532052397728,-1.198073254166677870102831,0.026388586184898633,0.0031411154332356902574,1
32,actual,37,41,59,89503,2,4,89499,32,25,31,-0.0974246064596495712528441638661420138498778719,0.0974246064596495653375995971146039664745330811,7.6057152e-82,0.00859128320885414221985687532878728234209120274,-0.09708909356591821637749717,0.026388586184898633,0.0031411154332356902574,1
32,actual,37,41,59,89503,3,23,89480,36,31,16,-0.0895053054921529454299846284793688966425116493,0.0895053054921529506193778047418163623660802841,2.9822092e-80,-0.0809140222832988031953505014826077967882156372,0.914399966719961265759764,0.026388586184898633,0.0031411154332356902574,1
32,actual,37,41,59,89503,4,19,89484,4,6,44,0.0856454562830413147078108641035821833501085516,0.0856454562830413212992652916000224649906158447,2.6382898e-80,0.00473143399974251116502088621018629055470228195,-0.0534693860200699463969265,0.026388586184898633,0.0031411154332356902574,1
32,actual,37,41,59,89503,5,5,89498,3,21,24,-0.0742031442347389088419340055000387750099780278,0.0742031442347389075253616397276346106082201004,4.0392944e-81,-0.069471710234996403299234657424676697701215744,0.785091727419555907019344,0.026388586184898633,0.0031411154332356902574,1
32,actual,37,41,59,89503,6,3,89500,24,29,38,0.0711216807700917636588558331977550262228173617,0.071121680770091760814821668645890895277261734,6.6030121e-82,0.00164997053509536033451265968352572599542327225,-0.01864612535386869079934158,0.026388586184898633,0.0031411154332356902574,1
32,actual,37,41,59,89503,7,7,89496,19,13,10,-0.0642835934395303338308008737006286216907970411,0.0642835934395303287836043182323919609189033508,1.5796348e-81,-0.0626336229044349712680173070111777633428573608,0.7078152968201569805728468,0.026388586184898633,0.0031411154332356902574,1
32,actual,37,41,59,89503,8,21,89482,20,39,30,-0.056588193338578541208378653062545259478688027,0.0565881933385785421131153327678475761786103249,7.9309245e-81,-0.11922181624301350644223873587179696187376976,1.347311896363439176482757,0.026388586184898633,0.0031411154332356902574,1
32,actual,37,41,59,89503,9,20,89483,12,2,37,-0.0546523166303917486307216369878452955507428433,0.0546523166303917520836286314533936092630028725,1.1125858e-80,-0.173874132873405251586973463417962193489074707,1.96493137810206941473723,0.026388586184898633,0.0031411154332356902574,1
32,actual,37,41,59,89503,10,12,89491,22,34,34,-0.0349354339704383216924844960948535208216710309,0.0349354339704383218268013422402873402461409569,1.1707796e-80,-0.208809566843843580352668709565477911382913589,2.35973265924552189076735,0.026388586184898633,0.0031411154332356902574,1
32,actual,37,41,59,89503,11,24,89479,7,27,9,-0.0319005694242213898881469519671982349137472571,0.0319005694242213908018435120084177469834685326,1.5552092e-81,-0.240710136268064978093406125481124036014080048,2.72023728868694680826934,0.026388586184898633,0.0031411154332356902574,1
32,actual,37,41,59,89503,12,28,89475,2,11,40,0.0295297016181343244715281409755460451255366278,0.0295297016181343234542122644370465422980487347,6.1409648e-81,-0.211180434649930665047534716904920060187578201,2.386525560918275612465322,0.026388586184898633,0.0031411154332356902574,1
32,actual,41,59,61,147559,1,10,147549,8,3,46,-0.0799453429711551226703591882019865145579937932,0.079945342971155117228754249936173437163233757,5.9424769e-81,-0.079945342971155117228754249936173437163233757,1.117319081595063323675276,0.02638845860520431,0.0093206603346389187148,1
32,actual,41,59,61,147559,2,15,147544,12,34,8,-0.0771059160885138473958422045889219174904780793,0.0771059160885138455965304160599771421402692795,5.971852e-81,-0.157051259059668962825284665996150579303503036,2.194954227655398160123923,0.02638845860520431,0.0093206603346389187148,1
32,actual,41,59,61,147559,3,25,147534,20,37,54,0.0624480155953374847953529110770389104485462457,0.0624480155953374832522584370053664315491914749,5.5342129e-81,-0.0946032434643314795730262289907841477543115616,1.322178443109802037369604,0.02638845860520431,0.0093206603346389187148,1
32,actual,41,59,61,147559,4,18,147541,39,29,34,0.04823934250417823326346480517890779816679107,0.0482393425041782314410809817672998178750276566,3.0041805e-81,-0.046363900960153248131945247223484329879283905,0.6479836012293287428320809,0.02638845860520431,0.0093206603346389187148,1
32,actual,41,59,61,147559,5,11,147548,17,21,14,-0.0465779196585917684955053566504206916535527245,0.046577919658591766804978107074930449016392231,3.1701039e-81,-0.0929418206187450218758172582056431565433740616,1.298958335734172742093051,0.02638845860520431,0.0093206603346389187148,1
32,actual,41,59,61,147559,6,21,147538,25,24,60,0.0463262726292406945908875083808538749317338614,0.0463262726292406959438530122952215606346726418,6.4468934e-82,-0.0466155479895043259319642459104215959087014198,0.651500629454751734037643,0.02638845860520431,0.0093206603346389187148,1
32,actual,41,59,61,147559,7,39,147520,23,53,33,0.0447364075172548578539873102776013245087778906,0.0447364075172548558700924559161649085581302643,1.6333861e-80,-0.00187914047224946811030787952034870613715611398,0.0262629370093445044243019,0.02638845860520431,0.0093206603346389187148,1
32,actual,41,59,61,147559,8,29,147530,15,50,48,-0.0417812177667459277496747942086782679816530743,0.0417812177667459261343196885718498378992080688,3.3362346e-81,-0.0436603582389953961961914785661065252497792244,0.6101987877806328564034288,0.02638845860520431,0.0093206603346389187148,1
32,actual,41,59,61,147559,9,28,147531,6,32,19,-0.0389705045713971885219742490440566344515982989,0.0389705045713971895415816959484800463542342186,8.2120624e-81,-0.082630862810392585737773174514586571604013443,1.154852006576881917609967,0.02638845860520431,0.0093206603346389187148,1
32,actual,41,59,61,147559,10,36,147523,37,58,7,-0.0368833437466558535205671784919730234232487142,0.0368833437466558541895089717854716582223773003,8.1376709e-81,-0.119514206557048432988388242392829852178692818,1.670334988193929781630231,0.02638845860520431,0.0093206603346389187148,1
32,actual,41,59,61,147559,11,5,147554,4,31,23,0.0357161024586402875078156608830111194453708808,0.0357161024586402850444777357097336789593100548,9.3658369e-81,-0.0837981040984081410050166027758677955716848373,1.171165414155806772100732,0.02638845860520431,0.0093206603346389187148,1
32,actual,41,59,61,147559,12,33,147526,10,4,42,-0.0357091189398432298709890748683096476923881845,0.0357091189398432290458273996591742616146802902,1.2187922e-80,-0.119507223038251370050844002435042057186365128,1.670237386275936097845829,0.02638845860520431,0.0093206603346389187148,1
32,random_0,37,41,61,92537,1,7,92530,2,24,22,0.129200236152603917085677565126348791894470945,0.12920023615260392557679836045281263068318367,6.65027e-81,0.12920023615260392557679836045281263068318367,0.1449627432901304524559549,0.026388573166522915,0.0030883697977759395903,1
32,random_0,37,41,61,92537,2,13,92524,9,27,6,0.127243993241890786938265120964819186388835056,0.12724399324189078486213588803366292268037796,9.2340489e-81,0.256444229394494738194509864115389063954353333,0.2877305808484796334489886,0.026388573166522915,0.0030883697977759395903,1
32,random_0,37,41,61,92537,3,20,92517,11,10,28,0.0962645000015685400408058492393583336386215459,0.0962645000015685398109255288545682560652494431,1.4046019e-80,0.352708729396063291883223200784414075314998627,0.3957394082100456067507821,0.026388573166522915,0.0030883697977759395903,1
32,random_0,37,41,61,92537,4,6,92531,7,3,45,0.086491970017624183498231989150094667490403098,0.0864919700176241812439315026495023630559444427,4.5264999e-81,0.439200699413687500882730319062829948961734772,0.492783451005085193497024,0.026388573166522915,0.0030883697977759395903,1
32,random_0,37,41,61,92537,5,28,92509,8,14,27,-0.0499200220027474348967648600968805835119121572,0.0499200220027474356188079696039494592696428299,1.2865821e-80,0.389280677410940079141710157273337244987487793,0.4367731560542729707385945,0.026388573166522915,0.0030883697977759395903,1
32,random_0,37,41,61,92537,6,21,92516,6,31,5,-0.0430585769054233978063631475247788182614244395,0.0430585769054233971631084898490371415391564369,4.2687574e-81,0.346222100505516661161919955702614970505237579,0.3884614066623703898528674,0.026388573166522915,0.0030883697977759395903,1
32,random_0,37,41,61,92537,7,26,92511,18,13,12,0.0395107299732912711914261979067876293529294378,0.0395107299732912684020469384904572507366538048,6.7649097e-81,0.385732830478807908747285182471387088298797607,0.4327924696455586195398269,0.026388573166522915,0.0030883697977759395903,1
32,random_0,37,41,61,92537,8,9,92528,29,25,37,0.0385779561907703495642844892730314919017656682,0.038577956190770347488783187372973770834505558,7.2318124e-81,0.424310786669578277052750081566045992076396942,0.4760769598792696788436274,0.026388573166522915,0.0030883697977759395903,1
32,random_0,37,41,61,92537,9,11,92526,19,26,52,0.0382435927203752239905084198027295582500317613,0.0382435927203752246139600856622564606368541718,1.8577276e-80,0.462554379389953473911134551599388942122459412,0.5189862940964913295971428,0.026388573166522915,0.0030883697977759395903,1
32,random_0,37,41,61,92537,10,4,92533,17,2,30,0.0341157679470539550464414550516190887290270344,0.0341157679470539543231666357314679771661758423,2.0902169e-81,0.496670147337007428234301187330856919288635254,0.5572642064155762797739158,0.026388573166522915,0.0030883697977759395903,1
32,random_0,37,41,61,92537,11,8,92529,34,4,60,-0.0321084621193156033209631413130051533450138545,0.0321084621193156033447380082179734017699956894,7.6738226e-81,0.464561685217691811011775371298426762223243713,0.5212384924521314966128216,0.026388573166522915,0.0030883697977759395903,1
32,random_0,37,41,61,92537,12,33,92504,20,37,34,0.0294769429642988554069725583760253467842818909,0.0294769429642988550765991817570466082543134689,2.1940895e-80,0.494038628181990679966162360869930125772953033,0.5543116403283040449778696,0.026388573166522915,0.0030883697977759395903,1
32,random_1,37,59,61,133163,1,10,133153,1,40,18,-0.103785719070680954167414948614586097406261104,0.103785719070680959585928349042660556733608246,9.0181426e-81,-0.103785719070680959585928349042660556733608246,1.616423123813928386383054,0.026388475528991637,0.0010659558584262575354,1
32,random_1,37,59,61,133163,2,6,133157,8,24,23,0.0779841173030267907279108224314130969495068954,0.0779841173030267897914313834917265921831130981,1.6580248e-81,-0.0258016017676541697944969655509339645504951477,0.4018501399048107769473859,0.026388475528991637,0.0010659558584262575354,1
32,random_1,37,59,61,133163,3,16,133147,9,5,41,-0.0771551625838928684755901929265482211841486875,0.0771551625838928639700142753099498804658651352,1.0936957e-80,-0.102956764351547033764511240860883845016360283,1.60351246916316458879237,0.026388475528991637,0.0010659558584262575354,1
32,random_1,37,59,61,133163,4,20,133143,2,21,36,0.0598408114614673484298815067611915117696746097,0.0598408114614673511399978167446533916518092155,2.5406768e-81,-0.0431159528900796826245134241162304533645510674,0.67151457715809126369777,0.026388475528991637,0.0010659558584262575354,1
32,random_1,37,59,61,133163,5,26,133137,10,45,59,0.0530215386877776637089769148924692295019693758,0.0530215386877776612140067413747601676732301712,4.9281881e-81,0.00990558579769798032421679323533680872060358524,-0.1542757335179948674497297,0.026388475528991637,0.0010659558584262575354,1
32,random_1,37,59,61,133163,6,4,133159,30,16,56,-0.0526810135081668679882599418019662204404309788,0.0526810135081668684531308599616750143468379974,2.4161622e-81,-0.0427754277104688898636375427031453000381588936,0.6662110269250489658077186,0.026388475528991637,0.0010659558584262575354,1
32,random_1,37,59,61,133163,7,15,133148,20,1,27,0.0499363607356117729798917737793933512052273028,0.0499363607356117719660026921246753772720694542,4.7549646e-81,0.0071609330251428829697268874099336244398728013,-0.1115288098745148143153827,0.026388475528991637,0.0010659558584262575354,1
32,random_1,37,59,61,133163,8,9,133154,12,36,4,0.0497698538804387612911009236110264027687441596,0.0497698538804387594081113377342262538149952888,2.9566038e-81,0.0569307869055816415104764871557563310489058495,-0.8866753656968383578984572,0.026388475528991637,0.0010659558584262575354,1
32,random_1,37,59,61,133163,9,25,133138,21,41,45,-0.0475935314218821641087426214891067629464977681,0.0475935314218821625686928200593683868646621704,2.5099174e-80,0.00933725548369947720706019111958084977231919765,-0.1454242049094588706825704,0.026388475528991637,0.0010659558584262575354,1
32,random_1,37,59,61,133163,10,1,133162,26,4,14,-0.0456613089794791146213935459931894045643890221,0.0456613089794791135456186736973904771730303764,3.0706799e-82,-0.0363240534957796346038350066010025329887866974,0.5657333258080120552691028,0.026388475528991637,0.0010659558584262575354,1
32,random_1,37,59,61,133163,11,38,133125,26,34,44,-0.0307057986589849482693575261893415829125312309,0.0307057986589849493674897473738383268937468529,1.8807422e-80,-0.0670298521547645770324308500676124822348356247,1.043964468126890698940201,0.026388475528991637,0.0010659558584262575354,1
32,random_1,37,59,61,133163,12,19,133144,13,17,22,-0.0274544313874178939495670720298870114030630646,0.0274544313874178942669335157233945210464298725,1.8452777e-81,-0.0944842835421824678299174138373928144574165344,1.471556801090952548705104,0.026388475528991637,0.0010659558584262575354,1
32,random_2,41,59,61,147559,1,13,147546,35,57,11,-0.0908349653518587248458320614363403095914576038,0.0908349653518587263345551718884962610900402069,3.7663834e-81,-0.0908349653518587263345551718884962610900402069,0.755212793123446135545862,0.02638845860520431,0.008985067626392593404,1
32,random_2,41,59,61,147559,2,28,147531,6,32,19,-0.0627715807281498601454577660539454978279828465,0.0627715807281498533454211496973584871739149094,1.3563925e-81,-0.153606546080008593557764129400311503559350967,1.277103241662158383817882,0.02638845860520431,0.008985067626392593404,1
32,random_2,41,59,61,147559,3,22,147537,34,42,28,0.0618059914522544910977784515912313217893584298,0.0618059914522544884274424248360446654260158539,3.505897e-81,-0.0918005546277541051303217045642668381333351135,0.7632408181381996614689456,0.02638845860520431,0.008985067626392593404,1
32,random_2,41,59,61,147559,4,9,147550,40,44,17,-0.0538186761187569595321710878538487198062477362,0.0538186761187569584485856921673985198140144348,5.4714464e-81,-0.145619230746511063578907396731665357947349548,1.210695744293690978565792,0.02638845860520431,0.008985067626392593404,1
32,random_2,41,59,61,147559,5,26,147533,29,55,22,0.0467821002470826027864056697975288383827284157,0.0467821002470826044494778273019619518890976906,2.1355435e-80,-0.0988371304994284660683234733369317837059497833,0.821743753626615114349363,0.02638845860520431,0.008985067626392593404,1
32,random_2,41,59,61,147559,6,15,147544,12,34,8,0.045436490114482223884465797181620509533113573,0.0454364901144822252998523026690236292779445648,4.001545e-81,-0.0534006403849462407684711706679081544280052185,0.4439793269417558474465579,0.02638845860520431,0.008985067626392593404,1
32,random_2,41,59,61,147559,7,5,147554,4,31,23,0.0417635288034605225888088704015740775291389005,0.0417635288034605214879668722005590097978711128,5.4802906e-82,-0.0116371115814857175457808224905420502182096243,0.09675234098785502612205534,0.02638845860520431,0.008985067626392593404,1
32,random_2,41,59,61,147559,8,35,147524,28,40,39,-0.0407498587630359181586716276982711659491864085,0.0407498587630359190847606498664390528574585915,9.2381086e-81,-0.0523869703445216383652649483337881974875926971,0.4355515526857825503448396,0.02638845860520431,0.008985067626392593404,1
32,random_2,41,59,61,147559,9,19,147540,7,47,2,0.0406731462882568881662338885693847007922736983,0.0406731462882568908789870931741461390629410744,3.9658067e-81,-0.0117138240562647509557248071132562472485005856,0.09739013770105760248174676,0.02638845860520431,0.008985067626392593404,1
32,random_2,41,59,61,147559,10,33,147526,10,4,42,-0.0387307132273959145280866525687065396835350066,0.0387307132273959145440933582449360983446240425,8.2995034e-81,-0.0504445372836606620303712134045781567692756653,0.4194019313184406128058868,0.02638845860520431,0.008985067626392593404,1
32,random_2,41,59,61,147559,11,6,147553,13,49,52,-0.0386749552906991190027816502460746650877179102,0.0386749552906991214684673252577340463176369667,1.4077443e-80,-0.0891194925743597765599446347550838254392147064,0.7409501467647032768581994,0.02638845860520431,0.008985067626392593404,1
32,random_2,41,59,61,147559,12,8,147551,31,26,49,-0.0353735262315969003802241340990416313542374452,0.0353735262315969037349994152918952750042080879,1.0493241e-80,-0.124493018805956673356050146139750722795724869,1.0350498851694929225431,0.02638845860520431,0.008985067626392593404,1
32,random_3,37,41,61,92537,1,7,92530,2,24,22,-0.134498168934583127813377533643672592399805589,0.134498168934583134381810509694332722574472427,4.1236155e-81,-0.134498168934583134381810509694332722574472427,1.042907412326086857845553,0.026388573166522915,0.0071051790262979634683,1
32,random_3,37,41,61,92537,2,17,92520,26,29,36,0.0932801609388953648234201135067261386916924424,0.0932801609388953650858766764031315688043832779,1.2895623e-80,-0.0412180079956877692959338332912011537700891495,0.3196070727247326548337014,0.026388573166522915,0.0071051790262979634683,1
32,random_3,37,41,61,92537,3,23,92514,33,32,20,0.0766751601969452934950738742195406348323528196,0.0766751601969452994955744884464365895837545395,2.3861953e-80,0.0354571522012575232607467512480070581659674644,-0.2749370280918189690666509,0.026388573166522915,0.0071051790262979634683,1
32,random_3,37,41,61,92537,4,24,92513,28,12,58,-0.068906731406262458653066833312333084701776747,0.0689067314062624530768275121772603597491979599,7.0343691e-81,-0.033449579205004936754974664836481679230928421,0.2593701785565227235785812,0.026388573166522915,0.0071051790262979634683,1
32,random_3,37,41,61,92537,5,10,92527,24,5,14,-0.0669333557365597905929200467920569230181923035,0.0669333557365597853205940737097989767789840698,3.1593301e-81,-0.100382934941564722075568738546280656009912491,0.7783757039289069812326716,0.026388573166522915,0.0071051790262979634683,1
32,random_3,37,41,61,92537,6,16,92521,31,8,59,-0.0578472681867613021535119387891586952402394711,0.0578472681867613011674755796320823719725012779,1.779035e-80,-0.158230203128326030181938222085591405630111694,1.226927124760005538561813,0.026388573166522915,0.0071051790262979634683,1
32,random_3,37,41,61,92537,7,11,92526,19,26,52,-0.0548319731238098918142415694436927212105190837,0.0548319731238098920234058653022657381370663643,8.0862545e-81,-0.213062176252135915266450183480628766119480133,1.652097754637498194796308,0.026388573166522915,0.0071051790262979634683,1
32,random_3,37,41,61,92537,8,30,92507,35,15,42,-0.0519901478718634639973154087566796050292729698,0.0519901478718634638132023439993645297363400459,4.0907813e-80,-0.265052324123999372140758623572764918208122253,2.055232689581241167786629,0.026388573166522915,0.0071051790262979634683,1
32,random_3,37,41,61,92537,9,4,92533,17,2,30,0.0472442332188546463229177107560259624166344111,0.0472442332188546462723444108178227907046675682,1.1980254e-80,-0.21780809090514471892952030884771374985575676,1.688897880684546493057496,0.026388573166522915,0.0071051790262979634683,1
32,random_3,37,41,61,92537,10,14,92523,4,7,44,0.0441434795831368362441094322054896553719188002,0.0441434795831368367857727719183458248153328896,6.7089781e-81,-0.173664611322007889082641440836596302688121796,1.346606513985641573327712,0.026388573166522915,0.0071051790262979634683,1
32,random_3,37,41,61,92537,11,19,92518,16,30,51,0.0401311471848128455960614385160488988930655146,0.0401311471848128445416570286852220306172966957,7.2541642e-81,-0.133533464137195051479878316058602649718523026,1.035427029567925316655419,0.026388573166522915,0.0071051790262979634683,1
32,random_3,37,41,61,92537,12,28,92509,8,14,27,-0.0334937521928208787060421654028237333542101357,0.0334937521928208789545600154724525054916739464,8.5070551e-81,-0.167027216330015937373332235438283532857894897,1.295139728299873116412755,0.026388573166522915,0.0071051790262979634683,1
128,actual,163,193,241,7581619,1,38,7581581,40,108,47,0.0543108347222002535128839408208195253790441809,0.0543108347222002532661555562754074344411492348,1.0801044e-80,0.0543108347222002532661555562754074344411492348,0.05481846971703361465211302,0.022685782665136114,0.0029765213444168624191,1
128,actual,163,193,241,7581619,2,45,7581574,116,6,62,0.0529337625794870349800464683125791684105787461,0.0529337625794870370032896289558266289532184601,2.1617775e-80,0.107244597301687283330551281324005685746669769,0.1082469960104461143002297,0.022685782665136114,0.0029765213444168624191,1
128,actual,163,193,241,7581619,3,7,7581612,76,91,15,0.0461049141127854243438578891060547472101647506,0.0461049141127854236743566218592604855075478554,1.6582441e-81,0.153349511414472700066013999276037793606519699,0.1547828456438721245191914,0.022685782665136114,0.0029765213444168624191,1
128,actual,163,193,241,7581619,4,75,7581544,139,10,23,0.0394338494396592153893190772995409360873283182,0.0394338494396592187385408578848000615835189819,8.7298602e-81,0.192783360854131918804554857160837855190038681,0.1945852771916678214392249,0.022685782665136114,0.0029765213444168624191,1
128,actual,163,193,241,7581619,5,83,7581536,156,114,109,0.0363265355932221600727106994574228092290431559,0.0363265355932221589707609155084355734288692474,5.0576896e-80,0.229109896447354077775315772669273428618907928,0.2312513513097994855005624,0.022685782665136114,0.0029765213444168624191,1
128,actual,163,193,241,7581619,6,113,7581506,16,118,70,0.034070538366923870374263473435089719877183304,0.0340705383669238706656479109824431361630558968,1.7181745e-80,0.2631804348142779415020697797444881871342659,0.265640341743540731034301,0.022685782665136114,0.0029765213444168624191,1
128,actual,163,193,241,7581619,7,68,7581551,63,112,8,0.0316786610537266836998614177515786979770037941,0.031678661053726686613885021870373748242855072,2.2283791e-81,0.294859095868004628115954801614861935377120972,0.2976150983557797058409733,0.022685782665136114,0.0029765213444168624191,1
128,actual,163,193,241,7581619,8,18,7581601,79,41,73,0.0312387494624025049957866436779432687349831422,0.0312387494624025048584048391830947366543114185,6.4965844e-81,0.326097845330407143382700496658799238502979279,0.3291458315909056575598868,0.022685782665136114,0.0029765213444168624191,1
128,actual,163,193,241,7581619,9,30,7581589,23,4,202,0.0311722721893446199002625734448526436469566436,0.0311722721893446207130917713357121101580560207,4.984137e-81,0.35727011751975173980966360431921202689409256,0.3606094662001563810882487,0.022685782665136114,0.0029765213444168624191,1
128,actual,163,193,241,7581619,10,120,7581499,92,16,85,0.0272446920614618085982920901336551686582966367,0.0272446920614618087741476415430952329188585281,5.3066882e-80,0.384514809581213534706023438047850504517555237,0.3881088101958887204290249,0.022685782665136114,0.0029765213444168624191,1
128,actual,163,193,241,7581619,11,37,7581582,99,95,217,0.0266524745819023536043392365395680468736842137,0.0266524745819023550774673481100762728601694107,4.0538706e-81,0.411167284163115875905702978343470022082328796,0.4150104013466283103817034,0.022685782665136114,0.0029765213444168624191,1
128,actual,163,193,241,7581619,12,20,7581599,124,67,215,0.0256623040095529780858735097738854144193825841,0.0256623040095529768300774975386957521550357342,1.6363961e-81,0.436829588172668870083015235650236718356609344,0.4409125669534101898960898,0.022685782665136114,0.0029765213444168624191,1
128,actual,179,191,251,8581439,1,10,8581429,17,61,147,0.0274047609440180231611804028594359829993282045,0.0274047609440180237050377343166474020108580589,2.5655127e-83,0.0274047609440180237050377343166474020108580589,0.02791380648190262131480566,0.019816957923947616,0.00033036227997837105952,1
128,actual,179,191,251,8581439,2,53,8581386,108,75,1,0.0271822296486902145519799321768231677400316833,0.0271822296486902148515696353570092469453811646,2.7446656e-81,0.0545869905927082385566073696736566489562392235,0.05560094813258716767156997,0.019816957923947616,0.00033036227997837105952,1
128,actual,179,191,251,8581439,3,63,8581376,125,136,148,0.0270125430554911305477174139938152277280342643,0.0270125430554911290237374288381033693440258503,1.0083461e-80,0.0815995336481993710497917504653742071241140366,0.08311525124858029633934109,0.019816957923947616,0.00033036227997837105952,1
128,actual,179,191,251,8581439,4,9,8581430,69,74,57,0.0245177226231065066163117761280646956094801776,0.0245177226231065061023972617704203003086149693,3.0588466e-81,0.106117256271305873682742060282180318608880043,0.1080883924511766847054162,0.019816957923947616,0.00033036227997837105952,1
128,actual,179,191,251,8581439,5,44,8581395,39,1,195,0.0239312141051567493375297881715680601728336629,0.0239312141051567506266906093514990061521530151,4.7475418e-81,0.130048470376462610431644861819222569465637207,0.132464130695087139999444,0.019816957923947616,0.00033036227997837105952,1
128,actual,179,191,251,8581439,6,54,8581385,56,62,91,0.0238163920719493732109701867047969371450705266,0.0238163920719493722721882278392513399012386799,3.8762236e-81,0.153864862448411993112173945519316475838422775,0.1567229140777106621840176,0.019816957923947616,0.00033036227997837105952,1
128,actual,179,191,251,8581439,7,1,8581438,127,178,90,0.0218564470477068462967602849932505877791367797,0.0218564470477068464870917807729711057618260384,3.1415915e-81,0.175721309496118832660371822385059203952550888,0.1789853463068381556055897,0.019816957923947616,0.00033036227997837105952,1
128,actual,179,191,251,8581439,8,43,8581396,91,14,105,0.0217313314946786767132893795916054588468816437,0.0217313314946786760584185316247385344468057156,8.8022977e-82,0.197452640990797512188237305963411927223205566,0.2011203389519371775850942,0.019816957923947616,0.00033036227997837105952,1
128,actual,179,191,251,8581439,9,19,8581420,86,135,204,0.0217153275883009486163440049444107580126883743,0.0217153275883009491686870262583397561684250832,1.2445179e-81,0.219167968579098454418030428314523305743932724,0.2232390304168691830266624,0.019816957923947616,0.00033036227997837105952,1
128,actual,179,191,251,8581439,10,73,8581366,142,6,44,0.0215334111268755528608201055251779414574113501,0.0215334111268755540313790675099880900233983994,4.0867432e-81,0.240701379705973994571621688010054640471935272,0.2451724263081425103649735,0.019816957923947616,0.00033036227997837105952,1
128,actual,179,191,251,8581439,11,116,8581323,54,20,149,0.0206867380332236662093911782576465079186435844,0.0206867380332236665274603382158602471463382244,1.0488151e-80,0.261388117739197678446316785993985831737518311,0.2662434220880661728259042,0.019816957923947616,0.00033036227997837105952,1
128,actual,179,191,251,8581439,12,107,8581332,164,137,92,0.0201473202039259865064169008568381612098573386,0.0201473202039259870199661150991232716478407383,1.79393e-80,0.281535437943123689752411564768408425152301788,0.2867649803111119721776845,0.019816957923947616,0.00033036227997837105952,1
128,actual,139,191,197,5230153,1,20,5230133,26,164,188,0.0473661775628418279361925560462401387985286514,0.0473661775628418310613021446897619171068072319,1.0065944e-80,0.0473661775628418310613021446897619171068072319,0.04884783956474311045203862,0.026388384405950871,0.0014160866514474311495,1
128,actual,139,191,197,5230153,2,38,5230115,105,6,42,0.0406768518661101187789055277805645048138521511,0.0406768518661101211031372315574117237702012062,8.6078276e-81,0.0880430294289519521644393762471736408770084381,0.09079710455067953323027297,0.026388384405950871,0.0014160866514474311495,1
128,actual,139,191,197,5230153,3,18,5230135,79,33,51,0.0406676371949130450818997822319777340761899237,0.0406676371949130435745622946797084296122193336,4.3353393e-81,0.128710666623864988800107767019653692841529846,0.1327368666211721226488862,0.026388384405950871,0.0014160866514474311495,1
128,actual,139,191,197,5230153,4,40,5230113,52,137,179,0.039818169354195219911649065924311893969654855,0.0398181693541952222425983620723854983225464821,5.9727312e-81,0.168528835978060204103812225184810813516378403,0.1738005886366330299264149,0.026388384405950871,0.0014160866514474311495,1
128,actual,139,191,197,5230153,5,2,5230151,86,131,137,0.0360350114483545776673844705419903018997768142,0.0360350114483545744259451737434574170038104057,7.6039963e-81,0.204563847426414785468651302835496608167886734,0.2109628117357540133536276,0.026388384405950871,0.0014160866514474311495,1
128,actual,139,191,197,5230153,6,58,5230095,131,170,33,0.0359880969642407087057555461866869125381804339,0.035988096964240705311066648164342041127383709,3.0443228e-80,0.240551944390655497718611854907067026942968369,0.2480766528181877206282735,0.026388384405950871,0.0014160866514474311495,1
128,actual,139,191,197,5230153,7,60,5230093,78,110,170,0.0293846207973161240618032369433529661991559551,0.029384620797316123030906709345799754373729229,1.2164962e-80,0.269936565187971599932836852531181648373603821,0.2783804543118540419932572,0.026388384405950871,0.0014160866514474311495,1
128,actual,139,191,197,5230153,8,63,5230090,68,20,80,0.0288587788427643020062261154121272499188187576,0.0288587788427643009148138020236729062162339687,1.2790789e-80,0.29879534403073587656152199087955523282289505,0.308141964982109939352739,0.026388384405950871,0.0014160866514474311495,1
128,actual,139,191,197,5230153,9,43,5230110,42,47,89,0.0287473766670689934692711558228670139731272304,0.0287473766670689918900638559762228396721184254,1.2775953e-81,0.327542720697804878859926702716620638966560364,0.3377885887037977985514203,0.026388384405950871,0.0014160866514474311495,1
128,actual,139,191,197,5230153,10,25,5230128,102,14,38,0.028195424594301071446316456429082542318282686,0.0281954245943010703423503571229957742616534233,7.7922261e-81,0.355738145292105956141170963746844790875911713,0.3668659947329195869514251,0.026388384405950871,0.0014160866514474311495,1
128,actual,139,191,197,5230153,11,22,5230131,112,104,128,0.0280839374812115352125356317632242107701763681,0.0280839374812115356860875436950664152391254902,1.7291095e-81,0.383822082773317474480023747673840261995792389,0.3958284262191513747097815,0.026388384405950871,0.0014160866514474311495,1
128,actual,139,191,197,5230153,12,78,5230075,18,143,24,0.0278044710573983011748071063691036816260745876,0.0278044710573983021306698759644859819673001766,1.2055927e-80,0.411626553830715780080140575591940432786941528,0.4245026492888173685891218,0.026388384405950871,0.0014160866514474311495,1
128,random_0,151,233,251,8830933,1,6,8830927,138,215,41,0.0286893764964572260384641356506735078573747904,0.028689376496457225096392562591063324362039566,1.5597235e-81,0.028689376496457225096392562591063324362039566,0.02892048010008584080221539,0.01586591336451661,0.003777226588614745334,1
128,random_0,151,233,251,8830933,2,12,8830921,125,197,82,0.0258239862544690693285851802714444122769752664,0.0258239862544690709778016923792165471240878105,5.672994e-82,0.0545133627509262960741942549702798714861273766,0.05495248817350941589188196,0.01586591336451661,0.003777226588614745334,1
128,random_0,151,233,251,8830933,3,1,8830932,23,230,216,0.0221627972653381938362153547521729898671098537,0.022162797265338193830608304324414348229765892,2.9034961e-81,0.0766761600162644968436964632019225973635911942,0.07729381501808550714027746,0.01586591336451661,0.003777226588614745334,1
128,random_0,151,233,251,8830933,4,5,8830928,115,218,76,0.0220930682163248296087571642771239735045011077,0.0220930682163248300053925987640468520112335682,1.6889536e-80,0.0987692282325893233796421100123552605509757996,0.09956485112021071226529045,0.01586591336451661,0.003777226588614745334,1
128,random_0,151,233,251,8830933,5,18,8830915,112,179,123,0.0214327958343921577614150875054242002951307815,0.0214327958343921570749657234955520834773778915,2.1589475e-81,0.120202024066981480454607833507907344028353691,0.1211702961006648759934023,0.01586591336451661,0.003777226588614745334,1
128,random_0,151,233,251,8830933,6,7,8830926,10,212,6,0.0206537117054982285021281264824428410506614051,0.0206537117054982274910734929562750039622187614,5.0230011e-81,0.140855735772479701006787422556953970342874527,0.1419903811396524551113885,0.01586591336451661,0.003777226588614745334,1
128,random_0,151,233,251,8830933,7,11,8830922,102,200,117,0.0204434846930832275515710659444196857387900201,0.0204434846930832275768707972929405514150857925,6.9420809e-81,0.161299220465562914705870412035437766462564468,0.1625985457094099306818435,0.01586591336451661,0.003777226588614745334,1
128,random_0,151,233,251,8830933,8,86,8830847,15,208,2,0.0204042185764114750483701035910858309143607375,0.0204042185764114758494969237290206365287303925,1.0412361e-80,0.181703439041974390555367335764458402991294861,0.1831671278593140772539272,0.01586591336451661,0.003777226588614745334,1
128,random_0,151,233,251,8830933,9,87,8830846,38,205,218,0.0204038527565690914492391667579158487231290444,0.0204038527565690921972141325113625498488545418,8.3462695e-81,0.202107291798543475813687564368592575192451477,0.2037353412425609022751161,0.01586591336451661,0.003777226588614745334,1
128,random_0,151,233,251,8830933,10,92,8830841,2,190,43,0.0203060306008029693748200672982136119829952098,0.0203060306008029690938432310076677822507917881,1.3295469e-80,0.222413322399346441438083843422646168619394302,0.2242049444761751164634234,0.01586591336451661,0.003777226588614745334,1
128,random_0,151,233,251,8830933,11,81,8830852,51,223,177,0.0197303393762990622224748927008878786674934379,0.0197303393762990608717444729336421005427837372,2.9300327e-80,0.24214366177564550230982831635628826916217804,0.2440942190782446341579259,0.01586591336451661,0.003777226588614745334,1
128,random_0,151,233,251,8830933,12,93,8830840,25,187,8,0.0196431399531313538453804397536764584798711258,0.0196431399531313555240075174879166297614574432,1.1192417e-80,0.261786801728776830078260218215291388332843781,0.2638955918333439898404436,0.01586591336451661,0.003777226588614745334,1
128,random_1,193,233,251,11287219,1,9,11287210,147,166,132,0.044556623059829920595008245417006977715406909,0.044556623059829922328667350939213065430521965,5.3659485e-82,0.044556623059829922328667350939213065430521965,0.04525402753776951170205933,0.019855587509730849,0.00068314732430837382671,1
128,random_1,193,233,251,11287219,2,18,11287201,101,99,13,0.0391733197188226418803202496893189900488305438,0.0391733197188226384133358237704669591039419174,2.4888185e-81,0.0837299427786525607420031747096800245344638824,0.08504049176152875255674246,0.019855587509730849,0.00068314732430837382671,1
128,random_1,193,233,251,11287219,3,110,11287109,124,139,191,0.0358629256861579420610558755418569209332929922,0.0358629256861579398529826789854269009083509445,7.4195543e-81,0.119592868464810500594985853695106925442814827,0.1214647473521535819829253,0.019855587509730849,0.00068314732430837382671,1
128,random_1,193,233,251,11287219,4,119,11287100,78,72,72,0.0351445372042031150482903358684190648874836183,0.0351445372042031162207464944913226645439863205,1.4678638e-80,0.154737405669013616815732348186429589986801147,0.1571593701763646100388883,0.019855587509730849,0.00068314732430837382671,1
128,random_1,193,233,251,11287219,5,101,11287118,170,206,59,0.0335531431318893758267501129473470273519640302,0.0335531431318893749726761654983420157805085182,2.1489503e-80,0.18829054880090298484951460977754322811961174,0.1912376902777407905453799,0.019855587509730849,0.00068314732430837382671,1
128,random_1,193,233,251,11287219,6,128,11287091,32,5,204,0.0316242408651538326080110552521880568634511647,0.031624240865153835366996304401254747062921524,2.4197407e-81,0.219914789666056820216510914178797975182533264,0.2233569167516824272023968,0.019855587509730849,0.00068314732430837382671,1
128,random_1,193,233,251,11287219,7,27,11287192,55,32,145,0.0311279890077085238129922317011681731367344506,0.0311279890077085230615239197504706680774688721,3.7911021e-81,0.251042778673765343278034833929268643260002136,0.2549721239871745037675055,0.019855587509730849,0.00068314732430837382671,1
128,random_1,193,233,251,11287219,8,92,11287127,23,40,178,0.0284805858104022351323676712513070578777325439,0.02848058581040223413705092525560758076608181,2.0821873e-81,0.279523364484167591292873566999332979321479797,0.2838984906201459934571574,0.019855587509730849,0.00068314732430837382671,1
128,random_1,193,233,251,11287219,9,137,11287082,179,171,85,0.0259571737244010967142109935500977097786714453,0.0259571737244010981859876352473293081857264042,2.8129607e-80,0.305480538208568686009414250293048098683357239,0.3102619484825021589635696,0.019855587509730849,0.00068314732430837382671,1
128,random_1,193,233,251,11287219,10,36,11287183,9,198,26,0.0216159659844844532513509231219217171552239995,0.0216159659844844531662033659813459962606430054,1.1868777e-80,0.327096504193053139175617616274394094944000244,0.3322162496108400087102552,0.019855587509730849,0.00068314732430837382671,1
128,random_1,193,233,251,11287219,11,83,11287136,69,107,46,0.0213632808979439381916191188556559821053075956,0.0213632808979439398067157185323594603687524796,1.5077524e-81,0.348459785090997065104545526992296800017356873,0.3539139106017659130998254,0.019855587509730849,0.00068314732430837382671,1
128,random_1,193,233,251,11287219,12,118,11287101,126,183,141,0.0205387348340392228330763947982941094974066218,0.020538734834039222565404969600422191433608532,3.949003e-80,0.36899851992503629460884440049994736909866333,0.3747741196558159182394832,0.019855587509730849,0.00068314732430837382671,1
128,random_2,181,191,227,7847617,1,7,7847610,13,9,200,0.0579144204800844242016219659406689809787110018,0.0579144204800844247804647579869197215884923935,1.3265531e-82,0.0579144204800844247804647579869197215884923935,0.05922595295633261563983396,0.026456925709631603,0.0013691308132162613442,1
128,random_2,181,191,227,7847617,2,12,7847605,74,70,51,0.0437205714767957469868258890268690872940863119,0.0437205714767957484556681890808249590918421745,4.8044718e-81,0.101634991956880166297239043160516303032636642,0.1039366223896755758726584,0.026456925709631603,0.0013691308132162613442,1
128,random_2,181,191,227,7847617,3,5,7847612,61,61,78,0.0430181685822260490130774375974616875442648366,0.0430181685822260476137479656699724728241562843,3.5193894e-81,0.144653160539106206972093104923260398209095001,0.147928982282055726527048,0.026456925709631603,0.0013691308132162613442,1
128,random_2,181,191,227,7847617,4,69,7847548,154,116,123,0.03827185443558498730398603981254587791477854,0.0382718544355849857319107343300856882706284523,2.8992208e-80,0.182925014974691185765109935346117708832025528,0.1870675427919210043192777,0.026456925709631603,0.0013691308132162613442,1
128,random_2,181,191,227,7847617,5,14,7847603,26,18,173,0.0364967180020308720176888480056029184453534176,0.0364967180020308729071487618966784793883562088,1.4426339e-81,0.219421732976722044794470889428339432924985886,0.2243907670516221142253954,0.026456925709631603,0.0013691308132162613442,1
128,random_2,181,191,227,7847617,6,76,7847541,167,125,96,0.0325064126569229871976304999028262034527797861,0.0325064126569229866481336443939653690904378891,7.0044847e-81,0.251928145633645017564816726007848046720027924,0.2576333213384270903745232,0.026456925709631603,0.0013691308132162613442,1
128,random_2,181,191,227,7847617,7,19,7847598,87,79,24,0.0319063122807404512170988995575854168934316424,0.0319063122807404508929352004997781477868556976,4.2439436e-81,0.283834457914385496213327542136539705097675323,0.2902621853499216530991589,0.026456925709631603,0.0013691308132162613442,1
128,random_2,181,191,227,7847617,8,62,7847555,141,107,150,0.0316685882120291620183777219993690344548679792,0.0316685882120291625763108811497659189626574516,2.9746499e-80,0.315503046126414665728532327193534001708030701,0.3226479417831418228246321,0.026456925709631603,0.0013691308132162613442,1
128,random_2,181,191,227,7847617,9,2,7847615,133,139,122,0.0286260290475005662805094991981057140904379185,0.0286260290475005667321095614852310973219573498,2.6315241e-80,0.344129075173915222052301032817922532558441162,0.3519222371251264913638579,0.026456925709631603,0.0013691308132162613442,1
128,random_2,181,191,227,7847617,10,105,7847512,14,135,49,-0.0281330180947727930137364035813867245195970143,0.0281330180947727929996471374352040584199130535,1.6336743e-80,0.315996057079142411705419135614647530019283295,0.3231521174832724940806372,0.026456925709631603,0.0013691308132162613442,1
128,random_2,181,191,227,7847617,11,74,7847543,34,177,201,0.0280853754599983327862816535266713217462203253,0.0280853754599983337914004266622214345261454582,3.0062165e-80,0.344081432539140752435713466184097342193126678,0.3518735155731800845479995,0.026456925709631603,0.0013691308132162613442,1
128,random_2,181,191,227,7847617,12,112,7847505,27,144,22,-0.0278260565228478629962569900569368212329808729,0.0278260565228478640165121760219335556030273438,8.6000743e-81,0.316255376016292888419201290162163786590099335,0.3234173089683127777504978,0.026456925709631603,0.0013691308132162613442,1
128,random_3,179,193,233,8049451,1,11,8049440,139,92,174,0.0528890136824569725248294013945863275275977404,0.0528890136824569714879551440844807075336575508,8.6281191e-81,0.0528890136824569714879551440844807075336575508,0.05469273318098642061579895,0.022685782650364868,0.0030898710247186239597,1
128,random_3,179,193,233,8049451,2,59,8049392,176,125,86,0.0472931770413816610395879302657827698294068338,0.0472931770413816607301349392855627229437232018,1.2098925e-80,0.100182190723838632218090083370043430477380753,0.1035987900935848859962363,0.022685782650364868,0.0030898710247186239597,1
128,random_3,179,193,233,8049451,3,70,8049381,136,24,27,0.0439385440596191759080067320308251836721911163,0.0439385440596191736983833209251315565779805183,3.2614449e-81,0.144120734783457798977579500387946609407663345,0.1490358080921048711253718,0.022685782650364868,0.0030898710247186239597,1
128,random_3,179,193,233,8049451,4,73,8049378,60,14,138,0.0358718131429935211695979177108880639564833554,0.0358718131429935221943239298525440972298383713,8.6864663e-81,0.179992547926451307294115622426033951342105865,0.1861309885151557208526896,0.022685782650364868,0.0030898710247186239597,1
128,random_3,179,193,233,8049451,5,2,8049449,9,122,74,0.0336451231083570065966298924376900643229499217,0.0336451231083570098667756553822982823476195335,9.1381438e-81,0.213637671034808324099785181715560611337423325,0.2209235401791920794245527,0.022685782650364868,0.0030898710247186239597,1
128,random_3,179,193,233,8049451,6,62,8049389,100,115,197,0.0328769045577121475431469878229697984873933343,0.0328769045577121457601954546134948031976819038,1.1138321e-80,0.246514575592520462921086732421827036887407303,0.2549216740749681853195341,0.022685782650364868,0.0030898710247186239597,1
128,random_3,179,193,233,8049451,7,48,8049403,37,33,145,0.0324880305789239903215029436273211266285251548,0.0324880305789239931524292614994919858872890472,7.7973349e-82,0.27900260617144445607351599392131902277469635,0.2885176718883702973172944,0.022685782650364868,0.0030898710247186239597,1
128,random_3,179,193,233,8049451,8,61,8049390,6,54,160,0.0318139121269008949436116771720111296648095874,0.0318139121269008923187371351559704635292291641,2.8626063e-80,0.310816518298345334514465321262832731008529663,0.3214165612086882783948738,0.022685782650364868,0.0030898710247186239597,1
128,random_3,179,193,233,8049451,9,9,8049442,130,163,100,0.0312363001530847151623992468754083326134786174,0.0312363001530847166076210186247408273629844189,1.4156628e-80,0.342052818451430040713745484026730991899967194,0.3537181397575152597134718,0.022685782650364868,0.0030898710247186239597,1
128,random_3,179,193,233,8049451,10,132,8049319,57,139,224,0.0301800280475970051347403609716694293348449892,0.030180028047597003831858941680366115178912878,2.5159412e-80,0.372232846499027048015051377660711295902729034,0.3849274232452392086045734,0.022685782650364868,0.0030898710247186239597,1
128,random_3,179,193,233,8049451,11,134,8049317,66,68,65,0.0259812698509376232553495259156339850337618826,0.0259812698509376237276935484032946988008916378,2.116463e-80,0.398214116349964675212191878017620183527469635,0.4117947546761497878975433,0.022685782650364868,0.0030898710247186239597,1
128,random_3,179,193,233,8049451,12,81,8049370,96,116,201,0.0257756536750834932677277592461636969154747091,0.0257756536750834916449370837199239758774638176,6.4282359e-80,0.423989770025048173796022865644772537052631378,0.4384494576260075660023574,0.022685782650364868,0.0030898710247186239597,1
256,actual,307,367,463,52165747,1,56,52165691,291,184,255,0.0189702958470656415869338935798909613281851854,0.0189702958470656414535771006057984777726233006,7.0927438e-81,0.0189702958470656414535771006057984777726233006,0.01920935377978189723124913,0.013228462803628493,0.00146140499819497581,1
256,actual,307,367,463,52165747,2,44,52165703,119,197,35,0.0181261818236533020338822364424421075833211573,0.0181261818236533034376378736851620487868785858,3.0131011e-81,0.0370964776707189414217680223373463377356529236,0.03756395626644092738954939,0.013228462803628493,0.00146140499819497581,1
256,actual,307,367,463,52165747,3,100,52165647,103,14,290,0.0173731058969734003982282135231536724367991566,0.0173731058969734016017572031387317110784351826,5.2337063e-81,0.0544695835676923395540782735224638599902391434,0.05515599279127975790304461,0.013228462803628493,0.00146140499819497581,1
256,actual,307,367,463,52165747,4,7,52165740,305,23,437,0.0170887556399173506206205566823832298381456755,0.0170887556399173488885789851110530435107648373,4.4918772e-81,0.0715583392076096919121042105871310923248529434,0.07246009576309461741594475,0.013228462803628493,0.00146140499819497581,1
256,actual,307,367,463,52165747,5,49,52165698,293,161,281,0.0167710170882213919248459461498772078156053522,0.0167710170882213911724978316897249897010624409,1.1367025e-80,0.0883293562958310796151550903232418932020664215,0.08944245613805126837725368,0.013228462803628493,0.00146140499819497581,1
256,actual,307,367,463,52165747,6,12,52165735,172,354,220,0.0167481632171754808940017118393211230218861171,0.0167481632171754823978915283078094944357872009,3.6797251e-81,0.105077519513006562013046618631051387637853622,0.106401674644388821722174,0.013228462803628493,0.00146140499819497581,1
256,actual,307,367,463,52165747,7,112,52165635,275,1,47,0.0158650547407977735167394852560224291819186714,0.015865054740797773780158763656800147145986557,1.0999416e-80,0.120942574253804335793205382287851534783840179,0.1224666560083315924867264,0.013228462803628493,0.00146140499819497581,1
256,actual,307,367,463,52165747,8,37,52165710,121,174,61,0.0155665236262460465134518765578934575598811208,0.0155665236262460468519286393984657479450106621,5.1510785e-81,0.136509097880050389584027925593545660376548767,0.1382293442588760357114808,0.013228462803628493,0.00146140499819497581,1
256,actual,307,367,463,52165747,9,93,52165654,105,358,316,0.0155591130519220419515976598442874046263790249,0.0155591130519220424699433635851164581254124641,7.0415796e-81,0.152068210931972425115077385271433740854263306,0.1539845285492793813819645,0.013228462803628493,0.00146140499819497581,1
256,actual,307,367,463,52165747,10,63,52165684,289,207,229,0.0155002678477693457744875697079916871119156877,0.0155002678477693459080377635928016388788819313,4.7731168e-81,0.167568478779741764084221244957007002085447311,0.1696801260860587856615922,0.013228462803628493,0.00146140499819497581,1
256,actual,307,367,463,52165747,11,51,52165696,117,220,9,0.0150146409079189372138097591798806872139723059,0.0150146409079189371849061274133418919518589973,4.0914693e-81,0.182583119687660694330233468463120516389608383,0.1848839769591179849062001,0.013228462803628493,0.00146140499819497581,1
256,actual,307,367,463,52165747,12,156,52165591,87,198,82,0.0146898678018234695649744853133884002650442135,0.0146898678018234692815857656000844144728034735,1.0366444e-80,0.197272987489484158407648806132783647626638412,0.1997589620335918081384108,0.013228462803628493,0.00146140499819497581,1
256,actual,283,347,367,36039767,1,8,36039759,275,180,187,0.0280316700306739708893153145338223016571952781,0.0280316700306739718939752492588013410568237305,5.2119328e-82,0.0280316700306739718939752492588013410568237305,0.02856315096497389488527929,0.015865913332103607,0.00017723246938525227812,1
256,actual,283,347,367,36039767,2,7,36039760,276,331,26,0.0252546579882061566374930837022008372041214246,0.0252546579882061555943906228094419930130243301,1.2944295e-81,0.0532863280188801274883658720682433340698480606,0.0542966376925419699772668,0.015865913332103607,0.00017723246938525227812,1
256,actual,283,347,367,36039767,3,16,36039751,267,13,7,0.0250084686720027443612187905218613273093577975,0.0250084686720027440931524154166254447773098946,9.1623515e-82,0.0782947966908828785204121913920971564948558807,0.07977926735033906424643391,0.015865913332103607,0.00017723246938525227812,1
256,actual,283,347,367,36039767,4,1,36039766,282,196,161,0.0246516181210973813697595455720722706380985534,0.024651618121097382263506858635082608088850975,6.1915595e-81,0.102946414811980260783919050027179764583706856,0.1048982805647958177486245,0.015865913332103607,0.00017723246938525227812,1
256,actual,283,347,367,36039767,5,15,36039752,268,164,213,0.023930108198379496248859458627406873180522015,0.023930108198379495404450878481839026790112257,4.1154774e-81,0.126876523010359759657816880462632980197668076,0.1292821040162892287650465,0.015865913332103607,0.00017723246938525227812,1
256,actual,283,347,367,36039767,6,9,36039758,274,29,348,0.0221609696953155748815151720969326299077101584,0.0221609696953155750620556574403963168151676655,3.104389e-81,0.149037492705675345128213393763871863484382629,0.1518632460690052254914661,0.015865913332103607,0.00017723246938525227812,1
256,actual,283,347,367,36039767,7,23,36039744,260,344,33,0.020942369049457121996905234753761840007542631,0.0209423690494571212994401321338955312967300415,6.1634215e-81,0.169979861755132466427653525897767394781112671,0.1732026827871627761012974,0.015865913332103607,0.00017723246938525227812,1
256,actual,283,347,367,36039767,8,24,36039743,259,193,194,0.0204950469632167225225549631780400460632052212,0.020495046963216721064293679432921635452657938,2.9316941e-81,0.190474908718349184022500253377074841409921646,0.1940863161848163931377798,0.015865913332103607,0.00017723246938525227812,1
256,actual,283,347,367,36039767,9,17,36039750,266,209,168,0.0181311639994938855351410631328202610246027974,0.0181311639994938857134432197426576749421656132,2.7742798e-81,0.208606072717843066266496521166118327528238297,0.212561247358076632618662,0.015865913332103607,0.00017723246938525227812,1
256,actual,283,347,367,36039767,10,31,36039736,252,177,220,0.0168004914840616793333060893863470530303215846,0.0168004914840616803584083527312031947076320648,1.5628089e-81,0.225406564201904746624904873897321522235870361,0.2296802764426764120742064,0.015865913332103607,0.00017723246938525227812,1
256,actual,283,347,367,36039767,11,114,36039653,169,136,4,0.016519611223146757972417518557628843343739576,0.016519611223146758033353265204823401290923357,1.1758022e-80,0.241926175425051515066598994962987489998340607,0.2465130997718997241108241,0.015865913332103607,0.00017723246938525227812,1
256,actual,283,347,367,36039767,12,121,36039646,162,120,30,0.0160431458014888589784702147484178558611334416,0.0160431458014888596308455959160710335709154606,1.7789721e-80,0.257969321226540371227997638925444334745407104,0.2628604238870728693200363,0.015865913332103607,0.00017723246938525227812,1
256,actual,271,431,499,58283699,1,22,58283677,134,8,243,0.0663405849186037142874763396605223517597680833,0.066340584918603714981166774578014155849814415,1.6241687e-80,0.066340584918603714981166774578014155849814415,0.06807779954405637767855808,0.034066609905852571,0.0010561962425007648259,1
256,actual,271,431,499,58283699,2,60,58283639,193,61,73,0.0591400120101208177061921519268249884957687057,0.0591400120101208195966258074349752860143780708,1.7906872e-80,0.125480596928724541516686485920217819511890411,0.1287664697991939277699203,0.034066609905852571,0.0010561962425007648259,1
256,actual,271,431,499,58283699,3,69,58283630,100,221,59,0.0566146503100428696802802699300227234013588673,0.0566146503100428688526335463393479585647583008,1.4724011e-80,0.182095247238767410369320032259565778076648712,0.1868636484688249166374874,0.034066609905852571,0.0010561962425007648259,1
256,actual,271,431,499,58283699,4,187,58283512,55,68,319,0.0500672978852734199693767563719319760925232519,0.0500672978852734207322328074951656162738800049,9.170609e-80,0.232162545124040831101552839754731394350528717,0.2382420237624436054613142,0.034066609905852571,0.0010561962425007648259,1
256,actual,271,431,499,58283699,5,118,58283581,226,278,260,0.0476567082125284260830720944233479149289091442,0.0476567082125284244287222179536911426112055779,8.0679657e-80,0.27981925333656926246916896161565091460943222,0.2871466849529162868037702,0.034066609905852571,0.0010561962425007648259,1
256,actual,271,431,499,58283699,6,129,58283570,22,282,132,0.0454269605268468956151521666229011792984843525,0.0454269605268468948389148920341540360823273659,2.5634253e-80,0.325246213863416178124765565371490083634853363,0.3337632096102863821229789,0.034066609905852571,0.0010561962425007648259,1
256,actual,271,431,499,58283699,7,247,58283452,248,129,392,0.0438983837996621234384738832495622603863676209,0.0438983837996621203969560554014606168493628502,1.397476e-79,0.369144597663078277705039909051265567541122437,0.3788111297678819489043178,0.034066609905852571,0.0010561962425007648259,1
256,actual,271,431,499,58283699,8,82,58283617,56,69,316,0.0437212119371216320167077011616342181199893357,0.0437212119371216331731311299790831981226801872,9.3066636e-81,0.412865809600199917817064942937577143311500549,0.4236772385869481127862457,0.034066609905852571,0.0010561962425007648259,1
256,actual,271,431,499,58283699,9,26,58283673,183,127,15,0.0362216659215175900338005838667324518983279773,0.0362216659215175915131901263066538376733660698,1.3727986e-80,0.449087475521717516269148973151459358632564545,0.460847416009748434007065,0.034066609905852571,0.0010561962425007648259,1
256,actual,271,431,499,58283699,10,144,58283555,138,405,275,0.0360120294941727256438424166726199055685926212,0.03601202949417272453080940408653987105935812,9.6736242e-80,0.485099505015890219983276665516314096748828888,0.4978024674023000528677585,0.034066609905852571,0.0010561962425007648259,1
256,actual,271,431,499,58283699,11,269,58283430,111,137,136,0.0356019616384812252636098616711467566019175054,0.0356019616384812276344007386796874925494194031,2.2319431e-80,0.520701466654371447617677404196001589298248291,0.5343367127782409076175441,0.034066609905852571,0.0010561962425007648259,1
256,actual,271,431,499,58283699,12,151,58283548,156,290,375,0.0351228061483533382826467477217361664171185542,0.0351228061483533360309650106501067057251930237,7.1802176e-80,0.555824272802724839159793646103935316205024719,0.5703792553534395848302552,0.034066609905852571,0.0010561962425007648259,1
256,random_0,271,293,379,30093737,1,88,30093649,261,218,111,0.189137501839417193848818896727732341427087072,0.189137501839417188076453157918876968324184418,1.200763e-79,0.189137501839417188076453157918876968324184418,0.11053091925692962171901,0.063595731789598806,0.0009576878252359616317,1
256,random_0,271,293,379,30093737,2,61,30093676,184,251,176,0.158458407131643591208063369007656986905416271,0.158458407131643580489921419029997196048498154,4.7733898e-79,0.347595908971060796321950192577787674963474274,0.2031331437439576337311564,0.063595731789598806,0.0009576878252359616317,1
256,random_0,271,293,379,30093737,3,15,30093722,103,177,6,0.143089546835343202317559174855903987679161087,0.143089546835343195407830307885888032615184784,1.3320513e-79,0.490685455806403991729780500463675707578659058,0.2867538905231766244163794,0.063595731789598806,0.0009576878252359616317,1
256,random_0,271,293,379,30093737,4,46,30093691,81,74,170,0.141123627632832730343911457290340586770917339,0.141123627632832732148315812992223072797060013,7.5557436e-80,0.631809083439236696122520697826985269784927368,0.369225764897266606201498,0.063595731789598806,0.0009576878252359616317,1
256,random_0,271,293,379,30093737,5,42,30093695,180,144,320,0.12436190775001012624321481452773912285663401,0.124361907750010131090689924349135253578424454,2.3898317e-80,0.75617099118924679945763500654720701277256012,0.4419021820565917080259055,0.063595731789598806,0.0009576878252359616317,1
256,random_0,271,293,379,30093737,6,27,30093710,77,260,314,0.122808172343329777136612850303209484951557848,0.122808172343329774500730877662135753780603409,2.5093429e-80,0.878979163532576546202790268580429255962371826,0.5136706047615529069361173,0.063595731789598806,0.0009576878252359616317,1
256,random_0,271,293,379,30093737,7,82,30093655,3,30,336,0.0832645171397993721100511849614091089509397821,0.0832645171397993766326806053257314488291740417,1.803705e-79,0.962243680672375867324319642648333683609962463,0.5623299321368306902257928,0.063595731789598806,0.0009576878252359616317,1
256,random_0,271,293,379,30093737,8,68,30093669,214,275,103,-0.0680595767398468735643000954326693990550391381,0.0680595767398468748377027282003837171941995621,1.2458873e-79,0.894184103932529006364404722262406721711158752,0.522556288580515837516316,0.063595731789598806,0.0009576878252359616317,1
256,random_0,271,293,379,30093737,9,103,30093634,93,102,117,0.0666787297183420936351256722953594764116956597,0.06667872971834210016339739013346843421459198,8.844675e-80,0.960862833650871106527802112395875155925750732,0.5615229727070201182215214,0.063595731789598806,0.0009576878252359616317,1
256,random_0,271,293,379,30093737,10,2,30093735,86,258,304,0.0662234474730369163420500869503286530419853244,0.066223447473036919919131548795121489092707634,1.661747e-81,1.02708628112390809583587270026328042149543762,0.6002235923851442223053709,0.063595731789598806,0.0009576878252359616317,1
256,random_0,271,293,379,30093737,11,18,30093719,232,271,83,-0.0659937651488060194884714517591395733193019016,0.0659937651488060189608475525346875656396150589,3.0630427e-80,0.96109251597510203524166172428522258996963501,0.5616571977982232066750612,0.063595731789598806,0.0009576878252359616317,1
256,random_0,271,293,379,30093737,12,39,30093698,51,50,243,0.0645534196148347643759111629295540769021921561,0.0645534196148347672039591316206497140228748322,8.5612948e-80,1.02564593558993677469004524027695879340171814,0.5993818623508084808548801,0.063595731789598806,0.0009576878252359616317,1
256,random_1,331,419,433,60052337,1,30,60052307,179,85,111,0.0172040435434247724006850767636236330633300524,0.0172040435434247726553813606642506783828139305,1.0549307e-81,0.0172040435434247726553813606642506783828139305,0.01743811697905834484645382,0.011342891268171449,0.0013418250037609685821,1
256,random_1,331,419,433,60052337,2,60,60052277,27,170,222,0.0164496560046412054962843539006780212303632893,0.0164496560046412040878571758639736799523234367,4.271794e-81,0.0336536995480659767432385365282243583351373672,0.03411158243211660084925896,0.011342891268171449,0.0013418250037609685821,1
256,random_1,331,419,433,60052337,3,58,60052279,324,304,128,0.0161425231132526321231741723894529301913041715,0.0161425231132526318666986497873949701897799969,1.0106012e-80,0.0497962226613186120793841382692335173487663269,0.05047373622901497186576947,0.011342891268171449,0.0013418250037609685821,1
256,random_1,331,419,433,60052337,4,28,60052309,145,219,17,0.0159112532454473655780675176879474345380981375,0.0159112532454473640242120779930701246485114098,8.4376365e-81,0.0657074759067659830424901201695320196449756622,0.06660147356455412004372363,0.011342891268171449,0.0013418250037609685821,1
256,random_1,331,419,433,60052337,5,88,60052249,172,389,239,0.0158830269678478636099388453161266048651400457,0.0158830269678478623596173946452836389653384686,9.6807061e-81,0.0815905028746138488715544667684298474341630936,0.08270060058360452492909332,0.011342891268171449,0.0013418250037609685821,1
256,random_1,331,419,433,60052337,6,90,60052247,206,255,333,0.0152463351040370527102604066938654051638114702,0.0152463351040370530264933535136151476763188839,1.3753778e-80,0.0968368379786509053674947722356591839343309402,0.09815437308627492085655319,0.011342891268171449,0.0013418250037609685821,1
256,random_1,331,419,433,60052337,7,2,60052335,34,285,94,0.0152002750711709953635450507394293169148448841,0.0152002750711709953834738229261347441934049129,9.8999065e-82,0.112037113049821904220415547115408116951584816,0.1135614588760716775484028,0.011342891268171449,0.0013418250037609685821,1
256,random_1,331,419,433,60052337,8,118,60052219,20,55,350,0.0151535479694858354391043656486906354555805063,0.0151535479694858352117670108327729394659399986,1.5011324e-80,0.127190661019307732493288654040952678769826889,0.1289211818082226790327383,0.011342891268171449,0.0013418250037609685821,1
256,random_1,331,419,433,60052337,9,32,60052305,213,370,205,0.0140516818368170306882209918771663239289284759,0.0140516818368170304937025960612118069548159838,5.1414392e-82,0.141242342856124775130055581939814146608114243,0.1431640469233005363847155,0.011342891268171449,0.0013418250037609685821,1
256,random_1,331,419,433,60052337,10,148,60052189,199,140,28,0.0140050040776233667532885592421757630010561622,0.0140050040776233675199335948491352610290050507,5.4921642e-81,0.155247346933748142649989176788949407637119293,0.1573595991945643535192545,0.011342891268171449,0.0013418250037609685821,1
256,random_1,331,419,433,60052337,11,120,60052217,54,340,11,0.0136706145895568742438710845872356185979822487,0.0136706145895568748765969147029863961506634951,1.5816608e-80,0.168917961523305015791862615515128709375858307,0.1712162123673102998022699,0.011342891268171449,0.0013418250037609685821,1
256,random_1,331,419,433,60052337,12,116,60052221,317,189,256,0.0126847162719324185838275897459137590335182691,0.0126847162719324179497304427854942332487553358,1.4691581e-80,0.181602677795237421598528726462973281741142273,0.1840735133638926879218189,0.011342891268171449,0.0013418250037609685821,1
256,random_2,379,419,463,73524863,1,43,73524820,341,204,284,0.0324513221601979265623980224538679478689994593,0.0324513221601979290342754325138230342417955399,1.7080278e-80,0.0324513221601979290342754325138230342417955399,0.03258740902945247291944142,0.01834198624255454,0.00027414872928860703483,1
256,random_2,379,419,463,73524863,2,103,73524760,50,323,45,0.0305748131510613282876631709610439251415052975,0.0305748131510613294081757373987784376367926598,8.2219719e-81,0.063026135311259251503557266005373094230890274,0.06329043977914446117427616,0.01834198624255454,0.00027414872928860703483,1
256,random_2,379,419,463,73524863,3,60,73524803,88,119,224,0.0276929581431374832409103835082328377356616274,0.0276929581431374846611781492811132920905947685,1.608556e-81,0.090719093454396729225841511379258008673787117,0.09109953026214447080466385,0.01834198624255454,0.00027414872928860703483,1
256,random_2,379,419,463,73524863,4,220,73524643,70,157,204,0.0272004118161706778191594330224317833887390972,0.0272004118161706769096763736115462961606681347,1.5483963e-80,0.117919505270567409604964836944418493658304214,0.1184140088910084487316965,0.01834198624255454,0.00027414872928860703483,1
256,random_2,379,419,463,73524863,5,177,73524686,108,372,383,0.0268649011907436408949548533969516281094237017,0.0268649011907436396917603360634529963135719299,1.5900733e-80,0.144784406461311049296725173007871489971876144,0.1453915699073774769889411,0.01834198624255454,0.00027414872928860703483,1
256,random_2,379,419,463,73524863,6,117,73524746,20,253,159,0.0229098496015007610537796709978190217767610403,0.0229098496015007618842318493079801555722951889,1.581879e-80,0.167694256062811797303169214501394890248775482,0.1683974935514694348803744,0.01834198624255454,0.00027414872928860703483,1
256,random_2,379,419,463,73524863,7,15,73524848,22,344,56,0.0225401468616434279343689373157104848741284105,0.0225401468616434272340676159274153178557753563,2.051907e-80,0.190234402924455231476130734336038585752248764,0.1910321640816338706336808,0.01834198624255454,0.00027414872928860703483,1
256,random_2,379,419,463,73524863,8,235,73524628,92,82,260,0.0223612507282702638639220641976266076050751901,0.022361250728270262722041650249593658372759819,2.0202738e-80,0.212595653652725508075960192400088999420404434,0.213487188265087390881547,0.01834198624255454,0.00027414872928860703483,1
256,random_2,379,419,463,73524863,9,74,73524789,58,49,338,0.0195482666396576735359795614275856401690333178,0.0195482666396576722223077382523115375079214573,5.3486675e-81,0.232143920292383176828820978698786348104476929,0.2331174319161349595130872,0.01834198624255454,0.00027414872928860703483,1
256,random_2,379,419,463,73524863,10,118,73524745,72,248,101,0.0191498308560113022584100955393390208256131779,0.0191498308560113031373539627111313166096806526,3.5441383e-81,0.251293751148394473027281037502689287066459656,0.2523475689154547896286829,0.01834198624255454,0.00027414872928860703483,1
256,random_2,379,419,463,73524863,11,146,73524717,12,108,329,0.0189537232705453618095962420510768068320919927,0.0189537232705453626002700673325307434424757957,4.5298478e-80,0.270247474418939814810869393113534897565841675,0.2713807759385533646678823,0.01834198624255454,0.00027414872928860703483,1
256,random_2,379,419,463,73524863,12,185,73524678,145,332,382,0.0186161349718431479884603403017967156129720043,0.018616134971843147083436775801601470448076725,4.2262419e-81,0.288863609390782982710987880636821500957012177,0.2900749789630149289010319,0.01834198624255454,0.00027414872928860703483,1
256,random_3,283,331,439,41122447,1,3,41122444,172,68,82,0.0247148498174382822047832858519868981726654411,0.024714849817438280799031247170205460861325264,1.9161401e-81,0.024714849817438280799031247170205460861325264,0.02495918766680434858207249,0.015865913331623432,0.00082654156847545429132,1
256,random_3,283,331,439,41122447,2,82,41122365,79,314,339,0.0225107155037909687891690206348792490698940088,0.0225107155037909678618746056599775329232215881,2.9132153e-80,0.0472255653212292486609058528301829937845468521,0.04769245033776470243935819,0.015865913331623432,0.00082654156847545429132,1
256,random_3,283,331,439,41122447,3,6,41122441,61,136,164,0.0224602147957804029074920659890968861456202136,0.0224602147957804025579786610933297197334468365,2.2773512e-81,0.0696857801170096546883314658771269023418426514,0.07037471303673037414938563,0.015865913331623432,0.00082654156847545429132,1
256,random_3,283,331,439,41122447,4,79,41122368,190,246,257,0.0220674808951159895701155782277396408430259492,0.0220674808951159887038251383728493237867951393,2.6961509e-80,0.0917532610121256503310505081572046037763357162,0.0926603591589332392652878,0.015865913331623432,0.00082654156847545429132,1
256,random_3,283,331,439,41122447,5,85,41122362,251,51,421,0.0215595291266077364034167324868696772778851036,0.0215595291266077355996078068756105494685471058,1.5958907e-80,0.113312790138733382461211363079200964421033859,0.1144330317607816643876717,0.015865913331623432,0.00082654156847545429132,1
256,random_3,283,331,439,41122447,6,76,41122371,18,178,175,0.0202660430972451140872503465475471860020602453,0.0202660430972451156839131414244548068381845951,6.119392e-81,0.133578833235978494675677552550041582435369492,0.1348994305721872288827967,0.015865913331623432,0.00082654156847545429132,1
256,random_3,283,331,439,41122447,7,88,41122359,140,119,64,0.0193505208712037280351796239540114662205382559,0.0193505208712037267415606578424558392725884914,1.0478304e-80,0.152929354107182224886685162346111610531806946,0.1544412560512970489234874,0.015865913331623432,0.00082654156847545429132,1
256,random_3,283,331,439,41122447,8,9,41122438,233,204,246,0.0190143057883501085558426563181602705552703532,0.0190143057883501095939315916893974645063281059,1.5285788e-82,0.171943659895532341419510657942737452685832977,0.1736435425321390113584386,0.015865913331623432,0.00082654156847545429132,1
256,random_3,283,331,439,41122447,9,51,41122396,94,163,77,0.017385977457469273626690745779684909485168243,0.017385977457469274642942735908945905975997448,1.4182453e-80,0.189329637353001623001347297758911736309528351,0.1912014025773021153042919,0.015865913331623432,0.00082654156847545429132,1
256,random_3,283,331,439,41122447,10,54,41122393,266,231,159,0.0173577969451436180750969320872521826034584095,0.0173577969451436178727199433069472433999180794,2.72497e-80,0.206687434298145233935173337158630602061748505,0.2087308035097908687216517,0.015865913331623432,0.00082654156847545429132,1
256,random_3,283,331,439,41122447,11,73,41122374,129,110,93,0.0173131073746245260029235721400179670341938891,0.0173131073746245270350563316696934634819626808,8.8154374e-81,0.22400054167276975403133576492109568789601326,0.2262150730582909163857153,0.015865913331623432,0.00082654156847545429132,1
256,random_3,283,331,439,41122447,12,28,41122419,96,83,180,0.0166924549000988850693154125206007606634998606,0.0166924549000988867164529949604911962524056435,7.4274033e-81,0.240692996572868633808894855974358506500720978,0.2430725541900301822639818,0.015865913331623432,0.00082654156847545429132,1
