X,rep,seed,F3,ordered_primitive_signed_total,ordered_primitive_abs_mass,triple_top1_abs_share,triple_top5_abs_share,triple_top10_abs_share,triple_participation_ratio,max_load,rows_K_ge_3
32,0,731420000,6.0,3.8196360484665504,6.8755453384381475,0.7777696793818409,1.0,1.0,1.5927009145324205,3.0,1.0
32,1,731420001,0.0,-0.8641908330575236,0.8641908330575236,0.445783653454871,1.0,1.0,2.9745656666286266,2.0,0.0
32,2,731420002,0.0,-2.5292721207440065,2.5292721207440065,0.285324726787353,1.0,1.0,3.9318431376094707,2.0,0.0
32,3,731420003,0.0,-2.471259961429995,2.471259961429995,0.3131146841130672,1.0,1.0,3.80972951347934,2.0,0.0
32,4,731420004,6.0,4.1719334254388025,6.299683333263122,0.8311224711415627,1.0,1.0,1.4270215102782187,3.0,1.0
32,5,731420005,6.0,3.297377155413602,7.863853267671401,0.7096540362069854,1.0,1.0,1.8684077076068357,3.0,1.0
32,6,731420006,6.0,3.176442661597752,7.499546402236174,0.7117756522348216,1.0,1.0,1.8653786033148299,3.0,1.0
32,7,731420007,6.0,4.034492478775783,6.5683626686750864,0.8071155387031625,1.0,1.0,1.5033873613037272,3.0,1.0
32,8,731420008,0.0,-0.772814099280123,1.4165965313370759,0.33962024098778304,1.0,1.0,3.490593842981662,2.0,0.0
32,9,731420009,0.0,-2.919518953756106,2.919518953756106,0.2596205386718703,1.0,1.0,3.996399979364465,2.0,0.0
32,10,731420010,0.0,-1.4706480211396888,1.4706480211396888,0.4795443472334727,1.0,1.0,3.0999152594245345,2.0,0.0
32,11,731420011,0.0,-2.3392479013891467,2.3392479013891467,0.33078485684433656,1.0,1.0,3.6711987603017584,2.0,0.0
32,12,731420012,0.0,-2.5921944552458447,2.5921944552458447,0.28222625447268906,1.0,1.0,3.9376980506844452,2.0,0.0
32,13,731420013,0.0,-1.806438945264771,1.806438945264771,0.4119946659009444,1.0,1.0,3.3373554620762245,2.0,0.0
32,14,731420014,0.0,-1.2254821387981683,1.4978100376890013,0.5074501367643779,1.0,1.0,2.698692894090034,2.0,0.0
32,15,731420015,0.0,-1.2525386547167665,1.2525386547167665,0.5862667406013982,1.0,1.0,2.481062174329618,2.0,0.0
32,16,731420016,0.0,-1.4811980842111163,1.4811980842111163,0.47904900683478113,1.0,1.0,3.0948764837257254,2.0,0.0
32,17,731420017,0.0,-2.739359043373031,2.739359043373031,0.3542832751360789,1.0,1.0,3.4457288530143013,2.0,0.0
32,18,731420018,0.0,-2.313061765673941,2.313061765673941,0.3303809833311478,1.0,1.0,3.674795525474581,2.0,0.0
32,19,731420019,0.0,-1.1577902966161222,1.3111662343766113,0.5676192615489837,1.0,1.0,2.28907245986146,2.0,0.0
32,20,731420020,0.0,-2.313061765673941,2.313061765673941,0.3303809833311478,1.0,1.0,3.674795525474581,2.0,0.0
32,21,731420021,0.0,-1.4168778663523138,1.4168778663523138,0.37471961181555036,1.0,1.0,3.492770399494841,2.0,0.0
32,22,731420022,0.0,-1.046720111772057,1.574346349412594,0.39966298378022186,1.0,1.0,2.900536443697947,2.0,0.0
32,23,731420023,0.0,-0.9167477305916846,1.1107458070367822,0.6289219566249802,1.0,1.0,2.235528622986148,2.0,0.0
32,24,731420024,6.0,3.080481046243894,7.495383523182573,0.7054918895554999,1.0,1.0,1.8987685969929855,3.0,1.0
32,25,731420025,0.0,-1.2853933094650367,1.2853933094650367,0.4366334940665504,1.0,1.0,2.636090010696232,2.0,0.0
32,26,731420026,6.0,4.097599439381371,6.820693802185951,0.8003799582725836,1.0,1.0,1.528400913067644,3.0,1.0
32,27,731420027,0.0,-1.2952576184368214,1.2952576184368214,0.425899529617789,1.0,1.0,2.682161653894882,2.0,0.0
32,28,731420028,0.0,-1.380141667565681,1.380141667565681,0.3846937865487763,1.0,1.0,3.4380734485393956,2.0,0.0
32,29,731420029,6.0,3.601526682043628,6.987991427341111,0.7576939825621671,1.0,1.0,1.6809125344770401,3.0,1.0
32,30,731420030,6.0,3.8145412471749736,7.414974459139843,0.7572187718376491,1.0,1.0,1.6731594357823287,3.0,1.0
32,31,731420031,6.0,3.443855989441145,7.112165669691811,0.7421102199655577,1.0,1.0,1.744483441604475,3.0,1.0
32,32,731420032,0.0,-1.167654605587907,1.3018382202776242,0.5762178753406202,1.0,1.0,2.257610090344306,2.0,0.0
32,33,731420033,6.0,4.034492478775783,6.903643673085049,0.7922002256942151,1.0,1.0,1.5519906278795166,3.0,1.0
32,34,731420034,0.0,-1.3868101865987457,1.3868101865987457,0.3977830677600236,1.0,1.0,3.383135847427126,2.0,0.0
32,35,731420035,0.0,-2.408337626928157,2.408337626928157,0.31074169731594464,1.0,1.0,3.8160546873948498,2.0,0.0
32,36,731420036,0.0,-2.349112210360931,2.349112210360931,0.3253108205212653,1.0,1.0,3.6885853260955224,2.0,0.0
32,37,731420037,0.0,-2.365618663208102,2.365618663208102,0.3104142548411494,1.0,1.0,3.8178124165165883,2.0,0.0
32,38,731420038,0.0,-0.7576791546322378,0.9110550923927269,0.5936560628796688,1.0,1.0,2.320194257712825,2.0,0.0
32,39,731420039,6.0,4.651499729929375,6.6000040661701425,0.8523861260761733,1.0,1.0,1.36000626286692,3.0,1.0
32,40,731420040,0.0,-2.276325566887308,2.276325566887308,0.3287626922913521,1.0,1.0,3.661347012667228,2.0,0.0
32,41,731420041,0.0,-0.2682749163275597,0.3066639583287162,0.45965568647687854,1.0,1.0,2.555609963651006,2.0,0.0
32,42,731420042,0.0,-1.7853476108411424,1.7853476108411424,0.4113046390064583,1.0,1.0,3.4194357759646445,2.0,0.0
32,43,731420043,0.0,-1.9655075212242177,1.9655075212242177,0.3554157990906387,1.0,1.0,3.5759888170046294,2.0,0.0
32,44,731420044,6.0,4.6785562458479735,6.198952210229056,0.8773666974015192,1.0,1.0,1.2846244074082382,3.0,1.0
32,45,731420045,6.0,3.634381336791898,7.517525468053731,0.7417272380543614,1.0,1.0,1.7454602894178315,3.0,1.0
32,46,731420046,0.0,-0.9879123018680754,1.788868694391231,0.3137434143272784,1.0,1.0,3.8301317399186927,2.0,0.0
32,47,731420047,6.0,5.110836288480485,6.536404769287887,0.8833730147855091,1.0,1.0,1.2693945037374348,3.0,1.0
32,48,731420048,0.0,-2.4661651601384182,2.4661651601384182,0.3073464404121065,1.0,1.0,3.8413790843624884,2.0,0.0
32,49,731420049,0.0,-0.266015444486429,0.9817844735674214,0.5670023237800155,1.0,1.0,2.4389897130197826,2.0,0.0
32,50,731420050,0.0,-1.9655075212242177,1.9655075212242177,0.3554157990906387,1.0,1.0,3.5759888170046294,2.0,0.0
32,51,731420051,0.0,-1.9391367594052622,1.9391367594052622,0.29758936181788503,1.0,1.0,3.9030000456362535,2.0,0.0
32,52,731420052,0.0,-1.3319938172234542,1.3319938172234542,0.42603073815802067,1.0,1.0,2.740255074599198,2.0,0.0
32,53,731420053,0.0,-1.8115337465563477,1.8115337465563477,0.4108359621451104,1.0,1.0,3.416441499243275,2.0,0.0
32,54,731420054,0.0,-0.8958322305525797,0.8958322305525797,0.2714191079051965,1.0,1.0,3.963804576328954,2.0,0.0
32,55,731420055,0.0,-0.30432536101454977,0.6974998365289706,0.38503642734697996,1.0,1.0,3.280464495475264,2.0,0.0
32,56,731420056,6.0,3.106667181959099,7.469197387467368,0.7079652619150086,1.0,1.0,1.887980310913892,3.0,1.0
32,57,731420057,0.0,-2.6764367088711927,2.6764367088711927,0.35311585371862547,1.0,1.0,3.429970421250013,2.0,0.0
32,58,731420058,6.0,4.550267478899416,6.295599579682556,0.8613847594107037,1.0,1.0,1.33484803775956,3.0,1.0
32,59,731420059,0.0,-2.919518953756106,2.919518953756106,0.2596205386718703,1.0,1.0,3.996399979364465,2.0,0.0
32,60,731420060,0.0,-0.8253709968142839,1.097698895705117,0.5071282116998782,1.0,1.0,2.8748680162884117,2.0,0.0
32,61,731420061,0.0,-2.302511702602514,2.302511702602514,0.32919141413273617,1.0,1.0,3.6577792727212377,2.0,0.0
32,62,731420062,0.0,-0.9911080918067954,1.131617348479756,0.4528780862998586,1.0,1.0,3.0298359549091534,2.0,0.0
32,63,731420063,0.0,-2.702622844586398,2.702622844586398,0.35324514362950565,1.0,1.0,3.428512854087756,2.0,0.0
64,0,731740000,0.0,0.0,0.0,0.0,0.0,0.0,0.0,2.0,0.0
64,1,731740001,0.0,0.0,0.0,0.0,0.0,0.0,0.0,2.0,0.0
64,2,731740002,0.0,0.0,0.0,0.0,0.0,0.0,0.0,2.0,0.0
64,3,731740003,0.0,0.0,0.0,0.0,0.0,0.0,0.0,2.0,0.0
64,4,731740004,0.0,0.0,0.0,0.0,0.0,0.0,0.0,2.0,0.0
64,5,731740005,0.0,0.0,0.0,0.0,0.0,0.0,0.0,2.0,0.0
64,6,731740006,0.0,0.0,0.0,0.0,0.0,0.0,0.0,2.0,0.0
64,7,731740007,0.0,0.0,0.0,0.0,0.0,0.0,0.0,2.0,0.0
64,8,731740008,0.0,0.0,0.0,0.0,0.0,0.0,0.0,2.0,0.0
64,9,731740009,0.0,0.0,0.0,0.0,0.0,0.0,0.0,2.0,0.0
64,10,731740010,0.0,0.0,0.0,0.0,0.0,0.0,0.0,2.0,0.0
64,11,731740011,0.0,0.0,0.0,0.0,0.0,0.0,0.0,2.0,0.0
64,12,731740012,0.0,0.0,0.0,0.0,0.0,0.0,0.0,2.0,0.0
64,13,731740013,0.0,0.0,0.0,0.0,0.0,0.0,0.0,2.0,0.0
64,14,731740014,0.0,0.0,0.0,0.0,0.0,0.0,0.0,2.0,0.0
64,15,731740015,0.0,0.0,0.0,0.0,0.0,0.0,0.0,2.0,0.0
64,16,731740016,0.0,0.0,0.0,0.0,0.0,0.0,0.0,2.0,0.0
64,17,731740017,0.0,0.0,0.0,0.0,0.0,0.0,0.0,2.0,0.0
64,18,731740018,0.0,0.0,0.0,0.0,0.0,0.0,0.0,2.0,0.0
64,19,731740019,0.0,0.0,0.0,0.0,0.0,0.0,0.0,2.0,0.0
64,20,731740020,0.0,0.0,0.0,0.0,0.0,0.0,0.0,2.0,0.0
64,21,731740021,0.0,0.0,0.0,0.0,0.0,0.0,0.0,2.0,0.0
64,22,731740022,0.0,0.0,0.0,0.0,0.0,0.0,0.0,2.0,0.0
64,23,731740023,0.0,0.0,0.0,0.0,0.0,0.0,0.0,2.0,0.0
64,24,731740024,0.0,0.0,0.0,0.0,0.0,0.0,0.0,2.0,0.0
64,25,731740025,0.0,0.0,0.0,0.0,0.0,0.0,0.0,2.0,0.0
64,26,731740026,0.0,0.0,0.0,0.0,0.0,0.0,0.0,2.0,0.0
64,27,731740027,0.0,0.0,0.0,0.0,0.0,0.0,0.0,2.0,0.0
64,28,731740028,0.0,0.0,0.0,0.0,0.0,0.0,0.0,2.0,0.0
64,29,731740029,0.0,0.0,0.0,0.0,0.0,0.0,0.0,2.0,0.0
64,30,731740030,0.0,0.0,0.0,0.0,0.0,0.0,0.0,2.0,0.0
64,31,731740031,0.0,0.0,0.0,0.0,0.0,0.0,0.0,2.0,0.0
64,32,731740032,0.0,0.0,0.0,0.0,0.0,0.0,0.0,2.0,0.0
64,33,731740033,0.0,0.0,0.0,0.0,0.0,0.0,0.0,2.0,0.0
64,34,731740034,0.0,0.0,0.0,0.0,0.0,0.0,0.0,2.0,0.0
64,35,731740035,0.0,0.0,0.0,0.0,0.0,0.0,0.0,2.0,0.0
64,36,731740036,0.0,0.0,0.0,0.0,0.0,0.0,0.0,2.0,0.0
64,37,731740037,0.0,0.0,0.0,0.0,0.0,0.0,0.0,2.0,0.0
64,38,731740038,0.0,0.0,0.0,0.0,0.0,0.0,0.0,2.0,0.0
64,39,731740039,0.0,0.0,0.0,0.0,0.0,0.0,0.0,2.0,0.0
64,40,731740040,0.0,0.0,0.0,0.0,0.0,0.0,0.0,2.0,0.0
64,41,731740041,0.0,0.0,0.0,0.0,0.0,0.0,0.0,2.0,0.0
64,42,731740042,0.0,0.0,0.0,0.0,0.0,0.0,0.0,2.0,0.0
64,43,731740043,0.0,0.0,0.0,0.0,0.0,0.0,0.0,2.0,0.0
64,44,731740044,0.0,0.0,0.0,0.0,0.0,0.0,0.0,2.0,0.0
64,45,731740045,0.0,0.0,0.0,0.0,0.0,0.0,0.0,2.0,0.0
64,46,731740046,0.0,0.0,0.0,0.0,0.0,0.0,0.0,2.0,0.0
64,47,731740047,0.0,0.0,0.0,0.0,0.0,0.0,0.0,2.0,0.0
64,48,731740048,0.0,0.0,0.0,0.0,0.0,0.0,0.0,2.0,0.0
64,49,731740049,0.0,0.0,0.0,0.0,0.0,0.0,0.0,2.0,0.0
64,50,731740050,0.0,0.0,0.0,0.0,0.0,0.0,0.0,2.0,0.0
64,51,731740051,0.0,0.0,0.0,0.0,0.0,0.0,0.0,2.0,0.0
64,52,731740052,0.0,0.0,0.0,0.0,0.0,0.0,0.0,2.0,0.0
64,53,731740053,0.0,0.0,0.0,0.0,0.0,0.0,0.0,2.0,0.0
64,54,731740054,0.0,0.0,0.0,0.0,0.0,0.0,0.0,2.0,0.0
64,55,731740055,0.0,0.0,0.0,0.0,0.0,0.0,0.0,2.0,0.0
64,56,731740056,0.0,0.0,0.0,0.0,0.0,0.0,0.0,2.0,0.0
64,57,731740057,0.0,0.0,0.0,0.0,0.0,0.0,0.0,2.0,0.0
64,58,731740058,0.0,0.0,0.0,0.0,0.0,0.0,0.0,2.0,0.0
64,59,731740059,0.0,0.0,0.0,0.0,0.0,0.0,0.0,2.0,0.0
64,60,731740060,0.0,0.0,0.0,0.0,0.0,0.0,0.0,2.0,0.0
64,61,731740061,0.0,0.0,0.0,0.0,0.0,0.0,0.0,2.0,0.0
64,62,731740062,0.0,0.0,0.0,0.0,0.0,0.0,0.0,2.0,0.0
64,63,731740063,0.0,0.0,0.0,0.0,0.0,0.0,0.0,2.0,0.0
128,0,732380000,90.0,39.71003077828971,135.32754832900434,0.043982574602975805,0.21720526536471618,0.43172697612268063,35.32583772314672,4.0,12.0
128,1,732380001,54.0,5.129931081173877,99.1961467277743,0.059554074456888206,0.2947109234493572,0.5294100287635994,31.79076139130128,3.0,9.0
128,2,732380002,66.0,18.167686455174685,109.76670043991176,0.05345093398993508,0.2653315931375298,0.5257898795726899,32.01383526338861,3.0,11.0
128,3,732380003,60.0,2.359328432612223,110.89648966704607,0.052320187556349644,0.26060668583947855,0.5106375253161567,36.714747587631685,3.0,10.0
128,4,732380004,54.0,12.324139639342228,93.60641508897237,0.06346108109340907,0.3130847980172348,0.5609845043286925,28.373035785379976,3.0,9.0
128,5,732380005,48.0,-1.1495923168419637,94.92088881731124,0.06246756659990201,0.3091742644059823,0.5029068298543239,31.95878198286584,3.0,8.0
128,6,732380006,24.0,-15.521534538231744,63.71624660519791,0.09171761949124503,0.3696722934161807,0.41116643059259605,29.1778338101321,3.0,4.0
128,7,732380007,42.0,-2.2947782271219435,85.50871715826355,0.06880800451970157,0.3412153446103331,0.4964007164481545,30.094514441632853,3.0,7.0
128,8,732380008,54.0,1.3382791646948053,102.0330978110175,0.05774716801035473,0.2850454085285764,0.5124317483563109,33.676806817121204,4.0,6.0
128,9,732380009,48.0,0.19576962056847544,92.6667738217272,0.0635064959838447,0.314082350303541,0.5099180144693904,31.14200705493121,3.0,8.0
128,10,732380010,84.0,29.67709323809954,130.34779037207375,0.04487116504414056,0.22374449323310514,0.44468339867422174,36.19464097178818,4.0,11.0
128,11,732380011,42.0,-1.923870944561199,85.16796033453703,0.06983526853523968,0.345225676009284,0.5022853418931339,28.977326697594528,3.0,7.0
128,12,732380012,78.0,31.812040368974667,120.30808551365296,0.04918357140629445,0.24421003787063184,0.48345520944997683,32.629236556884194,4.0,10.0
128,13,732380013,36.0,-12.112634204631417,82.29191859369902,0.07145247487166399,0.354040238733814,0.45333487814496953,31.715530536729467,3.0,6.0
128,14,732380014,72.0,17.93435167590541,119.58583813227891,0.049171306104736405,0.2441780604192417,0.4830693250176433,35.21152299134715,4.0,6.0
128,15,732380015,48.0,-0.5242911905747089,91.94598521413162,0.06383354890666414,0.3132766112935104,0.5101806075440533,31.390281612390545,3.0,8.0
128,16,732380016,54.0,11.67571479552846,94.58988107671411,0.062147437023391594,0.30900490214374843,0.5574789390683923,28.655433935523217,4.0,6.0
128,17,732380017,60.0,9.072284704973747,105.02494444906594,0.05633570165697864,0.27883832634189865,0.5431255402294898,32.6912856862291,3.0,10.0
128,18,732380018,84.0,29.100616927589066,133.19219126017157,0.0444823978108993,0.22083154484298745,0.4377868806149339,36.80984027769791,3.0,14.0
128,19,732380019,60.0,12.198014335419918,104.35646369333556,0.05653607743679033,0.2814490344035827,0.5538862575094692,31.499065523623567,4.0,7.0
128,20,732380020,42.0,-7.357843640961568,89.57989059135909,0.06592738032192727,0.32592073477003536,0.47450149282536574,32.333821718867846,3.0,7.0
128,21,732380021,48.0,2.524102296168783,91.23532768449306,0.06458644528426517,0.32072734280469106,0.5242007932239844,29.67910263377599,3.0,8.0
128,22,732380022,132.0,83.53754389089859,167.26751451375733,0.0350589312562013,0.17355788205426317,0.344375996773803,39.335174128657954,5.0,10.0
128,23,732380023,36.0,-14.360158558856549,83.55081253431548,0.13964969333802416,0.4137006025668326,0.4474163633368932,25.01703176036883,3.0,6.0
128,24,732380024,66.0,11.761694409057972,115.97232262925807,0.05082796742734363,0.2521796546802648,0.5008054141156997,35.08384597029711,3.0,11.0
128,25,732380025,84.0,28.87875738627463,131.3502375101652,0.04493054854616983,0.22200925547033998,0.4395702489321847,36.666761737862736,4.0,11.0
128,26,732380026,36.0,-13.508831459242435,83.84745120771113,0.07040187252596185,0.34767463702928264,0.4423846884354807,32.70077098125434,3.0,6.0
128,27,732380027,54.0,6.034263677477166,98.56643537509986,0.059745119673926775,0.29682008269793536,0.5368224126015754,31.110079953277324,3.0,9.0
128,28,732380028,78.0,30.010023286278606,120.27272360188879,0.049163179701368714,0.24365494245475072,0.48343405304616693,32.684645106880176,4.0,10.0
128,29,732380029,72.0,25.684055316495975,112.33780914399256,0.05249734819371957,0.2593109762623195,0.5129947039873064,31.240742824074605,4.0,9.0
128,30,732380030,84.0,32.92837685770763,129.16463987847072,0.04596436417424966,0.22690743981849057,0.45136161208156367,34.683849903885346,4.0,11.0
128,31,732380031,42.0,2.2095938418105967,81.41299868075032,0.07278145268352175,0.36104652775662327,0.5241030970685617,26.745312901165526,3.0,7.0
128,32,732380032,36.0,-17.221057460970204,86.50302556936118,0.0673751819228553,0.3343067124919692,0.43249822031517404,35.603622766386586,3.0,6.0
128,33,732380033,42.0,-13.901512863986044,94.91778581839127,0.06234323578176252,0.3081210246184327,0.44365910586418034,36.5758413091582,3.0,7.0
128,34,732380034,30.0,-13.993714172626552,70.67906087206248,0.08173096731501758,0.3954360513674339,0.42982968718899667,30.085728304533397,3.0,5.0
128,35,732380035,36.0,-11.814182545486037,80.68793203731715,0.07327472565654441,0.3563257410515861,0.45115209838448916,31.517495202,3.0,6.0
128,36,732380036,60.0,2.476230711367318,112.39639837611169,0.05266011765639398,0.2593221535040262,0.5110156141439742,36.584613478867574,4.0,7.0
128,37,732380037,66.0,11.103487497447768,115.92903238120181,0.05101490917398197,0.2531568135167385,0.4976008323752955,35.56489900993215,4.0,8.0
128,38,732380038,66.0,22.065981634771507,108.76764615993072,0.05472981126965005,0.27202911040102123,0.541390466504829,30.207186793003046,4.0,8.0
128,39,732380039,36.0,-14.88663065275244,82.00104909879057,0.07093745046300405,0.34143959888155856,0.43219486520871253,34.48257222218015,3.0,6.0
128,40,732380040,54.0,7.894101971739365,96.87630733423634,0.06028455772315958,0.29754180591499246,0.536285186059284,30.871963304460852,3.0,9.0
128,41,732380041,66.0,20.536065217714114,107.43887379329983,0.05496497351306888,0.272350462134235,0.5393125931782804,30.71349024570573,3.0,11.0
128,42,732380042,36.0,-9.052288783480124,78.93960933355389,0.07542768110633424,0.3655887257009094,0.46332596157001327,30.196155489950133,3.0,6.0
128,43,732380043,36.0,-16.005226455851066,84.64479127282786,0.06836836393164882,0.3384258176412722,0.4316997908048993,34.523758696644904,3.0,6.0
128,44,732380044,60.0,1.8057821346549903,112.41335178606661,0.052663515270020514,0.2602792542210764,0.5078825708140383,37.0106286904087,3.0,10.0
128,45,732380045,54.0,5.441355966100448,100.25887428922165,0.0591766990210505,0.2939504175268039,0.5319623066913777,31.560374339912926,4.0,6.0
128,46,732380046,54.0,6.152722044179918,98.99938331604923,0.05986069282440418,0.2975228727810091,0.5348657829459033,31.019472928936672,4.0,6.0
128,47,732380047,48.0,-1.2394444019031614,93.91275396451162,0.06292831027765768,0.30746123196806513,0.4997192657543466,32.28201605310425,3.0,8.0
128,48,732380048,48.0,1.7692806040879019,92.39696597305259,0.06423478574342834,0.31797347383644636,0.5186208437848603,30.312593089140208,3.0,8.0
128,49,732380049,84.0,32.12310471037831,130.24130600910226,0.04589451192594464,0.2265193184647657,0.4481543953783708,35.21368251436057,4.0,11.0
128,50,732380050,60.0,7.6338998987038735,107.97831200455268,0.05531912077455294,0.27221020758297804,0.5338542816203513,33.626426938756985,3.0,10.0
128,51,732380051,36.0,-20.305554415958888,88.56196677002696,0.06681961457534748,0.3216634740810552,0.41373188180283355,38.00111520264376,3.0,6.0
128,52,732380052,30.0,-22.596920753334484,80.11665381467243,0.07340645805525925,0.3567002038534465,0.3951389030264608,36.33524266455145,3.0,5.0
128,53,732380053,54.0,6.858145800119295,99.73380501079588,0.05930879386401358,0.2941305575876237,0.5315822498914913,31.43857862118107,4.0,6.0
128,54,732380054,72.0,23.612903692876976,115.5720903866459,0.051339649927577814,0.25445430322508017,0.5025592139388778,32.48704838887434,4.0,9.0
128,55,732380055,24.0,-26.124337475113954,72.89670270701805,0.07989473245149663,0.32686837269486985,0.36654263466401027,36.32188179879811,3.0,4.0
128,56,732380056,48.0,-0.9079244460378805,94.67532815508923,0.06290101456566458,0.3100280284802113,0.5050345150236506,31.69351710254665,3.0,8.0
128,57,732380057,78.0,27.921925495694595,120.55360336371506,0.0495110679531876,0.24518273929122142,0.48226331302276865,33.44220253543452,4.0,10.0
128,58,732380058,24.0,-24.764162034127036,71.21416454272592,0.08190863366481199,0.32875292075214324,0.36808720727317085,35.95669978000727,3.0,4.0
128,59,732380059,48.0,4.936644390703537,87.07330418623556,0.06807530314593799,0.3356387216584021,0.534196204450534,28.300012899890998,3.0,8.0
128,60,732380060,66.0,15.72465384186965,110.65929768875769,0.05337553082774338,0.26163092816890315,0.5194281220507697,32.740091409331924,3.0,11.0
128,61,732380061,36.0,-12.364242817694974,82.61265552400545,0.07117785786325545,0.35387813587506567,0.44760555380315936,32.315464801823126,3.0,6.0
128,62,732380062,36.0,-11.203713945202482,80.49817943093504,0.07304464879857468,0.362714208944353,0.45848330552814304,30.789578414420628,3.0,6.0
128,63,732380063,78.0,21.829419662764252,128.50925777595123,0.04605157941954198,0.22881142055501297,0.4541165002569008,36.915222838093904,3.0,13.0
256,0,733660000,138.0,35.7430329766946,225.10698712228927,0.04560958720308078,0.15113946038096288,0.28093872825440075,62.137558985583276,4.0,17.0
256,1,733660001,126.0,16.894023862989524,223.41201438075717,0.026495716753819246,0.13182639001943117,0.26214191559453787,69.66111134575463,3.0,21.0
256,2,733660002,120.0,26.86431170533313,202.7656238813186,0.029467241760032323,0.1452209210729171,0.28884823508621627,60.71553524225436,3.0,20.0
256,3,733660003,90.0,-10.592199225739593,181.15437198031995,0.032796685851354514,0.1619470366386583,0.3189601905981266,65.54231852575023,3.0,15.0
256,4,733660004,102.0,-14.477338872132304,204.69709031337865,0.055458956702353825,0.17106380127906876,0.31225487913628924,66.0008518173021,3.0,17.0
256,5,733660005,126.0,28.481960925679576,215.82569002742898,0.027635423546020915,0.1376999192950837,0.27432383082661477,63.89482683097078,4.0,18.0
256,6,733660006,126.0,15.591656750727676,227.327233076276,0.026243128429855548,0.13045396790991978,0.2599277329549727,70.06082377388859,4.0,18.0
256,7,733660007,90.0,-15.888469564439477,187.9713890120752,0.03171465618373723,0.15742443377317314,0.31195414220107137,67.65048918575228,4.0,12.0
256,8,733660008,90.0,-11.31570442642571,182.0591666118204,0.03273840491750234,0.16214164580872134,0.3205662874490429,64.93043101963461,3.0,15.0
256,9,733660009,138.0,21.6350458086393,242.84693759347581,0.0437082183656739,0.14117087158481254,0.26163353683797863,69.37173726853553,4.0,20.0
256,10,733660010,150.0,42.32164749933732,243.1845335896122,0.02438437138178315,0.12147031205043189,0.24190345006399525,70.28388102835045,4.0,22.0
256,11,733660011,84.0,-13.061398157385867,174.55957013696244,0.06361704394231579,0.19832242316663062,0.36506418292881565,55.728827454536855,3.0,14.0
256,12,733660012,126.0,25.805039888567514,214.2809649628768,0.053350606385169586,0.16311685866628858,0.2981119267959661,59.51232192817957,3.0,21.0
256,13,733660013,102.0,4.38680798271564,189.61232176440515,0.03136924806364234,0.15591698501928697,0.30739544409041103,63.2400479770617,4.0,14.0
256,14,733660014,168.0,64.00382727526379,257.87404569802084,0.023096023619081165,0.11507719458390656,0.2295679399786615,69.91581710676036,5.0,16.0
256,15,733660015,84.0,-22.922497109175232,184.4897280563581,0.032316484280583556,0.15937645716235713,0.31679463567584465,68.56070885706687,3.0,14.0
256,16,733660016,102.0,-3.2344954677835442,199.0079808671643,0.029876397867911773,0.14900983314054786,0.2949140844122417,67.08014215272415,3.0,17.0
256,17,733660017,126.0,19.59458110601636,221.58388960221353,0.05167652447086852,0.18293240021540394,0.31539839346412146,57.74050968782711,4.0,18.0
256,18,733660018,102.0,-15.81099498614878,208.9485657975655,0.028339317449415414,0.14026448823743146,0.278857061438817,74.9203097338911,3.0,17.0
256,19,733660019,96.0,-5.888676395722386,190.43065041432916,0.03152532851659333,0.15447266320546332,0.30628546346846597,65.14469628538178,3.0,16.0
256,20,733660020,138.0,32.48805856381871,229.7670018430096,0.025910882854974178,0.1287938662323374,0.25627839572530764,68.69774787716743,4.0,20.0
256,21,733660021,150.0,39.60879291747027,244.0124173381279,0.04475789110087542,0.14188407975607542,0.2621212338137559,66.76689311934318,4.0,22.0
256,22,733660022,102.0,-1.5075600193551788,199.71290203194374,0.02979389868342162,0.14827221646072092,0.29385692145094244,66.29177998446954,4.0,14.0
256,23,733660023,156.0,54.08336987259563,247.21015525965987,0.04789479286509175,0.14397010243907113,0.2628079487839032,63.21424882547831,4.0,20.0
256,24,733660024,90.0,-16.77078509043593,190.81753310137364,0.031088353219720807,0.1543224013556664,0.3070502199768784,68.31218081753974,3.0,15.0
256,25,733660025,120.0,16.375437639475244,212.3215733779752,0.027949521146889016,0.13860951575553906,0.27504448693057465,67.00097403029703,4.0,17.0
256,26,733660026,96.0,-3.1974901530401603,182.81618272665082,0.03267494186704927,0.1601632482691905,0.3148908951568846,63.38302194659177,3.0,16.0
256,27,733660027,120.0,22.225097924503018,209.18228225106077,0.05663320907038808,0.16952196072006065,0.3085541233022486,57.72785041701324,3.0,20.0
256,28,733660028,78.0,-26.753838800980674,176.21021731761195,0.03370128121606019,0.16774665488310483,0.3303022652645532,67.83127988310515,3.0,13.0
256,29,733660029,120.0,12.53515866688032,214.98075221216135,0.027540467947519787,0.13652854432706293,0.27012288547065677,68.90327789377795,4.0,17.0
256,30,733660030,144.0,39.565554649095354,238.81664863009345,0.02498698698108596,0.1240529419894542,0.24709463276444457,68.30483402998266,4.0,21.0
256,31,733660031,120.0,18.418713500215503,208.9616078367293,0.028317445832752645,0.14029574264763914,0.27802548971580693,65.76028810407105,4.0,17.0
256,32,733660032,96.0,-5.215838165058785,188.70720343939774,0.031392332072474445,0.1566199022303749,0.31125195504199077,64.86693097933349,3.0,16.0
256,33,733660033,102.0,0.2548345568922796,197.4138687239426,0.0303082448647432,0.15073225928127845,0.29919264485633107,64.84734067304882,3.0,17.0
256,34,733660034,102.0,-0.1871714648961918,195.4545525389737,0.03027908351982203,0.1504410808061414,0.29891252834843407,65.14409491640228,3.0,17.0
256,35,733660035,138.0,26.387580307401997,233.02735468708136,0.025486624533718624,0.126485967298054,0.2514977832033324,71.39475904422537,3.0,23.0
256,36,733660036,90.0,-14.743457602976001,184.6900717903935,0.03198202798715024,0.159206876903672,0.31425958154310857,67.0032635559242,3.0,15.0
256,37,733660037,114.0,18.58534244576508,201.25107765138878,0.05727090712896209,0.1752706601183136,0.32133479723285274,56.23040599111084,4.0,16.0
256,38,733660038,90.0,-24.331695397074128,196.83418102588882,0.05984310246170719,0.1796025156305996,0.32540835986239547,64.37363853859891,4.0,12.0
256,39,733660039,108.0,4.779361178928843,202.86693671880548,0.02943875377600693,0.14508977404498957,0.28747948813285956,66.62714028244115,4.0,15.0
256,40,733660040,84.0,-27.454335851414676,188.0428712632579,0.0316886177702451,0.15616659570089692,0.30921934233191034,71.69005693910023,3.0,14.0
256,41,733660041,84.0,-21.412014729190982,180.86792233394542,0.03278824344442434,0.16201655774969118,0.3218745665130104,67.89487010889874,3.0,14.0
256,42,733660042,126.0,21.89688434161347,220.77620497322002,0.026995484169510454,0.13386341820059258,0.2659289459902507,66.74453043575657,3.0,21.0
256,43,733660043,84.0,-12.667994896762474,175.0810748534869,0.03402727802969805,0.16891909315581738,0.3347267595735702,62.319421544713606,3.0,14.0
256,44,733660044,66.0,-37.58323983890456,165.2118231220114,0.03600361592212228,0.1785084273248931,0.3523551911176032,68.79971226442755,3.0,11.0
256,45,733660045,138.0,40.55556464478834,221.98827307999233,0.02676793935127168,0.133443205311195,0.2655994099537012,64.0111018753301,4.0,20.0
256,46,733660046,102.0,4.075203451003719,191.0645379986712,0.03127082085687754,0.15452282468398829,0.30625774313715376,62.898980343199746,3.0,17.0
256,47,733660047,150.0,44.78602833678455,245.09806169942897,0.04719285234642721,0.14370773312791377,0.2635289658004015,64.53011364769797,4.0,22.0
256,48,733660048,108.0,14.217663355799516,190.58219407354713,0.0313532005051652,0.1546043113912892,0.3027784370316755,60.99465996324237,3.0,18.0
256,49,733660049,72.0,-25.64862593553486,162.4572922961167,0.03657274002355539,0.18140631104929994,0.3563346724562586,63.953945512316636,3.0,12.0
256,50,733660050,114.0,5.749132727672432,207.49415955946603,0.0548444045509739,0.16883330326303175,0.307687522150284,62.088665478724096,3.0,19.0
256,51,733660051,150.0,42.61888138980546,244.40867076687587,0.024233322413255886,0.12053501688241652,0.24016059066896636,70.22485598861432,4.0,19.0
256,52,733660052,120.0,15.01906849878673,212.80827631682575,0.05239236426836923,0.16354010025625562,0.30028778342607093,61.125342136936595,3.0,20.0
256,53,733660053,84.0,-20.624137775976052,180.64491881296397,0.06525963411338469,0.19518616697070929,0.354165913751759,58.989450332932186,3.0,14.0
256,54,733660054,138.0,25.56310977395641,237.51771438119212,0.0250805520957953,0.12440714264701389,0.24698098835301063,72.13221969750026,4.0,20.0
256,55,733660055,108.0,10.310907696655917,196.09039580868097,0.030260792805397493,0.150787988040183,0.2996902415183319,63.13906528909583,3.0,18.0
256,56,733660056,126.0,25.026156477698553,214.88049769894286,0.027750515427004543,0.13714216019404726,0.2723092643385175,65.30502525362492,4.0,15.0
256,57,733660057,108.0,1.2780839065910194,205.96343460587522,0.028849848565631206,0.1430328226309078,0.2847152803787805,67.9042309950679,4.0,15.0
256,58,733660058,108.0,4.961828539013634,202.53722061154434,0.02943542592104587,0.14611179532016094,0.2907204284768425,65.92085724894746,3.0,18.0
256,59,733660059,156.0,53.142744955695505,247.02606830846761,0.04521285922490064,0.1413668209335464,0.2604646906314206,64.2010722740173,4.0,20.0
256,60,733660060,108.0,5.756569408464586,198.82585820654833,0.030067698908597316,0.1495250945162912,0.29410740209015446,64.9732233723,3.0,18.0
256,61,733660061,90.0,-15.825563494039004,188.4089312837935,0.0314287634688506,0.15619754784604123,0.3109220646630003,67.52422982672938,4.0,12.0
256,62,733660062,108.0,-1.1810915877450994,208.26151749452106,0.02870037603432843,0.14250212591324926,0.28301666495702466,69.23859104423295,3.0,18.0
256,63,733660063,108.0,9.932269215252568,195.263001866559,0.030466987938321005,0.15109361167505192,0.2992808897041194,63.06679365658665,3.0,18.0
