X,rank_abs_C,p,q,r,zp,zq,zr,Hpqr,den,base_num,single_total_num,pair_total_num,primitive_num,lower_exact,C_exact,C_decimal,abs_C_decimal,total_excess_exact,scaled_reconstruction_error
32,1,37,41,61,2,2,2,0,92537,8192,-36,596,-8752,8752/92537,-8752/92537,-0.094578384862271311,0.094578384862271311,-8192/92537,0
32,2,37,41,59,2,2,2,0,89503,8192,172,-444,-7920,7920/89503,-7920/89503,-0.088488654011597376,0.088488654011597376,-8192/89503,0
32,3,41,59,61,2,2,2,0,147559,8192,-64,2430,-10558,10558/147559,-10558/147559,-0.071551040600708868,0.071551040600708868,-8192/147559,0
32,4,37,59,61,2,2,2,0,133163,8192,24,334,-8550,8550/133163,-8550/133163,-0.064207024473765237,0.064207024473765237,-8192/133163,0
128,1,163,193,241,2,4,2,1,7581619,262144,360,-192296,7511411,70208/7581619,7511411/7581619,0.9907397087614136,0.9907397087614136,7319475/7581619,0
128,2,179,191,251,2,2,2,1,8581439,131072,-260,25682,8424945,156494/8581439,8424945/8581439,0.9817636645788661,0.9817636645788661,8450367/8581439,0
128,3,139,191,197,2,2,2,1,5230153,131072,216,27354,5071511,158642/5230153,5071511/5230153,0.96966780895319893,0.96966780895319893,5099081/5230153,0
128,4,181,227,233,4,2,2,1,9573271,262144,-16,138460,9172683,400588/9573271,9172683/9573271,0.9581555771271909,0.9581555771271909,9311127/9573271,0
128,5,193,227,241,4,2,2,1,10558451,262144,-240,188244,10108303,450148/10558451,10108303/10558451,0.95736609470461154,0.95736609470461154,10296307/10558451,0
128,6,139,151,197,2,2,2,1,4134833,131072,-124,58230,3945655,189178/4134833,3945655/4134833,0.95424772898929655,0.95424772898929655,4003761/4134833,0
128,7,179,193,211,2,4,2,1,7289417,262144,1432,115016,6910825,378592/7289417,6910825/7289417,0.94806278746297545,0.94806278746297545,7027273/7289417,0
128,8,163,181,191,2,4,2,1,5635073,262144,576,33078,5339275,295798/5635073,5339275/5635073,0.9475076897850303,0.9475076897850303,5372929/5635073,0
128,9,181,197,211,4,2,2,1,7523627,262144,600,135688,7125195,398432/7523627,7125195/7523627,0.94704256338066728,0.94704256338066728,7261483/7523627,0
128,10,179,181,193,2,4,4,1,6253007,524288,384,56432,5671903,581104/6253007,5671903/6253007,0.90706807140948342,0.90706807140948342,5728719/6253007,0
128,11,163,181,193,2,4,4,0,5694079,524288,480,78508,-603276,603276/5694079,-603276/5694079,-0.10594795049383754,0.10594795049383754,-524288/5694079,0
128,12,181,193,211,4,4,2,0,7370863,524288,2928,242832,-770048,770048/7370863,-770048/7370863,-0.10447189155462529,0.10447189155462529,-524288/7370863,0
128,13,139,181,193,2,4,4,0,4855687,524288,1136,-77124,-448300,448300/4855687,-448300/4855687,-0.09232473180417107,0.09232473180417107,-524288/4855687,0
128,14,181,193,233,4,4,2,0,8139389,524288,1920,196620,-722828,722828/8139389,-722828/8139389,-0.088806174517522138,0.088806174517522138,-524288/8139389,0
128,15,151,163,181,2,2,4,0,4454953,262144,-104,121262,-383302,383302/4454953,-383302/4454953,-0.086039516017340695,0.086039516017340695,-262144/4454953,0
128,16,151,181,193,2,4,4,0,5274883,524288,544,-111440,-413392,413392/5274883,-413392/5274883,-0.078369889910354415,0.078369889910354415,-524288/5274883,0
128,17,181,193,197,4,4,2,0,6881801,524288,-496,13820,-537612,537612/6881801,-537612/6881801,-0.078120829125980243,0.078120829125980243,-524288/6881801,0
128,18,139,151,193,2,2,4,0,4050877,262144,616,49574,-312334,312334/4050877,-312334/4050877,-0.077102810082853662,0.077102810082853662,-262144/4050877,0
128,19,181,191,193,4,2,4,0,6672203,524288,1904,-22252,-503940,503940/6672203,-503940/6672203,-0.075528277541915323,0.075528277541915323,-524288/6672203,0
128,20,151,163,193,2,2,4,0,4750309,262144,288,91616,-354048,354048/4750309,-354048/4750309,-0.074531572577699684,0.074531572577699684,-262144/4750309,0
128,21,139,151,163,2,2,2,0,3421207,131072,120,107302,-238494,238494/3421207,-238494/3421207,-0.069710485217643947,0.069710485217643947,-131072/3421207,0
128,22,181,193,241,4,4,2,0,8418853,524288,688,54728,-579704,579704/8418853,-579704/8418853,-0.068857836097150057,0.068857836097150057,-524288/8418853,0
128,23,181,193,227,4,4,2,0,7929791,524288,-720,17176,-540744,540744/7929791,-540744/7929791,-0.068191456748355667,0.068191456748355667,-524288/7929791,0
128,24,139,179,193,2,2,4,0,4802033,262144,536,55714,-318394,318394/4802033,-318394/4802033,-0.066304000826316684,0.066304000826316684,-262144/4802033,0
128,25,139,163,193,2,2,4,0,4372801,262144,584,4226,-266954,266954/4372801,-266954/4372801,-0.061048741984828486,0.061048741984828486,-262144/4372801,0
256,1,307,367,463,2,2,2,1,52165747,524288,1152,123756,51516551,649196/52165747,51516551/52165747,0.98755512884728747,0.98755512884728747,51641459/52165747,0
256,2,283,347,367,2,2,2,1,36039767,524288,2592,143720,35369167,670600/36039767,35369167/36039767,0.98139277648493117,0.98139277648493117,35515479/36039767,0
256,3,271,431,499,4,2,6,1,58283699,3145728,-9472,-1648968,56796411,1487288/58283699,56796411/58283699,0.9744819216089905,0.9744819216089905,55137971/58283699,0
256,4,293,419,443,4,2,2,1,54385781,1048576,240,359256,52977709,1408072/54385781,52977709/54385781,0.97410955631950935,0.97410955631950935,53337205/54385781,0
256,5,419,439,499,2,2,6,1,91786559,1572864,-4112,922060,89295747,2490812/91786559,89295747/91786559,0.97286299838302037,0.97286299838302037,90213695/91786559,0
256,6,271,443,503,4,2,2,1,60386659,1048576,704,686424,58650955,1735704/60386659,58650955/60386659,0.97125683008891084,0.97125683008891084,59338083/60386659,0
256,7,257,271,443,2,4,2,1,30853621,1048576,-1000,-158144,29964189,889432/30853621,29964189/30853621,0.97117252461226511,0.97117252461226511,29805045/30853621,0
256,8,379,443,499,6,2,6,1,83780603,4718592,-1788,-597360,79661159,4119444/83780603,79661159/83780603,0.95083057590311204,0.95083057590311204,79062011/83780603,0
256,9,379,439,499,6,2,6,1,83024119,4718592,-12804,-340656,78658987,4365132/83024119,78658987/83024119,0.94742332646733651,0.94742332646733651,78305527/83024119,0
256,10,293,331,499,4,2,6,1,48394517,3145728,-6352,-366248,45621389,2773128/48394517,45621389/48394517,0.94269747541854798,0.94269747541854798,45248789/48394517,0
256,11,271,379,499,4,6,6,0,51251791,9437184,-20496,2252562,-11669250,11669250/51251791,-11669250/51251791,-0.22768472617864222,0.22768472617864222,-9437184/51251791,0
256,12,271,293,379,4,4,6,0,30093737,6291456,-10464,-476702,-5804290,5804290/30093737,-5804290/30093737,-0.19287368664117721,0.19287368664117721,-6291456/30093737,0
256,13,271,331,379,4,2,6,0,33996679,3145728,-2712,1212990,-4356006,4356006/33996679,-4356006/33996679,-0.12813033884868577,0.12813033884868577,-3145728/33996679,0
256,14,271,293,499,4,4,6,0,39622097,6291456,-21488,-1251522,-5018446,5018446/39622097,-5018446/39622097,-0.12665775867440837,0.12665775867440837,-6291456/39622097,0
256,15,293,379,499,4,6,6,0,55412453,9437184,-14880,-2436180,-6986124,6986124/55412453,-6986124/55412453,-0.12607498173740839,0.12607498173740839,-9437184/55412453,0
256,16,257,271,379,2,4,6,0,26396213,3145728,-2856,152198,-3295070,3295070/26396213,-3295070/26396213,-0.12483116422798983,0.12483116422798983,-3145728/26396213,0
256,17,271,307,379,4,2,6,0,31531663,3145728,-2400,757304,-3900632,3900632/31531663,-3900632/31531663,-0.12370524193411556,0.12370524193411556,-3145728/31531663,0
256,18,271,347,379,4,2,6,0,35640023,3145728,-552,1008506,-4153682,4153682/35640023,-4153682/35640023,-0.11654543545047656,0.11654543545047656,-3145728/35640023,0
256,19,271,379,419,4,6,2,0,43035071,3145728,-1008,1685468,-4830188,4830188/43035071,-4830188/43035071,-0.11223841131806196,0.11223841131806196,-3145728/43035071,0
256,20,257,271,293,2,4,4,0,20406571,2097152,-4512,102770,-2195410,2195410/20406571,-2195410/20406571,-0.1075834837709873,0.1075834837709873,-2097152/20406571,0
256,21,271,283,379,4,2,6,0,29066647,3145728,2952,-205030,-2943650,2943650/29066647,-2943650/29066647,-0.10127243090680532,0.10127243090680532,-3145728/29066647,0
256,22,257,271,499,2,4,6,0,34753853,3145728,-8368,245936,-3383296,3383296/34753853,-3383296/34753853,-0.097350242000505668,0.097350242000505668,-3145728/34753853,0
256,23,271,347,499,4,2,6,0,46924463,3145728,-6064,1361444,-4501108,4501108/46924463,-4501108/46924463,-0.095922418973659856,0.095922418973659856,-3145728/46924463,0
256,24,347,379,499,2,6,6,0,65624987,4718592,-420,1351944,-6070116,6070116/65624987,-6070116/65624987,-0.092497024037505718,0.092497024037505718,-4718592/65624987,0
256,25,293,331,379,4,2,6,0,36756557,3145728,-840,233584,-3378472,3378472/36756557,-3378472/36756557,-0.091914811281154543,0.091914811281154543,-3145728/36756557,0
