q,occurrences,plus_occurrences,minus_occurrences,unique_Aq,zq_size,selected_occurrences,selected_digits,min_linear_distance,min_cyclic_distance,min_normalized_distance,heuristic_AZ_over_q,max_K_premark,max_K_selected
1005373,1,0,1,1,4,0,0,220962,220962,0.2197811160633914,3.97862285937657e-06,1,0
1009301,2,2,0,2,0,0,0,-1,-1,,0,1,0
1010461,2,2,0,2,0,0,0,-1,-1,,0,1,0
1011271,1,0,1,1,4,0,0,212498,212498,0.21012962895208109,3.9554184783307339e-06,1,0
1011671,1,1,0,1,0,0,0,-1,-1,,0,1,0
1015967,1,1,0,1,4,0,0,28134,28134,0.027691844321715176,3.9371357534250618e-06,1,0
1027739,1,1,0,1,2,0,0,55509,55509,0.054010794569438351,1.9460193687307769e-06,1,0
1027883,2,2,0,2,4,0,0,20608,20608,0.020048974445535144,7.7829869741984253e-06,1,0
1028329,2,2,0,2,2,0,0,118873,118873,0.11559821808001136,3.8898056944810462e-06,1,0
1030369,1,1,0,1,4,0,0,280108,280108,0.27185212288024968,3.8821043723171019e-06,1,0
1032131,1,0,1,1,0,0,0,-1,-1,,0,1,0
1036319,2,2,0,2,0,0,0,-1,-1,,0,1,0
1038211,1,0,1,1,0,0,0,-1,-1,,0,1,0
1047313,1,1,0,1,0,0,0,-1,-1,,0,1,0
1049011,2,2,0,2,0,0,0,-1,-1,,0,1,0
1057117,2,2,0,2,2,0,0,205869,205869,0.19474570932072799,3.783876335353608e-06,1,0
1060421,2,2,0,2,0,0,0,-1,-1,,0,1,0
1076381,2,2,0,2,4,0,0,57705,57705,0.053610199362493394,7.4323125361744588e-06,1,0
1080353,1,1,0,1,2,0,0,258005,258005,0.23881546124276046,1.8512467684173598e-06,1,0
1084177,1,0,1,1,4,0,0,280367,280367,0.25859891881122732,3.6894344742601993e-06,1,0
1084357,1,1,0,1,0,0,0,-1,-1,,0,1,0
1108957,2,2,0,2,0,0,0,-1,-1,,0,1,0
1120799,1,1,0,1,2,0,0,164532,164532,0.14679884618026962,1.7844412780525322e-06,1,0
1125739,1,0,1,1,0,0,0,-1,-1,,0,1,0
1129603,1,0,1,1,2,0,0,290948,290948,0.25756659640599394,1.7705335414300423e-06,1,0
1142789,2,2,0,2,2,0,0,182362,182362,0.15957626473478481,3.5002086999437343e-06,1,0
1144511,2,2,0,2,0,0,0,-1,-1,,0,1,0
1151401,1,1,0,1,4,0,0,237998,237998,0.20670296447545208,3.4740285964663917e-06,1,0
1158823,2,2,0,2,0,0,0,-1,-1,,0,1,0
1180141,1,1,0,1,0,0,0,-1,-1,,0,1,0
1181237,2,2,0,2,0,0,0,-1,-1,,0,1,0
1181293,1,1,0,1,0,0,0,-1,-1,,0,1,0
1181573,1,0,1,1,0,0,0,-1,-1,,0,1,0
1184461,1,1,0,1,2,0,0,225835,225835,0.19066478339092632,1.6885317456632173e-06,1,0
1190587,1,1,0,1,0,0,0,-1,-1,,0,1,0
1196537,2,2,0,2,2,0,0,89264,89264,0.074601955476512632,3.3429806182341205e-06,1,0
1210597,2,2,0,2,0,0,0,-1,-1,,0,1,0
1210871,1,0,1,1,2,0,0,439325,439325,0.36281734387891029,1.6517036083942881e-06,1,0
1233361,1,0,1,1,2,0,0,528697,528697,0.42866362727538815,1.621585245520168e-06,1,0
1248529,1,0,1,1,2,0,0,308236,308236,0.24687932759271111,1.6018850983837779e-06,1,0
1254557,2,2,0,2,2,0,0,330284,330284,0.26326743224899307,3.1883764547963941e-06,1,0
1259077,2,2,0,2,0,0,0,-1,-1,,0,1,0
1262563,2,2,0,2,0,0,0,-1,-1,,0,1,0
1270333,1,1,0,1,0,0,0,-1,-1,,0,1,0
1271201,2,2,0,2,0,0,0,-1,-1,,0,1,0
1273121,1,0,1,1,2,0,0,108091,108091,0.084902377700155754,1.5709425891176093e-06,1,0
1275611,1,0,1,1,2,0,0,262988,262988,0.20616629991431557,1.5678761001590611e-06,1,0
1279657,2,2,0,2,0,0,0,-1,-1,,0,1,0
1310041,1,0,1,1,2,0,0,389841,389841,0.29757923606971082,1.5266697759841105e-06,1,0
1322129,1,0,1,1,0,0,0,-1,-1,,0,1,0
1324261,2,2,0,2,0,0,0,-1,-1,,0,1,0
1331411,1,0,1,1,4,0,0,596927,596927,0.44834164656894077,3.0043314949328195e-06,1,0
1331719,1,1,0,1,2,0,0,433489,433489,0.32551086227650128,1.5018183265388569e-06,1,0
1341547,2,2,0,2,2,0,0,146300,146300,0.1090532049939361,2.9816323990139742e-06,1,0
1347481,1,0,1,1,0,0,0,-1,-1,,0,1,0
1362407,2,2,0,2,4,0,0,94842,94842,0.069613558943839832,5.8719604347305906e-06,1,0
1371137,1,0,1,1,4,0,0,76835,76835,0.056037434625424008,2.9172868940156965e-06,1,0
1374019,2,2,0,2,0,0,0,-1,-1,,0,1,0
1375037,1,0,1,1,0,0,0,-1,-1,,0,1,0
1375243,2,2,0,2,4,0,0,65641,65641,0.047730473814445881,5.8171537684612831e-06,1,0
1389943,1,0,1,1,0,0,0,-1,-1,,0,1,0
1392229,2,2,0,2,0,0,0,-1,-1,,0,1,0
1398973,1,1,0,1,2,0,0,130270,130270,0.093118308930908597,1.4296201570723667e-06,1,0
1409659,2,2,0,2,2,0,0,59180,59180,0.041981784247112242,2.8375656807781173e-06,1,0
1410527,2,2,0,2,0,0,0,-1,-1,,0,1,0
1412629,2,2,0,2,0,0,0,-1,-1,,0,1,0
1416551,1,0,1,1,4,0,0,120020,120020,0.084726917703633692,2.8237599634605459e-06,1,0
1423159,2,2,0,2,2,0,0,61591,61591,0.043277666093528552,2.8106487047476776e-06,1,0
1426987,1,0,1,1,2,0,0,26240,26240,0.018388394568415831,1.4015544640560846e-06,1,0
1439359,1,0,1,1,0,0,0,-1,-1,,0,1,0
1441367,1,0,1,1,0,0,0,-1,-1,,0,1,0
1444913,1,1,0,1,2,0,0,30014,30014,0.020772184899713685,1.3841663823358223e-06,1,0
1452169,2,2,0,2,2,0,0,267588,267588,0.18426780904977313,2.7545003370819787e-06,1,0
1456709,2,2,0,2,0,0,0,-1,-1,,0,1,0
1459153,2,2,0,2,2,0,0,326463,326463,0.22373459123203668,2.7413163664125696e-06,1,0
1460741,2,2,0,2,0,0,0,-1,-1,,0,1,0
1462693,1,0,1,1,2,0,0,422411,422411,0.28878992379125351,1.3673409252659308e-06,1,0
1468741,1,0,1,1,2,0,0,500208,500208,0.3405692358285089,1.3617104717577845e-06,1,0
1476529,1,1,0,1,2,0,0,189359,189359,0.12824604189961727,1.3545280858012271e-06,1,0
1477843,1,0,1,1,2,0,0,535869,535869,0.3626021167336449,1.3533237292459348e-06,1,0
1487113,1,0,1,1,0,0,0,-1,-1,,0,1,0
1487599,1,0,1,1,0,0,0,-1,-1,,0,1,0
1490161,2,2,0,2,0,0,0,-1,-1,,0,1,0
1495511,1,1,0,1,2,0,0,133925,133925,0.089551330615421754,1.3373355328045062e-06,1,0
1499231,1,0,1,1,0,0,0,-1,-1,,0,1,0
1499551,1,1,0,1,2,0,0,54054,54054,0.036046790005808405,1.3337325639474749e-06,1,0
1505681,2,2,0,2,0,0,0,-1,-1,,0,1,0
1509581,1,0,1,1,0,0,0,-1,-1,,0,1,0
1510039,1,0,1,1,2,0,0,124598,124598,0.0825131006550162,1.3244691031158799e-06,1,0
1514783,1,0,1,1,2,0,0,589369,589369,0.38907817159289482,1.3203211285048749e-06,1,0
1517317,1,1,0,1,0,0,0,-1,-1,,0,1,0
1519159,1,1,0,1,0,0,0,-1,-1,,0,1,0
1521901,2,2,0,2,0,0,0,-1,-1,,0,1,0
1522253,1,0,1,1,0,0,0,-1,-1,,0,1,0
1529149,1,1,0,1,0,0,0,-1,-1,,0,1,0
1533139,1,1,0,1,2,0,0,459311,459311,0.29958862177532503,1.3045131589503625e-06,1,0
1534051,2,2,0,2,2,0,0,337818,337818,0.2202130176897639,2.6074752403929204e-06,1,0
1536487,1,1,0,1,2,0,0,574533,574533,0.37392636579417854,1.301670629169007e-06,1,0
1537411,1,0,1,1,0,0,0,-1,-1,,0,1,0
1538167,2,2,0,2,0,0,0,-1,-1,,0,1,0
1538261,1,0,1,1,2,0,0,386294,386294,0.2511238339917608,1.3001694770913389e-06,1,0
1545539,2,2,0,2,2,0,0,487028,487028,0.31511854440424991,2.5880938624001077e-06,1,0
1548623,2,2,0,2,0,0,0,-1,-1,,0,1,0
1551133,2,2,0,2,0,0,0,-1,-1,,0,1,0
1553561,1,0,1,1,0,0,0,-1,-1,,0,1,0
1563253,2,2,0,2,0,0,0,-1,-1,,0,1,0
1570237,1,1,0,1,0,0,0,-1,-1,,0,1,0
1576501,1,0,1,1,6,0,0,593023,593023,0.37616404937262965,3.8058967295295088e-06,1,0
1579313,2,2,0,2,2,0,0,502595,502595,0.31823647370723851,2.5327468335915681e-06,1,0
1597331,1,1,0,1,2,0,0,151462,151462,0.094821924823345949,1.252088640363206e-06,1,0
1610149,1,1,0,1,2,0,0,7160,7160,0.004446793433402747,1.2421210707828902e-06,1,0
1611917,1,1,0,1,0,0,0,-1,-1,,0,1,0
1616623,2,2,0,2,0,0,0,-1,-1,,0,1,0
1625483,1,1,0,1,2,0,0,329946,329946,0.20298335940763454,1.2304035169854129e-06,1,0
1626503,2,2,0,2,0,0,0,-1,-1,,0,1,0
1635971,2,2,0,2,0,0,0,-1,-1,,0,1,0
1638569,1,1,0,1,0,0,0,-1,-1,,0,1,0
1649287,2,2,0,2,0,0,0,-1,-1,,0,1,0
1651921,2,2,0,2,2,0,0,359741,359741,0.21777130988709509,2.4214233005089229e-06,1,0
1663589,1,0,1,1,4,0,0,78183,78183,0.046996583891814624,2.4044400389759729e-06,1,0
1663919,2,2,0,2,0,0,0,-1,-1,,0,1,0
1670687,1,1,0,1,2,0,0,518772,518772,0.31051417770055073,1.1971123256480718e-06,1,0
1675339,1,1,0,1,0,0,0,-1,-1,,0,1,0
1676713,1,0,1,1,0,0,0,-1,-1,,0,1,0
1679059,2,2,0,2,0,0,0,-1,-1,,0,1,0
1679417,1,1,0,1,2,0,0,124140,124140,0.073918508625314613,1.1908894574724444e-06,1,0
1680439,1,1,0,1,0,0,0,-1,-1,,0,1,0
1689211,1,0,1,1,0,0,0,-1,-1,,0,1,0
1691033,1,1,0,1,2,0,0,31693,31693,0.018741798652066519,1.1827090305156672e-06,1,0
1700807,1,1,0,1,0,0,0,-1,-1,,0,1,0
1702249,2,2,0,2,4,0,0,65669,65669,0.038577787385981721,4.6996649726332635e-06,1,0
1703957,1,0,1,1,0,0,0,-1,-1,,0,1,0
1706641,1,0,1,1,0,0,0,-1,-1,,0,1,0
1707767,1,0,1,1,2,0,0,1350,1350,0.00079050596480667449,1.1711199478617399e-06,1,0
1715237,2,2,0,2,0,0,0,-1,-1,,0,1,0
1727779,1,1,0,1,4,0,0,663573,663573,0.38406127172514543,2.3151109024938952e-06,1,0
1731407,2,2,0,2,2,0,0,43769,43769,0.025279440362664583,2.310259806042138e-06,1,0
1734763,2,2,0,2,0,0,0,-1,-1,,0,1,0
1736729,1,0,1,1,0,0,0,-1,-1,,0,1,0
1743059,2,2,0,2,0,0,0,-1,-1,,0,1,0
1754147,1,0,1,1,4,0,0,276250,276250,0.15748395088895059,2.2803106011069767e-06,1,0
1762627,2,2,0,2,2,0,0,247510,247510,0.14042108738831302,2.2693400248606201e-06,1,0
1765573,2,2,0,2,2,0,0,41548,41548,0.023532303677049886,2.265553449220168e-06,1,0
1765913,1,1,0,1,0,0,0,-1,-1,,0,1,0
1773319,2,2,0,2,0,0,0,-1,-1,,0,1,0
1773847,2,2,0,2,2,0,0,329058,329058,0.1855052887875899,2.2549859147942297e-06,1,0
1797319,2,2,0,2,0,0,0,-1,-1,,0,1,0
1799887,1,1,0,1,0,0,0,-1,-1,,0,1,0
1803337,2,2,0,2,0,0,0,-1,-1,,0,1,0
1807187,1,0,1,1,2,0,0,170398,170398,0.094289080211400367,1.1066923345508794e-06,1,0
1807769,1,1,0,1,0,0,0,-1,-1,,0,1,0
1828153,2,2,0,2,0,0,0,-1,-1,,0,1,0
1829143,1,1,0,1,2,0,0,148520,148520,0.081196494751913872,1.093408224507324e-06,1,0
1831033,1,1,0,1,0,0,0,-1,-1,,0,1,0
1831877,1,1,0,1,4,0,0,207301,207301,0.11316316543086681,2.1835527166944071e-06,1,0
1833527,2,2,0,2,0,0,0,-1,-1,,0,1,0
1834403,1,0,1,1,0,0,0,-1,-1,,0,1,0
1839473,2,2,0,2,2,0,0,454637,454637,0.24715611482201696,2.1745358589117644e-06,1,0
1840351,2,2,0,2,2,0,0,103131,103131,0.05603876651790881,2.173498425028704e-06,1,0
1854701,1,1,0,1,0,0,0,-1,-1,,0,1,0
1855811,1,0,1,1,2,0,0,600718,600718,0.32369567806204402,1.0776959507191195e-06,1,0
1859687,1,1,0,1,0,0,0,-1,-1,,0,1,0
1862737,2,2,0,2,0,0,0,-1,-1,,0,1,0
1871627,2,2,0,2,0,0,0,-1,-1,,0,1,0
1878229,1,1,0,1,0,0,0,-1,-1,,0,1,0
1885243,2,2,0,2,2,0,0,115301,115301,0.061159755002405523,2.121742396073079e-06,1,0
1885601,1,0,1,1,2,0,0,733551,733551,0.38902768931497173,1.0606697811467006e-06,1,0
1887131,1,0,1,1,0,0,0,-1,-1,,0,1,0
1888907,2,2,0,2,2,0,0,256252,256252,0.13566152277481106,2.117626754519942e-06,1,0
1912843,2,2,0,2,0,0,0,-1,-1,,0,1,0
1915777,2,2,0,2,0,0,0,-1,-1,,0,1,0
1919459,2,2,0,2,0,0,0,-1,-1,,0,1,0
1921393,2,2,0,2,0,0,0,-1,-1,,0,1,0
1932859,2,2,0,2,0,0,0,-1,-1,,0,1,0
1935893,1,1,0,1,0,0,0,-1,-1,,0,1,0
1946501,2,1,1,2,0,0,0,-1,-1,,0,1,0
1956439,2,2,0,2,0,0,0,-1,-1,,0,1,0
1963391,1,1,0,1,2,0,0,552492,552492,0.28139682824256607,1.0186458020842512e-06,1,0
1965443,1,0,1,1,2,0,0,173894,173894,0.088475727863896333,1.0175822956961866e-06,1,0
1966871,1,1,0,1,0,0,0,-1,-1,,0,1,0
1971503,1,0,1,1,2,0,0,573119,573119,0.29070156119468243,1.0144544542919792e-06,1,0
1982921,2,2,0,2,0,0,0,-1,-1,,0,1,0
1996763,1,1,0,1,2,0,0,109473,109473,0.05482523464226851,1.0016211237888523e-06,1,0
2002249,2,2,0,2,0,0,0,-1,-1,,0,1,0
2009981,2,2,0,2,0,0,0,-1,-1,,0,1,0
2010571,1,1,0,1,6,0,0,74263,74263,0.036936273327328406,2.984226868884511e-06,1,0
2022791,1,0,1,1,2,0,0,292317,292317,0.14451171673198071,9.887328943029704e-07,1,0
2026081,2,2,0,2,2,0,0,18903,18903,0.0093298342958647758,1.9742547311780723e-06,1,0
2026841,1,0,1,1,0,0,0,-1,-1,,0,1,0
2027549,2,2,0,2,2,0,0,202442,202442,0.099845675739525894,1.9728253176618667e-06,1,0
2028277,2,2,0,2,0,0,0,-1,-1,,0,1,0
2028781,2,2,0,2,0,0,0,-1,-1,,0,1,0
2031983,1,0,1,1,0,0,0,-1,-1,,0,1,0
2032417,1,1,0,1,4,0,0,11929,11929,0.0058693663751090454,1.968100050334159e-06,1,0
2036071,1,1,0,1,2,0,0,417692,417692,0.2051460877346615,9.8228401661828105e-07,1,0
2036357,2,2,0,2,0,0,0,-1,-1,,0,1,0
2043539,1,0,1,1,2,0,0,287814,287814,0.14084096266330126,9.7869431412857787e-07,1,0
2069051,1,0,1,1,0,0,0,-1,-1,,0,1,0
2084287,2,2,0,2,4,0,0,140239,140239,0.067283920112729198,3.8382430058816275e-06,1,0
2085929,1,0,1,1,0,0,0,-1,-1,,0,1,0
2091889,2,2,0,2,0,0,0,-1,-1,,0,1,0
2094637,2,2,0,2,0,0,0,-1,-1,,0,1,0
2106353,1,1,0,1,4,0,0,793473,793473,0.37670466441285005,1.8990169264126193e-06,1,0
2110099,2,2,0,2,2,0,0,213929,213929,0.1013833948075422,1.8956456545403794e-06,1,0
2114393,1,0,1,1,0,0,0,-1,-1,,0,1,0
2122961,1,0,1,1,0,0,0,-1,-1,,0,1,0
2135719,1,0,1,1,2,0,0,63388,63388,0.029679934485763341,9.3645278241191845e-07,1,0
2137999,1,1,0,1,0,0,0,-1,-1,,0,1,0
2146357,2,2,0,2,0,0,0,-1,-1,,0,1,0
2150719,1,1,0,1,0,0,0,-1,-1,,0,1,0
2151251,1,1,0,1,0,0,0,-1,-1,,0,1,0
2151791,1,1,0,1,0,0,0,-1,-1,,0,1,0
2155661,2,2,0,2,2,0,0,36950,36950,0.017140914086212999,1.8555793327429498e-06,1,0
2169031,1,1,0,1,0,0,0,-1,-1,,0,1,0
2173529,1,1,0,1,0,0,0,-1,-1,,0,1,0
2175947,1,1,0,1,0,0,0,-1,-1,,0,1,0
2179241,1,0,1,1,0,0,0,-1,-1,,0,1,0
2184331,1,1,0,1,2,0,0,189198,189198,0.086615993638326796,9.1561214852510906e-07,1,0
2184361,2,2,0,2,0,0,0,-1,-1,,0,1,0
2195243,1,0,1,1,0,0,0,-1,-1,,0,1,0
2206663,1,1,0,1,0,0,0,-1,-1,,0,1,0
2207897,2,2,0,2,0,0,0,-1,-1,,0,1,0
2217617,1,1,0,1,0,0,0,-1,-1,,0,1,0
2227889,2,2,0,2,0,0,0,-1,-1,,0,1,0
2230147,1,1,0,1,0,0,0,-1,-1,,0,1,0
2233031,1,1,0,1,4,0,0,86976,86976,0.038949750361728069,1.791287268291394e-06,1,0
2238359,1,1,0,1,2,0,0,656224,656224,0.2931719174627484,8.9351171996985288e-07,1,0
2239229,2,2,0,2,2,0,0,126021,126021,0.056278745943358181,1.7863291338224004e-06,1,0
2242781,2,2,0,2,0,0,0,-1,-1,,0,1,0
2242879,2,2,0,2,0,0,0,-1,-1,,0,1,0
2245043,2,2,0,2,4,0,0,144047,144047,0.064162245444742042,3.5634061352054283e-06,1,0
2249987,2,2,0,2,0,0,0,-1,-1,,0,1,0
2252161,1,1,0,1,0,0,0,-1,-1,,0,1,0
2266973,1,1,0,1,0,0,0,-1,-1,,0,1,0
2275769,1,0,1,1,0,0,0,-1,-1,,0,1,0
2276179,2,2,0,2,0,0,0,-1,-1,,0,1,0
2285911,2,2,0,2,0,0,0,-1,-1,,0,1,0
2290037,1,1,0,1,0,0,0,-1,-1,,0,1,0
2306671,1,0,1,1,2,0,0,566856,566856,0.24574635914701318,8.6705039426949049e-07,1,0
2307377,1,0,1,1,0,0,0,-1,-1,,0,1,0
2309921,1,0,1,1,2,0,0,880666,880666,0.38125373118820949,8.6583047645352373e-07,1,0
2318033,1,0,1,1,2,0,0,213445,213445,0.092080224914830811,8.6280048644691426e-07,1,0
2326963,2,2,0,2,4,0,0,95037,95037,0.040841646386298364,3.4379575438028024e-06,1,0
2329667,1,0,1,1,0,0,0,-1,-1,,0,1,0
2334949,2,2,0,2,0,0,0,-1,-1,,0,1,0
2343343,2,2,0,2,2,0,0,431625,431625,0.18419198555226443,1.7069630864965138e-06,1,0
2346733,2,2,0,2,0,0,0,-1,-1,,0,1,0
2350181,1,0,1,1,0,0,0,-1,-1,,0,1,0
2362331,2,2,0,2,2,0,0,247735,247735,0.10486887739271085,1.6932428182164142e-06,1,0
2389297,2,2,0,2,0,0,0,-1,-1,,0,1,0
2390743,1,1,0,1,0,0,0,-1,-1,,0,1,0
2391293,1,1,0,1,0,0,0,-1,-1,,0,1,0
2399611,1,1,0,1,0,0,0,-1,-1,,0,1,0
2400869,1,1,0,1,0,0,0,-1,-1,,0,1,0
2407333,1,1,0,1,0,0,0,-1,-1,,0,1,0
2415019,1,0,1,1,0,0,0,-1,-1,,0,1,0
2428787,2,2,0,2,4,0,0,62262,62262,0.025635018632757835,3.2938252716273596e-06,1,0
2435929,1,1,0,1,2,0,0,366023,366023,0.15026012662930652,8.2104199260323264e-07,1,0
2449303,1,0,1,1,0,0,0,-1,-1,,0,1,0
2449991,1,1,0,1,0,0,0,-1,-1,,0,1,0
2457641,2,2,0,2,4,0,0,343900,343900,0.13993093376941546,3.2551540277851809e-06,1,0
2462827,1,1,0,1,2,0,0,51305,51305,0.020831751479092928,8.1207490416501032e-07,1,0
2473609,2,2,0,2,0,0,0,-1,-1,,0,1,0
2489717,1,0,1,1,0,0,0,-1,-1,,0,1,0
2501999,1,1,0,1,0,0,0,-1,-1,,0,1,0
2504657,2,2,0,2,0,0,0,-1,-1,,0,1,0
2511323,2,2,0,2,2,0,0,447968,447968,0.17837928454444132,1.5927859538577873e-06,1,0
2511389,1,1,0,1,2,0,0,220112,220112,0.087645522059704814,7.963720475004071e-07,1,0
2513689,2,2,0,2,0,0,0,-1,-1,,0,1,0
2516413,2,2,0,2,2,0,0,592371,592371,0.23540293266645818,1.589564193159072e-06,1,0
2518309,1,1,0,1,0,0,0,-1,-1,,0,1,0
2520367,1,1,0,1,2,0,0,306758,306758,0.12171163961438949,7.9353522721095779e-07,1,0
2522473,1,0,1,1,2,0,0,678225,678225,0.26887304641120041,7.9287270864742652e-07,1,0
2531017,2,2,0,2,0,0,0,-1,-1,,0,1,0
2540663,1,0,1,1,2,0,0,597773,597773,0.23528228655276201,7.8719609802638125e-07,1,0
2541281,1,0,1,1,0,0,0,-1,-1,,0,1,0
2549647,1,0,1,1,0,0,0,-1,-1,,0,1,0
2555191,1,0,1,1,4,0,0,54325,54325,0.021260641572391263,1.565440704824023e-06,1,0
2556091,1,1,0,1,4,0,0,404963,404963,0.15843058795637557,1.5648895129320512e-06,1,0
2566171,1,0,1,1,0,0,0,-1,-1,,0,1,0
2570137,1,1,0,1,2,0,0,1033788,1033788,0.40223069820791657,7.7816863459029616e-07,1,0
2577049,1,1,0,1,2,0,0,794089,794089,0.30813888288503632,7.7608147924234271e-07,1,0
2579741,1,0,1,1,0,0,0,-1,-1,,0,1,0
2585777,1,1,0,1,0,0,0,-1,-1,,0,1,0
2595937,1,0,1,1,4,0,0,36373,36373,0.014011511065176081,1.5408694432877222e-06,1,0
2597663,1,0,1,1,2,0,0,930007,930007,0.35801680202551295,7.6992281138854426e-07,1,0
2604521,1,0,1,1,4,0,0,263941,263941,0.10133955533474294,1.5357910341287323e-06,1,0
2605439,2,2,0,2,2,0,0,292576,292576,0.11229431969046291,1.5352499137381454e-06,1,0
2630609,1,0,1,1,2,0,0,526041,526041,0.19996928467894698,7.6028022408499329e-07,1,0
2631071,1,0,1,1,4,0,0,70289,70289,0.02671497652476881,1.5202934470411479e-06,1,0
2631743,2,2,0,2,0,0,0,-1,-1,,0,1,0
2639071,2,2,0,2,2,0,0,430617,430617,0.16316991850541346,1.5156848754732253e-06,1,0
2644139,1,0,1,1,0,0,0,-1,-1,,0,1,0
2649011,2,2,0,2,0,0,0,-1,-1,,0,1,0
2663429,2,2,0,2,0,0,0,-1,-1,,0,1,0
2679587,2,2,0,2,2,0,0,537773,537773,0.20069249477624723,1.4927673555663616e-06,1,0
2685461,2,2,0,2,0,0,0,-1,-1,,0,1,0
2687329,2,2,0,2,2,0,0,109554,109554,0.040766872980569184,1.4884668010504109e-06,1,0
2698063,1,1,0,1,4,0,0,457114,457114,0.1694230268159046,1.4825450702967277e-06,1,0
2704529,1,1,0,1,6,0,0,651068,651068,0.24073248983464404,2.2185008923919838e-06,1,0
2709481,2,2,0,2,0,0,0,-1,-1,,0,1,0
2719637,1,1,0,1,0,0,0,-1,-1,,0,1,0
2733707,1,0,1,1,0,0,0,-1,-1,,0,1,0
2736533,2,2,0,2,0,0,0,-1,-1,,0,1,0
2749573,1,0,1,1,0,0,0,-1,-1,,0,1,0
2751299,1,0,1,1,2,0,0,555005,555005,0.20172471258122074,7.2692935228050464e-07,1,0
2762029,1,1,0,1,6,0,0,318383,318383,0.11527141822189413,2.1723160763337388e-06,1,0
2762167,1,1,0,1,4,0,0,167245,167245,0.060548475164608075,1.4481383638281103e-06,1,0
2765219,1,0,1,1,0,0,0,-1,-1,,0,1,0
2769097,1,1,0,1,0,0,0,-1,-1,,0,1,0
2777539,2,2,0,2,2,0,0,19875,19875,0.0071556150966737104,1.4401237930412499e-06,1,0
2777573,2,2,0,2,0,0,0,-1,-1,,0,1,0
2789441,2,2,0,2,2,0,0,40987,40987,0.014693624995115508,1.4339790660566041e-06,1,0
2791331,1,0,1,1,0,0,0,-1,-1,,0,1,0
2797999,2,2,0,2,2,0,0,374453,374453,0.13382885412039103,1.429593077052565e-06,1,0
2801593,1,1,0,1,0,0,0,-1,-1,,0,1,0
2803337,1,1,0,1,0,0,0,-1,-1,,0,1,0
2811709,1,0,1,1,0,0,0,-1,-1,,0,1,0
2819683,1,0,1,1,0,0,0,-1,-1,,0,1,0
2829557,2,2,0,2,2,0,0,125839,125839,0.044473039419244777,1.4136488503324018e-06,1,0
2830853,1,1,0,1,0,0,0,-1,-1,,0,1,0
2835293,1,0,1,1,0,0,0,-1,-1,,0,1,0
2840237,1,1,0,1,0,0,0,-1,-1,,0,1,0
2841967,1,1,0,1,0,0,0,-1,-1,,0,1,0
2846161,1,1,0,1,0,0,0,-1,-1,,0,1,0
2848121,1,1,0,1,2,0,0,219159,219159,0.07694862683151453,7.0221735663618219e-07,1,0
2849389,1,0,1,1,0,0,0,-1,-1,,0,1,0
2849687,1,0,1,1,0,0,0,-1,-1,,0,1,0
2851361,1,0,1,1,2,0,0,127450,127450,0.044697953012613978,7.0141942742430721e-07,1,0
2860973,2,2,0,2,0,0,0,-1,-1,,0,1,0
2862017,1,0,1,1,0,0,0,-1,-1,,0,1,0
2865463,1,1,0,1,2,0,0,92251,92251,0.032194099173501807,6.979674837888327e-07,1,0
2874023,2,2,0,2,2,0,0,569725,569725,0.19823258199395064,1.3917773100632806e-06,1,0
2874979,1,1,0,1,0,0,0,-1,-1,,0,1,0
2877649,1,0,1,1,2,0,0,1269474,1269474,0.44114970241332419,6.9501179608770913e-07,1,0
2881561,2,2,0,2,0,0,0,-1,-1,,0,1,0
2891257,2,2,0,2,2,0,0,170300,170300,0.058901716450664887,1.3834813024231329e-06,1,0
2896913,1,0,1,1,2,0,0,715657,715657,0.24704124701017946,6.9039008075147577e-07,1,0
2897003,1,1,0,1,0,0,0,-1,-1,,0,1,0
2898017,2,2,0,2,2,0,0,775808,775808,0.26770305350175655,1.3802541530984809e-06,1,0
2912033,1,1,0,1,4,0,0,73863,73863,0.025364753764809671,1.3736108072951097e-06,1,0
2916827,1,0,1,1,2,0,0,664654,664654,0.22786884515262645,6.8567659309242544e-07,1,0
2922061,2,2,0,2,0,0,0,-1,-1,,0,1,0
2928749,2,2,0,2,2,0,0,69218,69218,0.0236339816078469,1.3657708461872288e-06,1,0
2929373,1,1,0,1,2,0,0,22112,22112,0.0075483729794737645,6.8273995834603513e-07,1,0
2939191,1,1,0,1,0,0,0,-1,-1,,0,1,0
2944751,1,1,0,1,0,0,0,-1,-1,,0,1,0
2959609,2,2,0,2,0,0,0,-1,-1,,0,1,0
2984141,1,0,1,1,0,0,0,-1,-1,,0,1,0
2985373,2,2,0,2,0,0,0,-1,-1,,0,1,0
2988539,1,0,1,1,0,0,0,-1,-1,,0,1,0
2997727,1,0,1,1,2,0,0,554000,554000,0.1848066885343462,6.6717216077381294e-07,1,0
3002189,1,1,0,1,2,0,0,411262,411262,0.13698737820969967,6.6618057690571774e-07,1,0
3008563,1,0,1,1,2,0,0,1415248,1415248,0.47040663599200017,6.6476919379783635e-07,1,0
3010349,2,2,0,2,0,0,0,-1,-1,,0,1,0
3010697,1,1,0,1,0,0,0,-1,-1,,0,1,0
3024863,2,2,0,2,0,0,0,-1,-1,,0,1,0
3031981,1,0,1,1,2,0,0,484639,484639,0.15984236048972603,6.5963474045516779e-07,1,0
3053881,2,2,0,2,2,0,0,263353,263353,0.086235514743370809,1.3098087319054017e-06,1,0
3059377,1,0,1,1,2,0,0,106963,106963,0.034962346909190992,6.5372786681732915e-07,1,0
3074089,2,2,0,2,0,0,0,-1,-1,,0,1,0
3086959,2,2,0,2,0,0,0,-1,-1,,0,1,0
3087533,1,1,0,1,0,0,0,-1,-1,,0,1,0
3092447,2,2,0,2,0,0,0,-1,-1,,0,1,0
3103283,2,2,0,2,0,0,0,-1,-1,,0,1,0
3104641,1,1,0,1,0,0,0,-1,-1,,0,1,0
3110963,2,2,0,2,0,0,0,-1,-1,,0,1,0
3112661,1,1,0,1,0,0,0,-1,-1,,0,1,0
3113039,1,1,0,1,0,0,0,-1,-1,,0,1,0
3120697,1,1,0,1,0,0,0,-1,-1,,0,1,0
3120899,2,2,0,2,0,0,0,-1,-1,,0,1,0
3123317,1,1,0,1,2,0,0,117187,117187,0.037520046796402667,6.4034486413002585e-07,1,0
3132917,1,1,0,1,0,0,0,-1,-1,,0,1,0
3133931,1,0,1,1,0,0,0,-1,-1,,0,1,0
3140233,1,0,1,1,0,0,0,-1,-1,,0,1,0
3141419,2,2,0,2,0,0,0,-1,-1,,0,1,0
3145547,1,0,1,1,0,0,0,-1,-1,,0,1,0
3151007,1,1,0,1,0,0,0,-1,-1,,0,1,0
3163799,1,1,0,1,2,0,0,22215,22215,0.0070216217907648369,6.321514103772079e-07,1,0
3166333,2,2,0,2,2,0,0,419346,419346,0.13243900752068719,1.2632910057154444e-06,1,0
3174167,1,1,0,1,2,0,0,120859,120859,0.038075816426797957,6.3008657074438738e-07,1,0
3180337,1,1,0,1,2,0,0,217484,217484,0.068383947990417374,6.2886417382811942e-07,1,0
3182203,1,0,1,1,6,0,0,842450,842450,0.26473798183208297,1.885486249620153e-06,1,0
3187643,1,0,1,1,2,0,0,272152,272152,0.085377189352760022,6.2742283248155458e-07,1,0
3207119,1,1,0,1,2,0,0,483179,483179,0.15065826993011486,6.2361265671775826e-07,1,0
3207443,1,1,0,1,4,0,0,41899,41899,0.01306305365364248,1.2470993249139578e-06,1,0
3210017,1,0,1,1,0,0,0,-1,-1,,0,1,0
3212509,1,1,0,1,2,0,0,433890,433890,0.13506265663380243,6.2256634923046135e-07,1,0
3214187,1,0,1,1,0,0,0,-1,-1,,0,1,0
3230797,2,2,0,2,4,0,0,221266,221266,0.068486506580264866,2.4761691929266991e-06,1,0
3232597,2,2,0,2,2,0,0,500626,500626,0.15486805190996589,1.237395196493717e-06,1,0
3242251,2,2,0,2,2,0,0,711927,711927,0.21957800306021957,1.233710776864592e-06,1,0
3249997,1,1,0,1,0,0,0,-1,-1,,0,1,0
3250189,1,0,1,1,2,0,0,442242,442242,0.13606654874531912,6.1534883048339647e-07,1,0
3250393,1,0,1,1,0,0,0,-1,-1,,0,1,0
3257377,2,2,0,2,0,0,0,-1,-1,,0,1,0
3260867,1,1,0,1,0,0,0,-1,-1,,0,1,0
3260891,2,2,0,2,2,0,0,27725,27725,0.0085022774450295938,1.2266586034307801e-06,1,0
3261397,2,2,0,2,0,0,0,-1,-1,,0,1,0
3261473,2,2,0,2,0,0,0,-1,-1,,0,1,0
3264491,2,2,0,2,0,0,0,-1,-1,,0,1,0
3273937,1,1,0,1,0,0,0,-1,-1,,0,1,0
3280493,1,1,0,1,4,0,0,22713,22713,0.0069236544629115195,1.2193289240367225e-06,1,0
3285703,1,1,0,1,0,0,0,-1,-1,,0,1,0
3286841,1,1,0,1,0,0,0,-1,-1,,0,1,0
3293681,1,1,0,1,4,0,0,1076703,1076703,0.32689959956656395,1.2144466935322516e-06,1,0
3294449,1,0,1,1,0,0,0,-1,-1,,0,1,0
3300359,1,1,0,1,0,0,0,-1,-1,,0,1,0
3308341,1,1,0,1,0,0,0,-1,-1,,0,1,0
3309997,2,2,0,2,2,0,0,556294,556294,0.16806480489257242,1.208460309782758e-06,1,0
3311299,1,1,0,1,2,0,0,195254,195254,0.058965982836343078,6.0399257209934829e-07,1,0
3314477,1,0,1,1,2,0,0,598761,598761,0.18065022023082375,6.0341344954271825e-07,1,0
3320791,1,0,1,1,4,0,0,1296316,1296316,0.39036362119747975,1.2045322936613595e-06,1,0
3326417,2,2,0,2,2,0,0,129126,129126,0.038818344182343943,1.2024950569937564e-06,1,0
3327169,1,1,0,1,2,0,0,419023,419023,0.12593980047301476,6.0111163574798877e-07,1,0
3333257,1,1,0,1,4,0,0,225538,225538,0.067662949481543125,1.2000274806293064e-06,1,0
3338747,1,0,1,1,2,0,0,831201,831201,0.24895597060813532,5.9902712005431982e-07,1,0
3339029,2,2,0,2,2,0,0,873002,873002,0.2614538538000119,1.197953057610461e-06,1,0
3341743,1,1,0,1,0,0,0,-1,-1,,0,1,0
3349543,1,0,1,1,0,0,0,-1,-1,,0,1,0
3351841,1,0,1,1,2,0,0,65151,65151,0.01943737784698021,5.9668701468834593e-07,1,0
3352183,1,0,1,1,0,0,0,-1,-1,,0,1,0
3374089,1,0,1,1,0,0,0,-1,-1,,0,1,0
3395177,1,1,0,1,0,0,0,-1,-1,,0,1,0
3397013,1,1,0,1,0,0,0,-1,-1,,0,1,0
3404377,1,0,1,1,2,0,0,336826,336826,0.098939101045507002,5.8747900129744742e-07,1,0
3407557,1,1,0,1,0,0,0,-1,-1,,0,1,0
3423011,2,2,0,2,0,0,0,-1,-1,,0,1,0
3423587,2,2,0,2,0,0,0,-1,-1,,0,1,0
3459373,1,1,0,1,0,0,0,-1,-1,,0,1,0
3463541,2,2,0,2,2,0,0,881374,881374,0.25447194071038859,1.1548874403392366e-06,1,0
3465851,1,1,0,1,2,0,0,182723,182723,0.0527209623264243,5.7705885221263118e-07,1,0
3466069,1,0,1,1,2,0,0,1020945,1020945,0.29455414765257126,5.7702255783136456e-07,1,0
3466913,2,2,0,2,2,0,0,110189,110189,0.031783030032769784,1.1537641700267645e-06,1,0
3472171,1,0,1,1,4,0,0,108087,108087,0.031129515222608563,1.1520169945547036e-06,1,0
3472247,1,1,0,1,0,0,0,-1,-1,,0,1,0
3472871,1,0,1,1,0,0,0,-1,-1,,0,1,0
3481001,1,0,1,1,0,0,0,-1,-1,,0,1,0
3494807,2,2,0,2,2,0,0,177014,177014,0.050650579559901307,1.144555335959897e-06,1,0
3503849,1,1,0,1,0,0,0,-1,-1,,0,1,0
3516209,1,0,1,1,2,0,0,718176,718176,0.20424724468881117,5.6879440329058935e-07,1,0
3526333,2,2,0,2,0,0,0,-1,-1,,0,1,0
3538453,1,1,0,1,0,0,0,-1,-1,,0,1,0
3560173,2,2,0,2,2,0,0,552132,552132,0.15508572195789361,1.1235409065795398e-06,1,0
3563719,2,2,0,2,0,0,0,-1,-1,,0,1,0
3578723,1,0,1,1,0,0,0,-1,-1,,0,1,0
3589819,1,0,1,1,0,0,0,-1,-1,,0,1,0
3593003,1,1,0,1,0,0,0,-1,-1,,0,1,0
3593981,1,1,0,1,0,0,0,-1,-1,,0,1,0
3608551,2,2,0,2,0,0,0,-1,-1,,0,1,0
3610357,1,1,0,1,0,0,0,-1,-1,,0,1,0
3620153,1,0,1,1,2,0,0,161284,161284,0.044551708173660061,5.5246283789663031e-07,1,0
3626837,1,1,0,1,0,0,0,-1,-1,,0,1,0
3636839,1,1,0,1,2,0,0,744526,744526,0.20471788825405798,5.4992811064773555e-07,1,0
3639523,1,0,1,1,0,0,0,-1,-1,,0,1,0
3668953,1,1,0,1,2,0,0,164678,164678,0.044884194482731177,5.451146416975088e-07,1,0
3679999,1,1,0,1,2,0,0,283778,283778,0.077113607911306503,5.4347840855391538e-07,1,0
3687433,1,0,1,1,0,0,0,-1,-1,,0,1,0
3693883,1,1,0,1,6,0,0,27727,27727,0.0075061933472175485,1.6243069961880223e-06,1,0
3708073,1,1,0,1,2,0,0,280549,280549,0.075658974351367952,5.3936370724093083e-07,1,0
3710501,2,2,0,2,2,0,0,969465,969465,0.26127603792587578,1.0780215394093683e-06,1,0
3717809,1,1,0,1,0,0,0,-1,-1,,0,1,0
3717893,1,1,0,1,4,0,0,602850,602850,0.16214829205681822,1.0758781922987026e-06,1,0
3719899,2,2,0,2,0,0,0,-1,-1,,0,1,0
3728407,2,2,0,2,0,0,0,-1,-1,,0,1,0
3729997,1,0,1,1,0,0,0,-1,-1,,0,1,0
3732083,1,0,1,1,2,0,0,1218580,1218580,0.32651471041774793,5.3589376227699116e-07,1,0
3736349,2,2,0,2,0,0,0,-1,-1,,0,1,0
3740519,2,2,0,2,2,0,0,328119,328119,0.087720180007105963,1.069370320001048e-06,1,0
3748229,2,2,0,2,0,0,0,-1,-1,,0,1,0
3749029,2,2,0,2,0,0,0,-1,-1,,0,1,0
3754241,2,2,0,2,4,0,0,995525,995525,0.2651734398510911,2.1309234010283302e-06,1,0
3757711,1,0,1,1,0,0,0,-1,-1,,0,1,0
3772229,1,1,0,1,2,0,0,1055479,1055479,0.27980247222530763,5.3019050540144829e-07,1,0
3774469,1,0,1,1,0,0,0,-1,-1,,0,1,0
3775763,2,2,0,2,2,0,0,325765,325765,0.086277925812610595,1.0593885262395971e-06,1,0
3776683,1,0,1,1,2,0,0,1648768,1648768,0.4365651022338915,5.2956522959432919e-07,1,0
3782893,1,0,1,1,0,0,0,-1,-1,,0,1,0
3784927,1,1,0,1,0,0,0,-1,-1,,0,1,0
3787799,1,0,1,1,0,0,0,-1,-1,,0,1,0
3792721,1,1,0,1,0,0,0,-1,-1,,0,1,0
3801839,2,2,0,2,0,0,0,-1,-1,,0,1,0
3812719,1,0,1,1,0,0,0,-1,-1,,0,1,0
3813391,2,2,0,2,2,0,0,890559,890559,0.23353466770126641,1.0489351865570565e-06,1,0
3816557,2,2,0,2,4,0,0,1549218,1549218,0.40592030984995114,2.096130098410688e-06,1,0
3824137,2,2,0,2,0,0,0,-1,-1,,0,1,0
3828743,1,0,1,1,2,0,0,185,185,4.8318730194217788e-05,5.2236465074830041e-07,1,0
3838441,1,1,0,1,0,0,0,-1,-1,,0,1,0
3843677,1,1,0,1,2,0,0,109027,109027,0.028365286677314458,5.203350853882884e-07,1,0
3845293,1,1,0,1,0,0,0,-1,-1,,0,1,0
3850813,2,2,0,2,0,0,0,-1,-1,,0,1,0
3866201,1,1,0,1,0,0,0,-1,-1,,0,1,0
3868031,1,0,1,1,0,0,0,-1,-1,,0,1,0
3872387,1,0,1,1,0,0,0,-1,-1,,0,1,0
3872543,1,1,0,1,0,0,0,-1,-1,,0,1,0
3878137,1,1,0,1,0,0,0,-1,-1,,0,1,0
3883597,2,2,0,2,0,0,0,-1,-1,,0,1,0
3886457,1,1,0,1,2,0,0,356084,356084,0.091621752151123767,5.1460752042284274e-07,1,0
3894229,2,2,0,2,0,0,0,-1,-1,,0,1,0
3896597,1,1,0,1,0,0,0,-1,-1,,0,1,0
3906953,2,2,0,2,2,0,0,85480,85480,0.021878942490477872,1.0238157459278368e-06,1,0
3908549,2,2,0,2,0,0,0,-1,-1,,0,1,0
3914923,2,2,0,2,0,0,0,-1,-1,,0,1,0
3919829,2,2,0,2,6,0,0,134567,134567,0.034329813877084947,3.0613580337305529e-06,1,0
3930767,1,0,1,1,2,0,0,966689,966689,0.24592884798310355,5.0880655098610522e-07,1,0
3936791,1,0,1,1,2,0,0,926481,926481,0.2353391378917499,5.0802798522959434e-07,1,0
3939589,2,2,0,2,0,0,0,-1,-1,,0,1,0
3951481,2,2,0,2,2,0,0,292041,292041,0.073906720037373336,1.0122786874085944e-06,1,0
3952759,1,1,0,1,0,0,0,-1,-1,,0,1,0
3957973,2,2,0,2,0,0,0,-1,-1,,0,1,0
3960893,1,1,0,1,0,0,0,-1,-1,,0,1,0
3973729,1,0,1,1,0,0,0,-1,-1,,0,1,0
3997111,1,0,1,1,0,0,0,-1,-1,,0,1,0
4000039,1,1,0,1,2,0,0,221630,221630,0.055406959782142128,4.9999512504753081e-07,1,0
4012033,1,0,1,1,4,0,0,17722,17722,0.0044172119222349367,9.9700077242634852e-07,1,0
4015741,1,1,0,1,4,0,0,699695,699695,0.17423807959726487,9.9608017548940532e-07,1,0
4036909,1,0,1,1,0,0,0,-1,-1,,0,1,0
4042943,2,2,0,2,0,0,0,-1,-1,,0,1,0
4048223,1,1,0,1,0,0,0,-1,-1,,0,1,0
4051057,2,2,0,2,0,0,0,-1,-1,,0,1,0
4055551,1,0,1,1,0,0,0,-1,-1,,0,1,0
4067513,2,2,0,2,2,0,0,87629,87629,0.021543631206587414,9.8340189693308903e-07,1,0
4083901,1,1,0,1,4,0,0,4427,4427,0.0010840125654368214,9.7945567240733797e-07,1,0
4083931,1,0,1,1,4,0,0,85750,85750,0.02099692673553985,9.7944847745958492e-07,1,0
4089157,1,0,1,1,0,0,0,-1,-1,,0,1,0
4089227,1,0,1,1,0,0,0,-1,-1,,0,1,0
4090103,1,0,1,1,2,0,0,83654,83654,0.02045278566334393,4.8898524071398687e-07,1,0
4090223,1,1,0,1,0,0,0,-1,-1,,0,1,0
4090703,1,0,1,1,2,0,0,883568,883568,0.21599417019519629,4.8891351926551498e-07,1,0
4100743,1,1,0,1,6,0,0,141256,141256,0.034446440559674184,1.4631494829107797e-06,1,0
4103839,2,2,0,2,4,0,0,25867,25867,0.0063031225152838594,1.9493942135644208e-06,1,0
4105093,1,1,0,1,2,0,0,305601,305601,0.074444354853836436,4.871996809816489e-07,1,0
4105711,1,0,1,1,2,0,0,1052473,1052473,0.25634366374057987,4.8712634669123079e-07,1,0
4123387,2,2,0,2,0,0,0,-1,-1,,0,1,0
4125427,1,0,1,1,0,0,0,-1,-1,,0,1,0
4130849,1,0,1,1,0,0,0,-1,-1,,0,1,0
4142167,1,1,0,1,2,0,0,149494,149494,0.036090770845308748,4.8283905501637184e-07,1,0
4148483,1,1,0,1,4,0,0,857016,857016,0.20658539519144709,9.6420788032637473e-07,1,0
4149679,2,2,0,2,0,0,0,-1,-1,,0,1,0
4150793,2,2,0,2,0,0,0,-1,-1,,0,1,0
4152311,2,2,0,2,0,0,0,-1,-1,,0,1,0
4163231,2,2,0,2,0,0,0,-1,-1,,0,1,0
4172489,2,2,0,2,2,0,0,990841,990841,0.23747000890835182,9.5866040629466008e-07,1,0
4180097,1,0,1,1,0,0,0,-1,-1,,0,1,0
4182809,2,2,0,2,0,0,0,-1,-1,,0,1,0
4190981,1,0,1,1,0,0,0,-1,-1,,0,1,0
4192021,1,1,0,1,0,0,0,-1,-1,,0,1,0
4196407,2,2,0,2,0,0,0,-1,-1,,0,1,0
4200991,1,0,1,1,0,0,0,-1,-1,,0,1,0
4205017,1,1,0,1,0,0,0,-1,-1,,0,1,0
4209991,1,1,0,1,0,0,0,-1,-1,,0,1,0
4242677,1,0,1,1,4,0,0,458249,458249,0.10800940066849303,9.4280097212208236e-07,1,0
4243091,2,2,0,2,4,0,0,93898,93898,0.022129622013763079,1.8854179653464892e-06,1,0
4247363,2,2,0,2,2,0,0,1109813,1109813,0.26129459620004225,9.4176080546918165e-07,1,0
4247917,2,2,0,2,0,0,0,-1,-1,,0,1,0
4259719,1,1,0,1,4,0,0,1342931,1342931,0.31526281428422859,9.3902907680060585e-07,1,0
4259903,1,1,0,1,2,0,0,655029,655029,0.15376617730497619,4.6949425843733999e-07,1,0
4261589,2,2,0,2,2,0,0,354333,354333,0.083145746809464738,9.3861702759229016e-07,1,0
4276031,2,2,0,2,4,0,0,380576,380576,0.089002161116231382,1.8708938265414821e-06,1,0
4280503,2,2,0,2,0,0,0,-1,-1,,0,1,0
4286311,1,1,0,1,0,0,0,-1,-1,,0,1,0
4286749,2,2,0,2,0,0,0,-1,-1,,0,1,0
4302041,1,1,0,1,0,0,0,-1,-1,,0,1,0
4307669,1,0,1,1,0,0,0,-1,-1,,0,1,0
4310563,1,1,0,1,2,0,0,802920,802920,0.18626801185831177,4.6397651536469831e-07,1,0
4311533,1,1,0,1,6,0,0,465652,465652,0.10800149274051712,1.3916163925916838e-06,1,0
4312223,1,1,0,1,0,0,0,-1,-1,,0,1,0
4318991,1,1,0,1,4,0,0,671710,671710,0.15552475103560068,9.261422401667426e-07,1,0
4328419,1,1,0,1,0,0,0,-1,-1,,0,1,0
4348411,1,0,1,1,0,0,0,-1,-1,,0,1,0
4351349,1,0,1,1,4,0,0,559084,559084,0.12848521228704018,9.1925515512545647e-07,1,0
4354547,2,2,0,2,2,0,0,1123201,1123201,0.25793750762134388,9.1858004977326001e-07,1,0
4361233,2,2,0,2,0,0,0,-1,-1,,0,1,0
4361579,1,1,0,1,0,0,0,-1,-1,,0,1,0
4362119,2,2,0,2,0,0,0,-1,-1,,0,1,0
4362739,2,2,0,2,0,0,0,-1,-1,,0,1,0
4364147,2,2,0,2,0,0,0,-1,-1,,0,1,0
4379021,2,2,0,2,2,0,0,122229,122229,0.027912403251777053,9.1344617895187077e-07,1,0
4387211,1,1,0,1,0,0,0,-1,-1,,0,1,0
4390781,1,1,0,1,2,0,0,828084,828084,0.18859606070081839,4.5549983021243829e-07,1,0
4393063,2,2,0,2,2,0,0,70381,70381,0.016020940286993381,9.1052643679364486e-07,1,0
4398353,1,0,1,1,0,0,0,-1,-1,,0,1,0
4407287,1,0,1,1,2,0,0,1111213,1111213,0.25213084602840702,4.537939099495903e-07,1,0
4413061,1,0,1,1,8,0,0,599909,599909,0.13593943070354114,1.8128006841509783e-06,1,0
4414957,2,2,0,2,0,0,0,-1,-1,,0,1,0
4417027,2,2,0,2,0,0,0,-1,-1,,0,1,0
4418069,1,0,1,1,2,0,0,1902615,1902615,0.43064402117757783,4.5268645645869271e-07,1,0
4425349,1,0,1,1,2,0,0,140566,140566,0.03176382246914311,4.519417564580782e-07,1,0
4428821,1,1,0,1,0,0,0,-1,-1,,0,1,0
4429031,1,1,0,1,0,0,0,-1,-1,,0,1,0
4440221,2,2,0,2,2,0,0,592651,592651,0.13347331135094401,9.0085606099336041e-07,1,0
4443841,1,1,0,1,2,0,0,846172,846172,0.19041455353600636,4.500611070468093e-07,1,0
4452347,1,1,0,1,0,0,0,-1,-1,,0,1,0
4454521,1,1,0,1,2,0,0,1728569,1728569,0.38804823234641839,4.4898205665659673e-07,1,0
4461253,1,0,1,1,0,0,0,-1,-1,,0,1,0
4461433,1,1,0,1,0,0,0,-1,-1,,0,1,0
4461493,2,2,0,2,0,0,0,-1,-1,,0,1,0
4461643,1,0,1,1,0,0,0,-1,-1,,0,1,0
4465537,1,1,0,1,0,0,0,-1,-1,,0,1,0
4466471,2,2,0,2,2,0,0,139694,139694,0.031276146201329867,8.955616190052505e-07,1,0
4468649,1,1,0,1,0,0,0,-1,-1,,0,1,0
4468903,2,2,0,2,2,0,0,443789,443789,0.099306026557300531,8.9507424976554646e-07,1,0
4469627,2,2,0,2,4,0,0,89716,89716,0.020072368454906862,1.7898585273446755e-06,1,0
4480211,1,1,0,1,0,0,0,-1,-1,,0,1,0
4485629,1,0,1,1,2,0,0,2186132,2186132,0.48736353363151524,4.4586834978996257e-07,1,0
4493459,2,2,0,2,0,0,0,-1,-1,,0,1,0
4495717,1,1,0,1,0,0,0,-1,-1,,0,1,0
4497247,1,0,1,1,0,0,0,-1,-1,,0,1,0
4499527,2,2,0,2,0,0,0,-1,-1,,0,1,0
4510651,1,1,0,1,2,0,0,1282436,1282436,0.28431284087374525,4.4339497779810499e-07,1,0
4512073,2,2,0,2,0,0,0,-1,-1,,0,1,0
4516469,1,0,1,1,0,0,0,-1,-1,,0,1,0
4522933,2,2,0,2,0,0,0,-1,-1,,0,1,0
4530257,2,2,0,2,0,0,0,-1,-1,,0,1,0
4543991,2,2,0,2,0,0,0,-1,-1,,0,1,0
4551517,1,0,1,1,0,0,0,-1,-1,,0,1,0
4554031,1,1,0,1,0,0,0,-1,-1,,0,1,0
4558217,1,1,0,1,0,0,0,-1,-1,,0,1,0
4560223,1,1,0,1,0,0,0,-1,-1,,0,1,0
4568327,1,0,1,1,2,0,0,1586588,1586588,0.34730175838988758,4.377970316047866e-07,1,0
4570403,2,2,0,2,2,0,0,1042431,1042431,0.22808295023436664,8.7519634482998543e-07,1,0
4573783,1,1,0,1,0,0,0,-1,-1,,0,1,0
4575833,2,2,0,2,2,0,0,170268,170268,0.03721027406376063,8.7415777629996546e-07,1,0
4578313,1,1,0,1,0,0,0,-1,-1,,0,1,0
4588373,1,0,1,1,0,0,0,-1,-1,,0,1,0
4593847,2,2,0,2,0,0,0,-1,-1,,0,1,0
4595039,2,2,0,2,2,0,0,233448,233448,0.05080435661155433,8.7050403707128492e-07,1,0
4598963,1,0,1,1,0,0,0,-1,-1,,0,1,0
4603987,1,1,0,1,2,0,0,279893,279893,0.060793612145299283,4.3440609193727091e-07,1,0
4612873,1,1,0,1,0,0,0,-1,-1,,0,1,0
4619773,1,1,0,1,6,0,0,1079031,1079031,0.23356796968162721,1.2987651124849641e-06,1,0
4620793,2,2,0,2,0,0,0,-1,-1,,0,1,0
4626007,1,1,0,1,0,0,0,-1,-1,,0,1,0
4634111,1,1,0,1,4,0,0,694786,694786,0.14992864866637851,8.6316447750172583e-07,1,0
4636847,1,0,1,1,0,0,0,-1,-1,,0,1,0
4653827,2,2,0,2,0,0,0,-1,-1,,0,1,0
4657901,1,0,1,1,2,0,0,1416232,1416232,0.30404939907481932,4.2937795371777973e-07,1,0
4660067,1,1,0,1,2,0,0,241125,241125,0.051742818289951628,4.2917837876579886e-07,1,0
4662689,2,2,0,2,0,0,0,-1,-1,,0,1,0
4666289,2,2,0,2,0,0,0,-1,-1,,0,1,0
4671671,2,2,0,2,0,0,0,-1,-1,,0,1,0
4675037,1,0,1,1,4,0,0,414757,414757,0.088717372718119664,8.5560820160353809e-07,1,0
4676333,2,2,0,2,0,0,0,-1,-1,,0,1,0
4681037,1,0,1,1,4,0,0,103987,103987,0.022214522124050718,8.5451151101775103e-07,1,0
4684259,1,1,0,1,2,0,0,1678934,1678934,0.35842040331245562,4.2696187379903633e-07,1,0
4685623,1,0,1,1,0,0,0,-1,-1,,0,1,0
4699151,1,1,0,1,6,0,0,1054859,1054859,0.22447863454483585,1.276826388426335e-06,1,0
4700039,2,2,0,2,2,0,0,377629,377629,0.080345929044418563,8.5105676782682017e-07,1,0
4706213,2,2,0,2,0,0,0,-1,-1,,0,1,0
4710833,1,1,0,1,2,0,0,1222176,1222176,0.25943946643831356,4.2455336455357256e-07,1,0
4715453,1,0,1,1,0,0,0,-1,-1,,0,1,0
4717597,2,2,0,2,0,0,0,-1,-1,,0,1,0
4724309,1,1,0,1,0,0,0,-1,-1,,0,1,0
4730953,1,1,0,1,2,0,0,433416,433416,0.091612831495049729,4.2274780578035756e-07,1,0
4733329,1,1,0,1,2,0,0,637121,637121,0.13460315139725129,4.2253559809597009e-07,1,0
4733381,1,0,1,1,0,0,0,-1,-1,,0,1,0
4734673,2,2,0,2,0,0,0,-1,-1,,0,1,0
4755857,2,2,0,2,2,0,0,295885,295885,0.062214864744671673,8.4106818182296066e-07,1,0
4762969,2,2,0,2,0,0,0,-1,-1,,0,1,0
4764373,1,1,0,1,0,0,0,-1,-1,,0,1,0
4774883,1,0,1,1,0,0,0,-1,-1,,0,1,0
4789963,2,2,0,2,2,0,0,515739,515739,0.1076707690643957,8.3507951940338577e-07,1,0
4790363,2,2,0,2,0,0,0,-1,-1,,0,1,0
4799261,1,0,1,1,0,0,0,-1,-1,,0,1,0
4801697,2,2,0,2,2,0,0,426342,426342,0.0887898590852359,8.3303881940072441e-07,1,0
4803439,2,2,0,2,0,0,0,-1,-1,,0,1,0
4808393,1,0,1,1,0,0,0,-1,-1,,0,1,0
4814801,2,2,0,2,0,0,0,-1,-1,,0,1,0
4820489,1,0,1,1,2,0,0,183964,183964,0.038162933262579794,4.148956672238024e-07,1,0
4826501,2,2,0,2,0,0,0,-1,-1,,0,1,0
4827523,1,0,1,1,2,0,0,1780043,1780043,0.36872802056044063,4.1429113854040674e-07,1,0
4844141,1,1,0,1,0,0,0,-1,-1,,0,1,0
4856711,2,2,0,2,0,0,0,-1,-1,,0,1,0
4859081,1,0,1,1,4,0,0,77000,77000,0.015846617909847562,8.2320093038169147e-07,1,0
4864667,1,1,0,1,0,0,0,-1,-1,,0,1,0
4865227,2,2,0,2,0,0,0,-1,-1,,0,1,0
4867301,1,1,0,1,2,0,0,722257,722257,0.1483896311323257,4.1090534569364006e-07,1,0
4871953,2,2,0,2,0,0,0,-1,-1,,0,1,0
4880101,1,1,0,1,0,0,0,-1,-1,,0,1,0
4880951,1,1,0,1,0,0,0,-1,-1,,0,1,0
4884553,1,0,1,1,0,0,0,-1,-1,,0,1,0
4886333,4,4,0,4,4,0,0,26856,26856,0.0054961460874647719,3.2744391346230396e-06,1,0
4889147,2,2,0,2,2,0,0,435458,435458,0.089066252252182232,8.1813862418127329e-07,1,0
4890341,1,1,0,1,2,0,0,1501876,1501876,0.30711069023612053,4.0896943587369469e-07,1,0
4895347,1,0,1,1,0,0,0,-1,-1,,0,1,0
4896127,1,1,0,1,0,0,0,-1,-1,,0,1,0
4896491,1,0,1,1,4,0,0,249661,249661,0.050987737953567154,8.1691153930437123e-07,1,0
4907359,1,0,1,1,0,0,0,-1,-1,,0,1,0
4912073,1,1,0,1,0,0,0,-1,-1,,0,1,0
4913873,2,2,0,2,0,0,0,-1,-1,,0,1,0
4914937,2,2,0,2,0,0,0,-1,-1,,0,1,0
4925017,2,2,0,2,2,0,0,7359,7359,0.0014942080402971197,8.1217993765300713e-07,1,0
4927873,1,1,0,1,0,0,0,-1,-1,,0,1,0
4929731,2,2,0,2,0,0,0,-1,-1,,0,1,0
4933529,1,1,0,1,0,0,0,-1,-1,,0,1,0
4944803,1,0,1,1,0,0,0,-1,-1,,0,1,0
4956703,1,0,1,1,0,0,0,-1,-1,,0,1,0
4961599,2,2,0,2,0,0,0,-1,-1,,0,1,0
4978217,1,0,1,1,0,0,0,-1,-1,,0,1,0
4981393,1,1,0,1,4,0,0,396183,396183,0.079532572515358654,8.0298824043796589e-07,1,0
4989503,2,2,0,2,4,0,0,19101,19101,0.0038282370007593942,1.6033661068046257e-06,1,0
5010041,1,0,1,1,2,0,0,321159,321159,0.064103068218403808,3.9919832991386697e-07,1,0
5016953,2,2,0,2,0,0,0,-1,-1,,0,1,0
5024861,2,2,0,2,4,0,0,179193,179193,0.035661284958927224,1.5920838407271365e-06,1,0
5027537,1,0,1,1,0,0,0,-1,-1,,0,1,0
5042393,1,0,1,1,0,0,0,-1,-1,,0,1,0
5042971,1,1,0,1,0,0,0,-1,-1,,0,1,0
5044423,1,1,0,1,0,0,0,-1,-1,,0,1,0
5050091,2,2,0,2,2,0,0,602125,602125,0.11923052475688062,7.9206493506750669e-07,1,0
5050897,1,1,0,1,0,0,0,-1,-1,,0,1,0
5063489,2,2,0,2,0,0,0,-1,-1,,0,1,0
5071019,2,2,0,2,0,0,0,-1,-1,,0,1,0
5073457,1,0,1,1,0,0,0,-1,-1,,0,1,0
5078119,1,1,0,1,0,0,0,-1,-1,,0,1,0
5085637,1,1,0,1,2,0,0,923391,923391,0.18156840529514789,3.9326440325961131e-07,1,0
5090117,1,1,0,1,0,0,0,-1,-1,,0,1,0
5110423,2,2,0,2,2,0,0,878010,878010,0.17180769576217075,7.8271407278810386e-07,1,0
5114827,1,1,0,1,0,0,0,-1,-1,,0,1,0
5124781,2,2,0,2,0,0,0,-1,-1,,0,1,0
5136323,1,1,0,1,2,0,0,158871,158871,0.030930881877950431,3.8938361158361733e-07,1,0
5143447,1,1,0,1,0,0,0,-1,-1,,0,1,0
5145197,2,2,0,2,2,0,0,23695,23695,0.0046052658430765624,7.7742407142039455e-07,1,0
5152841,1,1,0,1,2,0,0,851178,851178,0.16518615652996085,3.8813539948156753e-07,1,0
5152843,1,0,1,1,0,0,0,-1,-1,,0,1,0
5167583,1,0,1,1,0,0,0,-1,-1,,0,1,0
5171801,2,2,0,2,4,0,0,292164,292164,0.056491732763886311,1.5468499271337007e-06,1,0
5177803,1,0,1,1,0,0,0,-1,-1,,0,1,0
5181641,2,2,0,2,0,0,0,-1,-1,,0,1,0
5187151,1,0,1,1,0,0,0,-1,-1,,0,1,0
5189357,1,1,0,1,4,0,0,379970,379970,0.073221017555739565,7.7080840651356232e-07,1,0
5191057,2,2,0,2,2,0,0,58490,58490,0.011267454778477678,7.7055597732793151e-07,1,0
5201593,2,2,0,2,0,0,0,-1,-1,,0,1,0
5206819,2,2,0,2,2,0,0,1568638,1568638,0.30126608971811775,7.682233624790875e-07,1,0
5210189,2,2,0,2,0,0,0,-1,-1,,0,1,0
5218883,1,1,0,1,0,0,0,-1,-1,,0,1,0
5221849,2,2,0,2,0,0,0,-1,-1,,0,1,0
5226647,1,1,0,1,2,0,0,358438,358438,0.068578957025412279,3.8265450105966598e-07,1,0
5226733,2,2,0,2,0,0,0,-1,-1,,0,1,0
5233639,1,0,1,1,0,0,0,-1,-1,,0,1,0
5242907,1,1,0,1,2,0,0,68558,68558,0.013076333415793949,3.8146776206406102e-07,1,0
5245067,1,0,1,1,2,0,0,644257,644257,0.1228310334262651,3.8131066771882991e-07,1,0
5254229,1,1,0,1,2,0,0,61625,61625,0.011728647533253689,3.8064576172831449e-07,1,0
5258303,1,0,1,1,2,0,0,1547908,1547908,0.29437405946367107,3.8035084703182757e-07,1,0
5258867,2,2,0,2,2,0,0,629865,629865,0.11977199651559928,7.6062011075769741e-07,1,0
5260597,1,0,1,1,0,0,0,-1,-1,,0,1,0
5261359,2,2,0,2,0,0,0,-1,-1,,0,1,0
5269811,1,1,0,1,0,0,0,-1,-1,,0,1,0
5283497,1,1,0,1,0,0,0,-1,-1,,0,1,0
5286373,2,2,0,2,0,0,0,-1,-1,,0,1,0
5293637,1,0,1,1,0,0,0,-1,-1,,0,1,0
5307439,1,1,0,1,0,0,0,-1,-1,,0,1,0
5311217,2,2,0,2,2,0,0,682414,682414,0.12848542998713855,7.5312306011974276e-07,1,0
5321851,1,1,0,1,0,0,0,-1,-1,,0,1,0
5329967,2,2,0,2,2,0,0,430824,430824,0.080830519213345969,7.5047368961196194e-07,1,0
5330513,1,0,1,1,0,0,0,-1,-1,,0,1,0
5330879,1,1,0,1,0,0,0,-1,-1,,0,1,0
5333483,1,1,0,1,0,0,0,-1,-1,,0,1,0
5333707,1,1,0,1,2,0,0,604210,604210,0.11328143821923477,3.7497372840315375e-07,1,0
5340103,2,2,0,2,2,0,0,59767,59767,0.01119210621967404,7.4904922245881772e-07,1,0
5350843,2,2,0,2,2,0,0,81988,81988,0.015322445453921934,7.4754576054651573e-07,1,0
5360881,1,0,1,1,2,0,0,758297,758297,0.1414500713595396,3.7307300796268375e-07,1,0
5365751,2,2,0,2,0,0,0,-1,-1,,0,1,0
5367577,2,2,0,2,0,0,0,-1,-1,,0,1,0
5374517,1,1,0,1,0,0,0,-1,-1,,0,1,0
5376883,2,2,0,2,0,0,0,-1,-1,,0,1,0
5379203,1,1,0,1,2,0,0,445027,445027,0.082731029113420701,3.7180229115725879e-07,1,0
5390023,1,1,0,1,2,0,0,855471,855471,0.15871379398566574,3.7105593055910892e-07,1,0
5397113,2,2,0,2,2,0,0,849832,849832,0.15746047933404397,7.4113697452693693e-07,1,0
5405251,2,2,0,2,0,0,0,-1,-1,,0,1,0
5411011,1,1,0,1,0,0,0,-1,-1,,0,1,0
5414657,2,2,0,2,0,0,0,-1,-1,,0,1,0
5429899,2,2,0,2,2,0,0,453201,453201,0.08346398340005956,7.3666195264405476e-07,1,0
5450351,1,0,1,1,0,0,0,-1,-1,,0,1,0
5459761,1,0,1,1,0,0,0,-1,-1,,0,1,0
5460607,1,1,0,1,0,0,0,-1,-1,,0,1,0
5465459,2,2,0,2,2,0,0,815078,815078,0.14913257971562865,7.3186899764502852e-07,1,0
5467351,2,2,0,2,0,0,0,-1,-1,,0,1,0
5468083,2,2,0,2,0,0,0,-1,-1,,0,1,0
5474333,1,1,0,1,0,0,0,-1,-1,,0,1,0
5477971,2,2,0,2,0,0,0,-1,-1,,0,1,0
5484397,2,2,0,2,4,0,0,269554,269554,0.049149250136341333,1.4586836073318544e-06,1,0
5484851,1,0,1,1,0,0,0,-1,-1,,0,1,0
5486911,2,2,0,2,0,0,0,-1,-1,,0,1,0
5498573,1,0,1,1,0,0,0,-1,-1,,0,1,0
5505083,1,0,1,1,0,0,0,-1,-1,,0,1,0
5507461,1,1,0,1,2,0,0,616916,616916,0.11201459256815437,3.6314374264293472e-07,1,0
5509429,2,2,0,2,2,0,0,130233,130233,0.023638202797422382,7.2602805118279947e-07,1,0
5516627,1,0,1,1,0,0,0,-1,-1,,0,1,0
5528779,2,2,0,2,2,0,0,266151,266151,0.048139200355087446,7.2348704840616708e-07,1,0
5539439,1,0,1,1,0,0,0,-1,-1,,0,1,0
5547709,1,1,0,1,2,0,0,1424091,1424091,0.25669893644385455,3.6050917594992814e-07,1,0
5552171,2,2,0,2,0,0,0,-1,-1,,0,1,0
5561849,2,2,0,2,2,0,0,307090,307090,0.055213652869756082,7.1918529251693102e-07,1,0
5565047,2,2,0,2,2,0,0,756450,756450,0.13592877113167237,7.1877200677730127e-07,1,0
5582699,1,0,1,1,0,0,0,-1,-1,,0,1,0
5596907,1,1,0,1,2,0,0,1852815,1852815,0.3310426633853305,3.5734022380575556e-07,1,0
5598091,1,1,0,1,2,0,0,1204149,1204149,0.21509993317364795,3.5726464610882529e-07,1,0
5610433,2,2,0,2,4,0,0,301962,301962,0.053821514310927514,1.4259148981905674e-06,1,0
5641291,1,1,0,1,0,0,0,-1,-1,,0,1,0
5643641,1,0,1,1,0,0,0,-1,-1,,0,1,0
5657051,1,1,0,1,0,0,0,-1,-1,,0,1,0
5662733,1,1,0,1,4,0,0,299255,299255,0.052846390603265243,7.0637270024915526e-07,1,0
5667313,2,2,0,2,0,0,0,-1,-1,,0,1,0
5667973,2,2,0,2,2,0,0,498400,498400,0.087932670109755293,7.0571966380220938e-07,1,0
5668309,1,1,0,1,0,0,0,-1,-1,,0,1,0
5670619,1,0,1,1,0,0,0,-1,-1,,0,1,0
5674693,2,2,0,2,0,0,0,-1,-1,,0,1,0
5682763,1,0,1,1,2,0,0,1921755,1921755,0.33817264594705077,3.5194147635577975e-07,1,0
5684867,2,2,0,2,0,0,0,-1,-1,,0,1,0
5695531,1,1,0,1,0,0,0,-1,-1,,0,1,0
5701909,1,1,0,1,0,0,0,-1,-1,,0,1,0
5710919,2,2,0,2,2,0,0,660586,660586,0.11567070028484032,7.0041266563227387e-07,1,0
5712757,1,1,0,1,0,0,0,-1,-1,,0,1,0
5717681,2,2,0,2,2,0,0,3023,3023,0.00052871085322878282,6.9958432448399974e-07,1,0
5736833,2,2,0,2,2,0,0,173363,173363,0.030219286494830858,6.9724881306462989e-07,1,0
5742809,1,0,1,1,0,0,0,-1,-1,,0,1,0
5753479,1,0,1,1,0,0,0,-1,-1,,0,1,0
5766311,1,1,0,1,0,0,0,-1,-1,,0,1,0
5767409,2,2,0,2,2,0,0,18204,18204,0.003156356693274224,6.9355233866715536e-07,1,0
5783891,1,0,1,1,2,0,0,1719918,1719918,0.29736348765908627,3.4578798251903433e-07,1,0
5785069,2,2,0,2,0,0,0,-1,-1,,0,1,0
5787149,1,1,0,1,0,0,0,-1,-1,,0,1,0
5797993,2,2,0,2,2,0,0,297948,297948,0.051388126891495037,6.8989389949246226e-07,1,0
5804069,1,1,0,1,0,0,0,-1,-1,,0,1,0
5805941,1,0,1,1,2,0,0,1515478,1515478,0.26102194286852037,3.4447473717008145e-07,1,0
5812199,2,2,0,2,2,0,0,256541,256541,0.044138371724712112,6.8820768180855473e-07,1,0
5822491,2,2,0,2,0,0,0,-1,-1,,0,1,0
5823497,1,1,0,1,4,0,0,208802,208802,0.035855088445997309,6.8687250976518061e-07,1,0
5825399,1,1,0,1,0,0,0,-1,-1,,0,1,0
5825591,1,1,0,1,0,0,0,-1,-1,,0,1,0
5827937,2,2,0,2,4,0,0,157080,157080,0.02695293377399241,1.3726984351409426e-06,1,0
5836189,2,2,0,2,0,0,0,-1,-1,,0,1,0
5857307,1,1,0,1,2,0,0,740803,740803,0.12647501659038873,3.4145384559832703e-07,1,0
5861621,1,1,0,1,2,0,0,1896,1896,0.00032346001217069476,3.4120254448385521e-07,1,0
5867591,2,2,0,2,0,0,0,-1,-1,,0,1,0
5887577,1,1,0,1,0,0,0,-1,-1,,0,1,0
5909837,1,1,0,1,2,0,0,1851008,1851008,0.31320796157322106,3.3841880918204681e-07,1,0
5927723,1,1,0,1,0,0,0,-1,-1,,0,1,0
5934527,1,1,0,1,0,0,0,-1,-1,,0,1,0
5935789,1,1,0,1,0,0,0,-1,-1,,0,1,0
5938181,2,2,0,2,2,0,0,1901733,1901733,0.32025514210496447,6.7360695135429515e-07,1,0
5940007,1,0,1,1,0,0,0,-1,-1,,0,1,0
5948143,1,1,0,1,0,0,0,-1,-1,,0,1,0
5952959,1,1,0,1,0,0,0,-1,-1,,0,1,0
5964527,1,0,1,1,2,0,0,1562019,1562019,0.26188480662423019,3.3531577608752544e-07,1,0
5971639,1,1,0,1,0,0,0,-1,-1,,0,1,0
5976023,2,2,0,2,2,0,0,45273,45273,0.0075757740557558092,6.6934146672460932e-07,1,0
5978279,1,1,0,1,0,0,0,-1,-1,,0,1,0
5980967,1,0,1,1,0,0,0,-1,-1,,0,1,0
5981137,1,1,0,1,2,0,0,130599,130599,0.021835146060021699,3.3438458273067477e-07,1,0
5987677,2,2,0,2,2,0,0,999049,999049,0.16685085050512913,6.6803870683071243e-07,1,0
5995079,1,0,1,1,0,0,0,-1,-1,,0,1,0
5998757,2,2,0,2,0,0,0,-1,-1,,0,1,0
6002861,1,1,0,1,0,0,0,-1,-1,,0,1,0
6007517,2,2,0,2,0,0,0,-1,-1,,0,1,0
6022747,2,2,0,2,0,0,0,-1,-1,,0,1,0
6028049,1,0,1,1,0,0,0,-1,-1,,0,1,0
6028283,1,1,0,1,2,0,0,954871,954871,0.15839850252551183,3.3176942754678237e-07,1,0
6042217,1,0,1,1,0,0,0,-1,-1,,0,1,0
6044677,1,0,1,1,0,0,0,-1,-1,,0,1,0
6047329,1,1,0,1,0,0,0,-1,-1,,0,1,0
6050731,1,1,0,1,0,0,0,-1,-1,,0,1,0
6053251,1,0,1,1,2,0,0,681955,681955,0.11265929663250376,3.3040096966076576e-07,1,0
6071311,1,0,1,1,0,0,0,-1,-1,,0,1,0
6079159,2,2,0,2,2,0,0,601372,601372,0.098923551761024839,6.5798575098956939e-07,1,0
6083527,2,2,0,2,0,0,0,-1,-1,,0,1,0
6083927,1,0,1,1,2,0,0,1005415,1005415,0.16525757130221977,3.2873504235011369e-07,1,0
6090499,1,1,0,1,0,0,0,-1,-1,,0,1,0
6096593,2,2,0,2,2,0,0,1232779,1232779,0.202207856092739,6.5610415522243328e-07,1,0
6099887,1,0,1,1,0,0,0,-1,-1,,0,1,0
6100781,1,1,0,1,2,0,0,2251283,2251283,0.36901554079715365,3.2782687986997076e-07,1,0
6113161,1,1,0,1,2,0,0,205122,205122,0.033554162895431679,3.2716298491075237e-07,1,0
6137801,2,2,0,2,0,0,0,-1,-1,,0,1,0
6141491,1,0,1,1,0,0,0,-1,-1,,0,1,0
6159547,1,1,0,1,2,0,0,81815,81815,0.013282632635159696,3.2469920271734268e-07,1,0
6159869,2,2,0,2,0,0,0,-1,-1,,0,1,0
6160639,1,1,0,1,0,0,0,-1,-1,,0,1,0
6168377,1,1,0,1,2,0,0,969696,969696,0.15720439914745807,3.2423439747602976e-07,1,0
6172291,2,2,0,2,0,0,0,-1,-1,,0,1,0
6175067,1,1,0,1,0,0,0,-1,-1,,0,1,0
6182879,2,2,0,2,0,0,0,-1,-1,,0,1,0
6193123,1,1,0,1,0,0,0,-1,-1,,0,1,0
6212203,2,2,0,2,2,0,0,750878,750878,0.12087145252658356,6.4389396161072007e-07,1,0
6218749,1,0,1,1,0,0,0,-1,-1,,0,1,0
6223601,1,1,0,1,2,0,0,906084,906084,0.14558838203156019,3.2135736208024904e-07,1,0
6226477,1,0,1,1,0,0,0,-1,-1,,0,1,0
6235399,1,0,1,1,2,0,0,246149,246149,0.039476062397931555,3.2074932173546551e-07,1,0
6245153,1,1,0,1,0,0,0,-1,-1,,0,1,0
6245557,2,2,0,2,0,0,0,-1,-1,,0,1,0
6278527,1,1,0,1,0,0,0,-1,-1,,0,1,0
6279997,1,0,1,1,2,0,0,1297774,1297774,0.20665200954713833,3.1847148971567981e-07,1,0
6280289,1,1,0,1,0,0,0,-1,-1,,0,1,0
6293137,1,1,0,1,2,0,0,228764,228764,0.036351345918577652,3.1780652479041854e-07,1,0
6298231,2,2,0,2,0,0,0,-1,-1,,0,1,0
6299771,1,1,0,1,0,0,0,-1,-1,,0,1,0
6300601,1,0,1,1,2,0,0,2277673,2277673,0.36150091078612978,3.1743003564263153e-07,1,0
6301913,1,1,0,1,0,0,0,-1,-1,,0,1,0
6315943,2,2,0,2,0,0,0,-1,-1,,0,1,0
6318409,1,0,1,1,2,0,0,2991510,2991510,0.47345937877715732,3.1653538097961051e-07,1,0
6322513,1,1,0,1,0,0,0,-1,-1,,0,1,0
6323027,2,2,0,2,0,0,0,-1,-1,,0,1,0
6323441,1,1,0,1,0,0,0,-1,-1,,0,1,0
6324137,1,0,1,1,0,0,0,-1,-1,,0,1,0
6340219,1,1,0,1,0,0,0,-1,-1,,0,1,0
6344771,1,1,0,1,0,0,0,-1,-1,,0,1,0
6353351,1,1,0,1,0,0,0,-1,-1,,0,1,0
6363923,2,2,0,2,2,0,0,195830,195830,0.030771899660005313,6.2854311719359268e-07,1,0
6364637,2,2,0,2,0,0,0,-1,-1,,0,1,0
6369799,2,2,0,2,0,0,0,-1,-1,,0,1,0
6387683,1,0,1,1,0,0,0,-1,-1,,0,1,0
6392717,1,0,1,1,0,0,0,-1,-1,,0,1,0
6400921,1,1,0,1,4,0,0,970308,970308,0.1515888104227501,6.2491007153501814e-07,1,0
6402653,1,1,0,1,0,0,0,-1,-1,,0,1,0
6406789,1,1,0,1,0,0,0,-1,-1,,0,1,0
6424469,2,2,0,2,0,0,0,-1,-1,,0,1,0
6429419,1,0,1,1,2,0,0,2720885,2720885,0.42319298213415552,3.1107009824682448e-07,1,0
6430793,2,2,0,2,0,0,0,-1,-1,,0,1,0
6435991,1,0,1,1,0,0,0,-1,-1,,0,1,0
6438199,2,2,0,2,0,0,0,-1,-1,,0,1,0
6442883,1,1,0,1,0,0,0,-1,-1,,0,1,0
6443293,1,0,1,1,2,0,0,1539629,1539629,0.2389506421638749,3.1040028755482639e-07,1,0
6459907,1,0,1,1,2,0,0,2204732,2204732,0.3412946966573977,3.0960198033810702e-07,1,0
6461563,2,2,0,2,0,0,0,-1,-1,,0,1,0
6462647,2,2,0,2,0,0,0,-1,-1,,0,1,0
6467789,1,1,0,1,0,0,0,-1,-1,,0,1,0
6489361,1,0,1,1,0,0,0,-1,-1,,0,1,0
6493309,2,2,0,2,0,0,0,-1,-1,,0,1,0
6495367,2,2,0,2,2,0,0,93187,93187,0.014346687415814996,6.1582355546653484e-07,1,0
6497347,2,2,0,2,4,0,0,766985,766985,0.11804587318485529,1.2312717790815235e-06,1,0
6508367,2,2,0,2,2,0,0,195569,195569,0.030048858646108925,6.1459349173148962e-07,1,0
6513373,1,1,0,1,6,0,0,1112043,1112043,0.1707322765025126,9.2118169802343577e-07,1,0
6519683,2,2,0,2,0,0,0,-1,-1,,0,1,0
6524183,1,1,0,1,0,0,0,-1,-1,,0,1,0
6540977,1,0,1,1,0,0,0,-1,-1,,0,1,0
6544039,2,2,0,2,0,0,0,-1,-1,,0,1,0
6544277,2,2,0,2,2,0,0,792116,792116,0.12103949756405483,6.1122107147970659e-07,1,0
6544883,1,1,0,1,2,0,0,580070,580070,0.088629544638154728,3.0558223882688201e-07,1,0
6555397,1,0,1,1,2,0,0,279928,279928,0.042701914163245945,3.0509212485529101e-07,1,0
6556723,1,1,0,1,0,0,0,-1,-1,,0,1,0
6557099,2,2,0,2,6,0,0,123377,123377,0.018815790336549745,1.8300775998654284e-06,1,0
6579961,1,1,0,1,2,0,0,1845344,1845344,0.28044907864955432,3.0395316932729541e-07,1,0
6591743,2,2,0,2,0,0,0,-1,-1,,0,1,0
6604733,1,1,0,1,0,0,0,-1,-1,,0,1,0
6605377,1,0,1,1,0,0,0,-1,-1,,0,1,0
6607957,2,2,0,2,0,0,0,-1,-1,,0,1,0
6608647,2,2,0,2,0,0,0,-1,-1,,0,1,0
6610067,2,2,0,2,0,0,0,-1,-1,,0,1,0
6615043,1,0,1,1,0,0,0,-1,-1,,0,1,0
6616529,2,2,0,2,0,0,0,-1,-1,,0,1,0
6618727,1,0,1,1,0,0,0,-1,-1,,0,1,0
6628007,2,2,0,2,0,0,0,-1,-1,,0,1,0
6628571,1,1,0,1,0,0,0,-1,-1,,0,1,0
6628729,2,2,0,2,0,0,0,-1,-1,,0,1,0
6629387,1,1,0,1,0,0,0,-1,-1,,0,1,0
6634949,1,1,0,1,0,0,0,-1,-1,,0,1,0
6638339,1,1,0,1,0,0,0,-1,-1,,0,1,0
6643699,1,1,0,1,0,0,0,-1,-1,,0,1,0
6644177,1,0,1,1,0,0,0,-1,-1,,0,1,0
6652187,1,1,0,1,0,0,0,-1,-1,,0,1,0
6652553,1,1,0,1,2,0,0,74763,74763,0.011238241920056857,3.0063646242277214e-07,1,0
6655729,1,0,1,1,2,0,0,246666,246666,0.037060703643432599,3.0049300384676121e-07,1,0
6662813,1,0,1,1,0,0,0,-1,-1,,0,1,0
6662857,1,1,0,1,0,0,0,-1,-1,,0,1,0
6678853,2,2,0,2,0,0,0,-1,-1,,0,1,0
6684449,4,4,0,4,6,0,0,250938,250938,0.037540566170824255,3.5904230849842674e-06,1,0
6690379,2,2,0,2,2,0,0,225658,225658,0.033728731959729037,5.978734538058307e-07,1,0
6697051,1,0,1,1,2,0,0,482926,482926,0.072110246733972913,2.9863890837922543e-07,1,0
6697651,2,2,0,2,0,0,0,-1,-1,,0,1,0
6702469,1,1,0,1,2,0,0,1130236,1130236,0.16862979895915967,2.9839750098060878e-07,1,0
6710269,1,1,0,1,0,0,0,-1,-1,,0,1,0
6719917,1,0,1,1,4,0,0,1040580,1040580,0.1548501268691265,5.9524544722799399e-07,1,0
6729487,1,1,0,1,2,0,0,449649,449649,0.066817723252901751,2.9719947449188922e-07,1,0
6731783,1,0,1,1,0,0,0,-1,-1,,0,1,0
6732469,2,2,0,2,0,0,0,-1,-1,,0,1,0
6738269,1,1,0,1,0,0,0,-1,-1,,0,1,0
6741961,2,2,0,2,2,0,0,413255,413255,0.061295964186087695,5.9329918995378347e-07,1,0
6764239,2,2,0,2,0,0,0,-1,-1,,0,1,0
6796969,1,1,0,1,0,0,0,-1,-1,,0,1,0
6801797,2,2,0,2,0,0,0,-1,-1,,0,1,0
6818621,1,1,0,1,0,0,0,-1,-1,,0,1,0
6825437,2,2,0,2,2,0,0,376570,376570,0.055171558978567965,5.8604306215118534e-07,1,0
6825799,1,1,0,1,0,0,0,-1,-1,,0,1,0
6831113,2,2,0,2,0,0,0,-1,-1,,0,1,0
6833243,1,1,0,1,0,0,0,-1,-1,,0,1,0
6842417,2,2,0,2,0,0,0,-1,-1,,0,1,0
6848929,1,1,0,1,2,0,0,1037372,1037372,0.15146484946770511,2.9201645979977307e-07,1,0
6866329,1,0,1,1,2,0,0,3134476,3134476,0.45649953563250467,2.9127645937152153e-07,1,0
6868231,1,1,0,1,0,0,0,-1,-1,,0,1,0
6877837,1,0,1,1,0,0,0,-1,-1,,0,1,0
6885883,1,0,1,1,0,0,0,-1,-1,,0,1,0
6886349,2,2,0,2,0,0,0,-1,-1,,0,1,0
6898907,1,1,0,1,2,0,0,958557,958557,0.13894331377419641,2.8990099446187635e-07,1,0
6912281,1,0,1,1,2,0,0,3003085,3003085,0.43445644064528049,2.8934008903862558e-07,1,0
6914111,1,0,1,1,0,0,0,-1,-1,,0,1,0
6917821,1,1,0,1,0,0,0,-1,-1,,0,1,0
6919463,1,0,1,1,2,0,0,222681,222681,0.032181832607530381,2.8903977086083123e-07,1,0
6924193,2,2,0,2,2,0,0,208650,208650,0.030133475482269197,5.7768464859370614e-07,1,0
6928609,2,2,0,2,0,0,0,-1,-1,,0,1,0
6932609,1,1,0,1,2,0,0,104955,104955,0.01513932200705391,2.8849167751996399e-07,1,0
6936973,2,2,0,2,2,0,0,2042689,2042689,0.29446402631234114,5.7662037894626374e-07,1,0
6949297,2,2,0,2,2,0,0,309283,309283,0.044505652873952577,5.7559779068300001e-07,1,0
6982907,1,0,1,1,0,0,0,-1,-1,,0,1,0
6989063,1,1,0,1,2,0,0,127679,127679,0.018268400213304701,2.861613924498892e-07,1,0
6991013,2,2,0,2,2,0,0,555503,555503,0.079459586185864628,5.7216314717194773e-07,1,0
6997873,1,1,0,1,0,0,0,-1,-1,,0,1,0
6998561,1,0,1,1,0,0,0,-1,-1,,0,1,0
7003991,1,1,0,1,0,0,0,-1,-1,,0,1,0
7009307,1,1,0,1,0,0,0,-1,-1,,0,1,0
7009757,1,1,0,1,2,0,0,1973246,1973246,0.2814999150469838,2.8531659514017389e-07,1,0
7014131,2,2,0,2,2,0,0,615967,615967,0.087818006250524827,5.7027734440659863e-07,1,0
7016413,1,1,0,1,0,0,0,-1,-1,,0,1,0
7020641,1,1,0,1,0,0,0,-1,-1,,0,1,0
7034519,1,0,1,1,0,0,0,-1,-1,,0,1,0
7039667,1,1,0,1,0,0,0,-1,-1,,0,1,0
7045757,2,2,0,2,0,0,0,-1,-1,,0,1,0
7051633,1,1,0,1,0,0,0,-1,-1,,0,1,0
7067209,2,2,0,2,0,0,0,-1,-1,,0,1,0
7071943,2,2,0,2,0,0,0,-1,-1,,0,1,0
7076093,2,2,0,2,0,0,0,-1,-1,,0,1,0
7080011,1,1,0,1,0,0,0,-1,-1,,0,1,0
7080893,2,2,0,2,0,0,0,-1,-1,,0,1,0
7096853,1,1,0,1,4,0,0,180273,180273,0.025401822469762303,5.636301047802456e-07,1,0
7109273,1,1,0,1,0,0,0,-1,-1,,0,1,0
7112717,2,2,0,2,2,0,0,1056757,1056757,0.14857290118529951,5.6237300035977809e-07,1,0
7120063,1,1,0,1,2,0,0,2133647,2133647,0.29966687092515892,2.8089639094485542e-07,1,0
7122449,2,2,0,2,0,0,0,-1,-1,,0,1,0
7128307,1,1,0,1,2,0,0,1044164,1044164,0.14648134543026836,2.8057152981766919e-07,1,0
7137517,1,1,0,1,4,0,0,576116,576116,0.080716585333527047,5.6041898043815521e-07,1,0
7137677,1,0,1,1,0,0,0,-1,-1,,0,1,0
7148893,2,2,0,2,2,0,0,1434316,1434316,0.20063469966608816,5.5952718833531287e-07,1,0
7150691,1,1,0,1,4,0,0,142242,142242,0.019892063578191253,5.5938649845168809e-07,1,0
7157963,1,1,0,1,0,0,0,-1,-1,,0,1,0
7164631,2,2,0,2,0,0,0,-1,-1,,0,1,0
7170671,1,0,1,1,0,0,0,-1,-1,,0,1,0
7177481,2,2,0,2,4,0,0,600626,600626,0.083682004870510973,1.1145971685609478e-06,1,0
7179079,1,0,1,1,0,0,0,-1,-1,,0,1,0
7202053,1,1,0,1,0,0,0,-1,-1,,0,1,0
7205111,2,2,0,2,0,0,0,-1,-1,,0,1,0
7206247,2,2,0,2,0,0,0,-1,-1,,0,1,0
7218397,1,0,1,1,2,0,0,2632209,2632209,0.36465284466897568,2.7706982589070674e-07,1,0
7221733,2,2,0,2,0,0,0,-1,-1,,0,1,0
7225997,2,2,0,2,0,0,0,-1,-1,,0,1,0
7227973,2,2,0,2,0,0,0,-1,-1,,0,1,0
7239487,1,0,1,1,0,0,0,-1,-1,,0,1,0
7240553,1,1,0,1,0,0,0,-1,-1,,0,1,0
7243937,1,1,0,1,2,0,0,617292,617292,0.085214987374959222,2.7609295884268456e-07,1,0
7245929,2,2,0,2,0,0,0,-1,-1,,0,1,0
7250987,1,1,0,1,0,0,0,-1,-1,,0,1,0
7254857,1,0,1,1,0,0,0,-1,-1,,0,1,0
7259801,2,2,0,2,0,0,0,-1,-1,,0,1,0
7260277,1,0,1,1,2,0,0,2038268,2038268,0.28074245652059832,2.7547158324675493e-07,1,0
7264597,2,2,0,2,0,0,0,-1,-1,,0,1,0
7270931,1,0,1,1,2,0,0,2734073,2734073,0.37602791169383948,2.7506793834242135e-07,1,0
7276039,1,0,1,1,0,0,0,-1,-1,,0,1,0
7293079,1,1,0,1,0,0,0,-1,-1,,0,1,0
7295201,2,2,0,2,0,0,0,-1,-1,,0,1,0
7302929,1,0,1,1,0,0,0,-1,-1,,0,1,0
7306661,2,2,0,2,2,0,0,303467,303467,0.041532924546519946,5.4744568004455112e-07,1,0
7314127,1,0,1,1,0,0,0,-1,-1,,0,1,0
7316299,2,2,0,2,2,0,0,1293871,1293871,0.17684774774787088,5.4672451194244525e-07,1,0
7316359,1,0,1,1,0,0,0,-1,-1,,0,1,0
7325209,2,2,0,2,0,0,0,-1,-1,,0,1,0
7331501,1,1,0,1,4,0,0,73346,73346,0.010004226965255819,5.4559086877298387e-07,1,0
7345931,1,1,0,1,4,0,0,750111,750111,0.10211244837448105,5.4451913583179588e-07,1,0
7347407,1,0,1,1,0,0,0,-1,-1,,0,1,0
7357993,1,1,0,1,0,0,0,-1,-1,,0,1,0
7366607,2,2,0,2,4,0,0,523014,523014,0.070997950616885089,1.0859816466386764e-06,1,0
7377817,1,0,1,1,0,0,0,-1,-1,,0,1,0
7380199,1,1,0,1,0,0,0,-1,-1,,0,1,0
7386961,2,2,0,2,0,0,0,-1,-1,,0,1,0
7387201,1,1,0,1,0,0,0,-1,-1,,0,1,0
7391519,1,1,0,1,2,0,0,1303834,1303834,0.1763959478423853,2.705803773216304e-07,1,0
7403197,2,2,0,2,0,0,0,-1,-1,,0,1,0
7411771,1,0,1,1,0,0,0,-1,-1,,0,1,0
7413101,2,2,0,2,0,0,0,-1,-1,,0,1,0
7423879,2,2,0,2,2,0,0,849854,849854,0.11447573431625165,5.3880188510615545e-07,1,0
7425749,1,1,0,1,2,0,0,80539,80539,0.010845909281339836,2.6933310027042391e-07,1,0
7426613,1,0,1,1,0,0,0,-1,-1,,0,1,0
7427701,1,1,0,1,0,0,0,-1,-1,,0,1,0
7436113,2,2,0,2,4,0,0,383035,383035,0.051510110187943624,1.0758308809992532e-06,1,0
7443889,1,1,0,1,0,0,0,-1,-1,,0,1,0
7445959,1,0,1,1,0,0,0,-1,-1,,0,1,0
7465483,1,1,0,1,0,0,0,-1,-1,,0,1,0
7468157,1,0,1,1,2,0,0,101087,101087,0.013535735791307011,2.6780368971889586e-07,1,0
7474903,2,2,0,2,0,0,0,-1,-1,,0,1,0
7475047,2,2,0,2,0,0,0,-1,-1,,0,1,0
7475581,1,1,0,1,0,0,0,-1,-1,,0,1,0
7482679,2,2,0,2,2,0,0,983169,983169,0.13139264693834921,5.3456790007963725e-07,1,0
7488017,1,1,0,1,2,0,0,1815286,1815286,0.24242546457893993,2.6709341071207506e-07,1,0
7501609,1,0,1,1,0,0,0,-1,-1,,0,1,0
7526443,2,2,0,2,0,0,0,-1,-1,,0,1,0
7528021,2,2,0,2,4,0,0,510915,510915,0.067868434479659401,1.0626962916283045e-06,1,0
7533377,1,0,1,1,0,0,0,-1,-1,,0,1,0
7546673,1,0,1,1,0,0,0,-1,-1,,0,1,0
7549799,1,1,0,1,4,0,0,478180,478180,0.063336785522369529,5.2981542952335556e-07,1,0
7555469,1,1,0,1,0,0,0,-1,-1,,0,1,0
7556083,2,2,0,2,0,0,0,-1,-1,,0,1,0
7560193,1,0,1,1,0,0,0,-1,-1,,0,1,0
7569481,2,2,0,2,2,0,0,1694782,1694782,0.22389672422719603,5.284378149571945e-07,1,0
7570637,2,2,0,2,2,0,0,1515711,1515711,0.20020917658580117,5.2835712503452485e-07,1,0
7580569,1,0,1,1,0,0,0,-1,-1,,0,1,0
7587751,1,1,0,1,0,0,0,-1,-1,,0,1,0
7596047,1,0,1,1,0,0,0,-1,-1,,0,1,0
7613651,2,2,0,2,0,0,0,-1,-1,,0,1,0
7614967,1,1,0,1,0,0,0,-1,-1,,0,1,0
7624349,1,0,1,1,0,0,0,-1,-1,,0,1,0
7624769,1,1,0,1,2,0,0,620378,620378,0.081363514094656503,2.6230302845896055e-07,1,0
7637351,1,0,1,1,0,0,0,-1,-1,,0,1,0
7640443,2,2,0,2,2,0,0,1413562,1413562,0.18501047648676916,5.2352985291559669e-07,1,0
7643737,1,0,1,1,0,0,0,-1,-1,,0,1,0
7648913,2,2,0,2,0,0,0,-1,-1,,0,1,0
7660417,1,1,0,1,2,0,0,215544,215544,0.0281373716339463,2.6108239277313493e-07,1,0
7669553,1,0,1,1,4,0,0,1488210,1488210,0.19404129549662152,5.2154278091565444e-07,1,0
7680341,1,0,1,1,0,0,0,-1,-1,,0,1,0
7683593,2,2,0,2,2,0,0,201440,201440,0.026216901389753466,5.20589781369211e-07,1,0
7691329,1,1,0,1,0,0,0,-1,-1,,0,1,0
7700249,1,1,0,1,0,0,0,-1,-1,,0,1,0
7706177,2,2,0,2,2,0,0,2900890,2900890,0.37643698036004103,5.1906412219703756e-07,1,0
7712603,1,1,0,1,2,0,0,2484193,2484193,0.32209527704200513,2.5931582372384525e-07,1,0
7717063,2,2,0,2,4,0,0,17318,17318,0.0022441180018875056,1.0366638188647677e-06,1,0
7720633,1,1,0,1,0,0,0,-1,-1,,0,1,0
7722707,2,2,0,2,0,0,0,-1,-1,,0,1,0
7725521,1,1,0,1,0,0,0,-1,-1,,0,1,0
7743097,2,2,0,2,4,0,0,129310,129310,0.016700036174156156,1.033178326449998e-06,1,0
7748773,1,0,1,1,0,0,0,-1,-1,,0,1,0
7750987,1,1,0,1,2,0,0,616979,616979,0.079600056096081701,2.5803165454928515e-07,1,0
7761181,1,1,0,1,2,0,0,3289138,3289138,0.42379349225330526,2.5769274031877366e-07,1,0
7779461,1,1,0,1,4,0,0,243297,243297,0.031274274657331659,5.1417443959163749e-07,1,0
7783231,1,0,1,1,2,0,0,290029,290029,0.037263316481291636,2.5696269325682353e-07,1,0
7794019,1,0,1,1,2,0,0,384719,384719,0.049360798324972005,2.5660702135830051e-07,1,0
7794833,1,1,0,1,0,0,0,-1,-1,,0,1,0
7802621,2,2,0,2,0,0,0,-1,-1,,0,1,0
7813777,1,1,0,1,2,0,0,2020422,2020422,0.25857175089588558,2.5595816210265534e-07,1,0
7817279,1,0,1,1,0,0,0,-1,-1,,0,1,0
7825369,1,1,0,1,0,0,0,-1,-1,,0,1,0
7825373,1,0,1,1,0,0,0,-1,-1,,0,1,0
7830481,1,1,0,1,0,0,0,-1,-1,,0,1,0
7838387,2,2,0,2,0,0,0,-1,-1,,0,1,0
7847327,1,1,0,1,2,0,0,2708443,2708443,0.34514211017331126,2.5486385364086396e-07,1,0
7859581,2,2,0,2,2,0,0,1196467,1196467,0.1522303797110813,5.0893298255975729e-07,1,0
7862047,1,0,1,1,2,0,0,1836123,1836123,0.23354261301159862,2.5438667563294902e-07,1,0
7880737,1,0,1,1,2,0,0,114510,114510,0.014530366893350204,2.537833707684954e-07,1,0
7891069,1,0,1,1,2,0,0,80445,80445,0.010194436267126799,2.5345108501775868e-07,1,0
7898747,1,1,0,1,0,0,0,-1,-1,,0,1,0
7904753,1,1,0,1,2,0,0,1803817,1803817,0.22819397392935617,2.530123332126886e-07,1,0
7906291,1,1,0,1,0,0,0,-1,-1,,0,1,0
7917521,1,1,0,1,0,0,0,-1,-1,,0,1,0
7923499,1,0,1,1,0,0,0,-1,-1,,0,1,0
7924243,1,0,1,1,0,0,0,-1,-1,,0,1,0
7932289,2,2,0,2,0,0,0,-1,-1,,0,1,0
7933313,2,2,0,2,0,0,0,-1,-1,,0,1,0
7934959,2,2,0,2,0,0,0,-1,-1,,0,1,0
7939727,1,0,1,1,0,0,0,-1,-1,,0,1,0
7945489,1,1,0,1,0,0,0,-1,-1,,0,1,0
7950881,1,0,1,1,0,0,0,-1,-1,,0,1,0
7964569,2,2,0,2,2,0,0,1111616,1111616,0.13957013869802623,5.0222428859615634e-07,1,0
7970357,2,2,0,2,4,0,0,67159,67159,0.008426096848610419,1.0037191558671713e-06,1,0
7973149,1,1,0,1,2,0,0,585025,585025,0.073374396991703034,2.5084191954772201e-07,1,0
7980061,2,2,0,2,4,0,0,73926,73926,0.0092638389606294995,1.0024986024542921e-06,1,0
7981837,1,1,0,1,0,0,0,-1,-1,,0,1,0
8013463,2,2,0,2,0,0,0,-1,-1,,0,1,0
8023429,1,0,1,1,0,0,0,-1,-1,,0,1,0
8024869,2,2,0,2,0,0,0,-1,-1,,0,1,0
8035007,1,1,0,1,0,0,0,-1,-1,,0,1,0
8039791,1,0,1,1,6,0,0,120475,120475,0.014984842267665914,7.462880564930108e-07,1,0
8051437,2,2,0,2,0,0,0,-1,-1,,0,1,0
8052601,2,2,0,2,2,0,0,556360,556360,0.069090719880446086,4.9673391243400733e-07,1,0
8053103,1,0,1,1,0,0,0,-1,-1,,0,1,0
8054369,2,2,0,2,0,0,0,-1,-1,,0,1,0
8056201,2,2,0,2,4,0,0,689458,689458,0.085581032548716199,9.9302388309328436e-07,1,0
8057701,1,0,1,1,2,0,0,1580292,1580292,0.19612194594959531,2.4820975610785258e-07,1,0
8060683,1,0,1,1,0,0,0,-1,-1,,0,1,0
8061019,2,2,0,2,2,0,0,1145681,1145681,0.14212607612015304,4.9621518073583501e-07,1,0
8061107,1,0,1,1,2,0,0,275625,275625,0.034191954033112329,2.4810488187292391e-07,1,0
8065171,1,1,0,1,0,0,0,-1,-1,,0,1,0
8096041,1,0,1,1,0,0,0,-1,-1,,0,1,0
8109191,1,1,0,1,0,0,0,-1,-1,,0,1,0
8130757,2,2,0,2,0,0,0,-1,-1,,0,1,0
8141213,2,2,0,2,0,0,0,-1,-1,,0,1,0
8147813,1,0,1,1,4,0,0,533017,533017,0.065418413505562781,4.9092928372312914e-07,1,0
8149027,1,0,1,1,0,0,0,-1,-1,,0,1,0
8166217,2,2,0,2,0,0,0,-1,-1,,0,1,0
8170243,1,0,1,1,6,0,0,1675817,1675817,0.20511225920697829,7.3437228244006945e-07,1,0
8170847,1,0,1,1,0,0,0,-1,-1,,0,1,0
8173547,2,2,0,2,2,0,0,1168697,1168697,0.14298529145302522,4.8938361766317608e-07,1,0
8187691,2,2,0,2,0,0,0,-1,-1,,0,1,0
8195647,2,2,0,2,0,0,0,-1,-1,,0,1,0
8210087,1,1,0,1,0,0,0,-1,-1,,0,1,0
8221249,1,0,1,1,0,0,0,-1,-1,,0,1,0
8239547,2,2,0,2,0,0,0,-1,-1,,0,1,0
8240863,1,0,1,1,0,0,0,-1,-1,,0,1,0
8252303,1,0,1,1,0,0,0,-1,-1,,0,1,0
8253991,1,0,1,1,2,0,0,3787956,3787956,0.45892417377242112,2.4230702456544961e-07,1,0
8265617,1,0,1,1,2,0,0,3239879,3239879,0.3919706175594635,2.419662077253277e-07,1,0
8273051,1,0,1,1,0,0,0,-1,-1,,0,1,0
8283817,2,2,0,2,0,0,0,-1,-1,,0,1,0
8284663,1,1,0,1,0,0,0,-1,-1,,0,1,0
8285257,1,1,0,1,0,0,0,-1,-1,,0,1,0
8301703,1,1,0,1,2,0,0,1130267,1130267,0.1361488118763102,2.4091442442592804e-07,1,0
8302759,1,1,0,1,2,0,0,1066004,1066004,0.12839153828263594,2.4088378333033632e-07,1,0
8305307,2,2,0,2,0,0,0,-1,-1,,0,1,0
8319127,1,1,0,1,0,0,0,-1,-1,,0,1,0
8323291,2,2,0,2,2,0,0,1752691,1752691,0.21057668174764044,4.8057913630557912e-07,1,0
8327503,1,1,0,1,0,0,0,-1,-1,,0,1,0
8335427,1,0,1,1,0,0,0,-1,-1,,0,1,0
8335597,1,1,0,1,2,0,0,3631097,3631097,0.43561331000047149,2.3993482410438027e-07,1,0
8338877,1,1,0,1,0,0,0,-1,-1,,0,1,0
8372029,1,0,1,1,0,0,0,-1,-1,,0,1,0
8415383,2,2,0,2,2,0,0,759523,759523,0.090254121529584577,4.7532001811444591e-07,1,0
8422913,2,2,0,2,0,0,0,-1,-1,,0,1,0
8423893,1,1,0,1,2,0,0,2636262,2636262,0.31295055623332346,2.3741991974494453e-07,1,0
8430041,1,1,0,1,0,0,0,-1,-1,,0,1,0
8439199,1,1,0,1,0,0,0,-1,-1,,0,1,0
8459371,1,0,1,1,2,0,0,2814150,2814150,0.33266657769236035,2.3642419749648053e-07,1,0
8462161,1,0,1,1,0,0,0,-1,-1,,0,1,0
8467253,1,1,0,1,2,0,0,506252,506252,0.059789402773248894,2.3620411484102341e-07,1,0
8467777,1,0,1,1,0,0,0,-1,-1,,0,1,0
8468753,2,2,0,2,2,0,0,3053165,3053165,0.36052120070097687,4.7232455592930858e-07,1,0
8472047,1,0,1,1,2,0,0,1372458,1372458,0.16199839306840483,2.3607045617192634e-07,1,0
8483317,2,2,0,2,2,0,0,1438210,1438210,0.16953392169595927,4.7151367796346643e-07,1,0
8483381,1,1,0,1,2,0,0,653787,653787,0.077066796834894008,2.3575506039396322e-07,1,0
8490901,1,0,1,1,0,0,0,-1,-1,,0,1,0
8492797,2,2,0,2,2,0,0,244588,244588,0.028799463827994476,4.7098735552021317e-07,1,0
8501767,2,2,0,2,0,0,0,-1,-1,,0,1,0
8510317,1,0,1,1,2,0,0,2859025,2859025,0.33594812038141469,2.3500887217244669e-07,1,0
8512201,1,1,0,1,0,0,0,-1,-1,,0,1,0
8514697,2,2,0,2,2,0,0,738737,738737,0.086760221767139808,4.6977596501672344e-07,1,0
8522149,1,0,1,1,2,0,0,3562077,3562077,0.41797872813535647,2.3468259003685573e-07,1,0
8530261,1,0,1,1,0,0,0,-1,-1,,0,1,0
8537083,2,2,0,2,0,0,0,-1,-1,,0,1,0
8540689,1,1,0,1,0,0,0,-1,-1,,0,1,0
8544709,2,2,0,2,0,0,0,-1,-1,,0,1,0
8552909,1,0,1,1,2,0,0,1534805,1534805,0.17944830232614423,2.3383856884248388e-07,1,0
8552953,2,2,0,2,0,0,0,-1,-1,,0,1,0
8554283,1,0,1,1,0,0,0,-1,-1,,0,1,0
8563397,1,1,0,1,2,0,0,308456,308456,0.036020284940660813,2.3355217561442031e-07,1,0
8567243,1,1,0,1,2,0,0,350243,350243,0.040881646522691141,2.3344732955514393e-07,1,0
8568073,2,2,0,2,0,0,0,-1,-1,,0,1,0
8571671,1,1,0,1,0,0,0,-1,-1,,0,1,0
8582857,2,2,0,2,0,0,0,-1,-1,,0,1,0
8584339,2,2,0,2,0,0,0,-1,-1,,0,1,0
8598523,1,1,0,1,2,0,0,65427,65427,0.0076090975159338412,2.3259808690399504e-07,1,0
8606779,1,1,0,1,2,0,0,298245,298245,0.034652336257268837,2.3237496861485579e-07,1,0
8617327,1,1,0,1,0,0,0,-1,-1,,0,1,0
8620121,1,0,1,1,0,0,0,-1,-1,,0,1,0
8622209,1,0,1,1,0,0,0,-1,-1,,0,1,0
8628293,2,2,0,2,2,0,0,1020202,1020202,0.11823914649166412,4.635911181968438e-07,1,0
8630417,2,2,0,2,0,0,0,-1,-1,,0,1,0
8633633,2,2,0,2,0,0,0,-1,-1,,0,1,0
8650517,2,2,0,2,4,0,0,304937,304937,0.035250725476870345,9.2480021714309093e-07,1,0
8650709,1,1,0,1,0,0,0,-1,-1,,0,1,0
8653157,1,1,0,1,0,0,0,-1,-1,,0,1,0
8665471,1,1,0,1,2,0,0,542896,542896,0.062650489511764565,2.3080107244026319e-07,1,0
8668367,2,2,0,2,0,0,0,-1,-1,,0,1,0
8674537,1,0,1,1,4,0,0,145505,145505,0.016773805910332736,4.6111971163417711e-07,1,0
8678507,1,0,1,1,0,0,0,-1,-1,,0,1,0
8694857,1,1,0,1,0,0,0,-1,-1,,0,1,0
8699501,1,0,1,1,0,0,0,-1,-1,,0,1,0
8704837,1,1,0,1,2,0,0,83403,83403,0.0095812247834163918,2.2975731768440926e-07,1,0
8709941,2,2,0,2,2,0,0,277298,277298,0.031836955037927349,4.5924536113390436e-07,1,0
8720027,1,1,0,1,0,0,0,-1,-1,,0,1,0
8722643,1,0,1,1,4,0,0,1246713,1246713,0.14292835325256348,4.5857660344462107e-07,1,0
8729243,1,1,0,1,4,0,0,140981,140981,0.016150426789585306,4.5822988316398113e-07,1,0
8743103,1,0,1,1,2,0,0,657010,657010,0.075146089437582969,2.2875173722647441e-07,1,0
8751089,1,0,1,1,4,0,0,1248213,1248213,0.14263516232094087,4.5708596952904949e-07,1,0
8755501,1,0,1,1,0,0,0,-1,-1,,0,1,0
8769473,2,2,0,2,0,0,0,-1,-1,,0,1,0
8772209,1,1,0,1,2,0,0,3730844,3730844,0.42530268031689622,2.2799274390293253e-07,1,0
8780171,1,1,0,1,2,0,0,3338292,3338292,0.38020808478559243,2.277859964230765e-07,1,0
8786021,1,0,1,1,0,0,0,-1,-1,,0,1,0
8794921,1,0,1,1,0,0,0,-1,-1,,0,1,0
8811637,2,2,0,2,0,0,0,-1,-1,,0,1,0
8813983,2,2,0,2,2,0,0,223362,223362,0.025341777945339809,4.5382433798658335e-07,1,0
8818933,2,2,0,2,0,0,0,-1,-1,,0,1,0
8821139,2,2,0,2,0,0,0,-1,-1,,0,1,0
8833571,1,1,0,1,0,0,0,-1,-1,,0,1,0
8839183,1,0,1,1,0,0,0,-1,-1,,0,1,0
8862079,1,0,1,1,4,0,0,710243,710243,0.080144061004195521,4.5136135662974796e-07,1,0
8871019,1,1,0,1,4,0,0,964351,964351,0.10870803004705547,4.5090648548943476e-07,1,0
8872693,1,1,0,1,0,0,0,-1,-1,,0,1,0
8877679,1,0,1,1,0,0,0,-1,-1,,0,1,0
8891879,1,1,0,1,2,0,0,1557725,1557725,0.17518513241127101,2.2492433826416217e-07,1,0
8895851,2,2,0,2,2,0,0,823658,823658,0.092589005818555184,4.4964781896639231e-07,1,0
8896093,1,0,1,1,2,0,0,2537200,2537200,0.28520385297231043,2.2481779360894722e-07,1,0
8899469,2,2,0,2,2,0,0,1618242,1618242,0.18183579267482139,4.4946501864324714e-07,1,0
8913391,1,1,0,1,2,0,0,49136,49136,0.0055126045743982286,2.2438149521321346e-07,1,0
8921911,2,2,0,2,2,0,0,1608965,1608965,0.18033860682985967,4.4833444314788614e-07,1,0
8922917,1,0,1,1,0,0,0,-1,-1,,0,1,0
8929517,1,1,0,1,0,0,0,-1,-1,,0,1,0
8934287,1,1,0,1,0,0,0,-1,-1,,0,1,0
8947067,2,2,0,2,0,0,0,-1,-1,,0,1,0
8949167,1,1,0,1,0,0,0,-1,-1,,0,1,0
8949637,1,1,0,1,0,0,0,-1,-1,,0,1,0
8964079,1,1,0,1,0,0,0,-1,-1,,0,1,0
8969789,1,0,1,1,2,0,0,3090582,3090582,0.34455459320169068,2.2297068526361099e-07,1,0
8979011,1,1,0,1,2,0,0,1063074,1063074,0.11839544466534233,2.2274168057038799e-07,1,0
8979767,1,0,1,1,0,0,0,-1,-1,,0,1,0
8991599,1,1,0,1,0,0,0,-1,-1,,0,1,0
9004843,1,1,0,1,0,0,0,-1,-1,,0,1,0
9012583,1,1,0,1,0,0,0,-1,-1,,0,1,0
9041899,2,2,0,2,0,0,0,-1,-1,,0,1,0
9044951,2,2,0,2,2,0,0,3544598,3544598,0.39188692122267993,4.4223567380298686e-07,1,0
9052609,1,1,0,1,0,0,0,-1,-1,,0,1,0
9057079,1,0,1,1,0,0,0,-1,-1,,0,1,0
9069839,2,2,0,2,0,0,0,-1,-1,,0,1,0
9073663,1,1,0,1,2,0,0,697808,697808,0.076904773739117263,2.2041814865727326e-07,1,0
9074053,1,1,0,1,2,0,0,1295328,1295328,0.14275076418442784,2.2040867515320882e-07,1,0
9076799,1,1,0,1,0,0,0,-1,-1,,0,1,0
9098459,2,2,0,2,6,0,0,343769,343769,0.037783211420747184,1.318904662866536e-06,1,0
9136499,1,1,0,1,2,0,0,1180702,1180702,0.12922915002781701,2.1890222939881021e-07,1,0
9140393,1,0,1,1,0,0,0,-1,-1,,0,1,0
9142633,1,1,0,1,4,0,0,646903,646903,0.070756750270955862,4.3751072584888841e-07,1,0
9152123,2,2,0,2,0,0,0,-1,-1,,0,1,0
9159859,1,0,1,1,0,0,0,-1,-1,,0,1,0
9168689,2,2,0,2,0,0,0,-1,-1,,0,1,0
9171677,2,2,0,2,2,0,0,1602385,1602385,0.17471014297603371,4.3612525822703959e-07,1,0
9199559,1,0,1,1,6,0,0,912682,912682,0.099209320794616349,6.5220517635682323e-07,1,0
9244133,1,1,0,1,2,0,0,347079,347079,0.037545868282076858,2.1635344277283765e-07,1,0
9251941,2,2,0,2,0,0,0,-1,-1,,0,1,0
9265387,2,2,0,2,0,0,0,-1,-1,,0,1,0
9275839,2,2,0,2,0,0,0,-1,-1,,0,1,0
9292279,2,2,0,2,0,0,0,-1,-1,,0,1,0
9295393,1,1,0,1,2,0,0,2970200,2970200,0.31953463398481374,2.15160348787835e-07,1,0
9313487,1,0,1,1,0,0,0,-1,-1,,0,1,0
9327337,1,1,0,1,0,0,0,-1,-1,,0,1,0
9332339,1,0,1,1,2,0,0,1371254,1371254,0.14693572533102367,2.1430854579971859e-07,1,0
9335587,1,0,1,1,0,0,0,-1,-1,,0,1,0
9338071,2,2,0,2,2,0,0,328085,328085,0.035134129950393396,4.2835399302489777e-07,1,0
9343127,1,1,0,1,2,0,0,1649871,1649871,0.17658659675716706,2.1406109539129672e-07,1,0
9348737,1,1,0,1,0,0,0,-1,-1,,0,1,0
9356491,1,1,0,1,4,0,0,298776,298776,0.031932484090456563,4.2751069818802796e-07,1,0
9365299,1,1,0,1,4,0,0,221366,221366,0.023636832096871653,4.2710862728461738e-07,1,0
9383707,2,2,0,2,0,0,0,-1,-1,,0,1,0
9389323,1,1,0,1,0,0,0,-1,-1,,0,1,0
9395699,1,1,0,1,0,0,0,-1,-1,,0,1,0
9397127,1,1,0,1,0,0,0,-1,-1,,0,1,0
9400103,2,2,0,2,2,0,0,2061844,2061844,0.21934270294697836,4.2552725220138543e-07,1,0
9404881,1,1,0,1,2,0,0,867862,867862,0.09227782892734103,2.1265553492915009e-07,1,0
9412021,1,0,1,1,4,0,0,483551,483551,0.051375894720166904,4.2498842703389631e-07,1,0
9415223,1,1,0,1,4,0,0,13481,13481,0.0014318301329665798,4.2484389376650984e-07,1,0
9443849,1,1,0,1,0,0,0,-1,-1,,0,1,0
9443909,1,0,1,1,2,0,0,279939,279939,0.029642280542940429,2.117767123761993e-07,1,0
9462077,1,0,1,1,2,0,0,3209535,3209535,0.33919983952783306,2.1137008291097186e-07,1,0
9462689,1,1,0,1,2,0,0,3833245,3833245,0.40509045578904684,2.1135641253770466e-07,1,0
9464647,1,0,1,1,2,0,0,3846624,3846624,0.40642022887911194,2.1131268815413823e-07,1,0
9464783,1,1,0,1,0,0,0,-1,-1,,0,1,0
9473041,1,1,0,1,0,0,0,-1,-1,,0,1,0
9481883,2,2,0,2,0,0,0,-1,-1,,0,1,0
9484261,1,1,0,1,0,0,0,-1,-1,,0,1,0
9495223,2,2,0,2,0,0,0,-1,-1,,0,1,0
9496651,1,1,0,1,0,0,0,-1,-1,,0,1,0
9502837,1,0,1,1,0,0,0,-1,-1,,0,1,0
9508129,2,2,0,2,0,0,0,-1,-1,,0,1,0
9514607,1,0,1,1,2,0,0,3555577,3555577,0.37369667501768594,2.1020311190992964e-07,1,0
9523873,1,0,1,1,0,0,0,-1,-1,,0,1,0
9536321,1,0,1,1,2,0,0,4048245,4048245,0.42450804665656705,2.0972448389688225e-07,1,0
9538181,1,0,1,1,0,0,0,-1,-1,,0,1,0
9541771,1,0,1,1,4,0,0,138355,138355,0.014499928786804882,4.1920938995496746e-07,1,0
9545413,1,0,1,1,2,0,0,3256078,3256078,0.34111441799322878,2.0952472145521624e-07,1,0
9552187,2,2,0,2,0,0,0,-1,-1,,0,1,0
9561551,1,1,0,1,4,0,0,1072320,1072320,0.11214916910446851,4.183421706373788e-07,1,0
9570713,1,0,1,1,2,0,0,469310,469310,0.049036054053653057,2.0897084679062052e-07,1,0
9581311,1,0,1,1,2,0,0,2821353,2821353,0.29446419180005745,2.087397016963545e-07,1,0
9588511,2,2,0,2,0,0,0,-1,-1,,0,1,0
9599323,2,2,0,2,0,0,0,-1,-1,,0,1,0
9604477,2,2,0,2,0,0,0,-1,-1,,0,1,0
9618137,1,0,1,1,0,0,0,-1,-1,,0,1,0
9626087,2,2,0,2,2,0,0,2485926,2485926,0.25824886062218222,4.1553748683135735e-07,1,0
9627551,2,2,0,2,4,0,0,2257432,2257432,0.2344762442702199,8.3094859741589525e-07,1,0
9668591,1,0,1,1,0,0,0,-1,-1,,0,1,0
9677929,1,1,0,1,0,0,0,-1,-1,,0,1,0
9678367,2,2,0,2,0,0,0,-1,-1,,0,1,0
9679807,1,1,0,1,0,0,0,-1,-1,,0,1,0
9687661,1,1,0,1,2,0,0,2835236,2835236,0.29266465868283376,2.0644818186763553e-07,1,0
9687823,2,2,0,2,2,0,0,824562,824562,0.085113239579211963,4.1288945927273856e-07,1,0
9700487,1,1,0,1,2,0,0,337050,337050,0.034745678232443379,2.0617521573916856e-07,1,0
9710513,1,1,0,1,4,0,0,10263,10263,0.0010568957582364597,4.1192468410268337e-07,1,0
9717223,2,2,0,2,0,0,0,-1,-1,,0,1,0
9719761,2,2,0,2,2,0,0,423534,423534,0.043574528221424373,4.1153275270863143e-07,1,0
9721561,1,0,1,1,2,0,0,2522232,2522232,0.25944722251909957,2.0572827758834204e-07,1,0
9726137,1,1,0,1,2,0,0,4133443,4133443,0.42498301226889978,2.0563148555279449e-07,1,0
9729173,1,0,1,1,2,0,0,852091,852091,0.087581030782369687,2.0556731800328765e-07,1,0
9737683,1,0,1,1,2,0,0,2054705,2054705,0.21100553386262419,2.0538766768234292e-07,1,0
9740611,1,1,0,1,0,0,0,-1,-1,,0,1,0
9742111,1,0,1,1,0,0,0,-1,-1,,0,1,0
9748381,1,0,1,1,0,0,0,-1,-1,,0,1,0
9749819,1,1,0,1,2,0,0,4280416,4280416,0.43902517574941646,2.0513201321993772e-07,1,0
9756667,2,2,0,2,0,0,0,-1,-1,,0,1,0
9758687,1,1,0,1,0,0,0,-1,-1,,0,1,0
9780499,2,2,0,2,2,0,0,536283,536283,0.054831864918139656,4.0897708797884442e-07,1,0
9782561,2,2,0,2,0,0,0,-1,-1,,0,1,0
9789271,2,2,0,2,0,0,0,-1,-1,,0,1,0
9789293,1,1,0,1,6,0,0,1811761,1811761,0.18507577615666423,6.1291453836349572e-07,1,0
9810953,1,0,1,1,0,0,0,-1,-1,,0,1,0
9830329,2,2,0,2,2,0,0,1553276,1553276,0.15800854681465901,4.069039805280169e-07,1,0
9838397,1,0,1,1,2,0,0,1870008,1870008,0.19007242744930908,2.0328514899327604e-07,1,0
9843371,1,1,0,1,4,0,0,853279,853279,0.086685648646180252,4.0636485204103352e-07,1,0
9846413,1,0,1,1,2,0,0,3669314,3669314,0.37265489473171598,2.0311965382723638e-07,1,0
9853633,1,0,1,1,0,0,0,-1,-1,,0,1,0
9855943,1,1,0,1,0,0,0,-1,-1,,0,1,0
9888187,1,1,0,1,0,0,0,-1,-1,,0,1,0
9888469,1,0,1,1,0,0,0,-1,-1,,0,1,0
9889307,1,0,1,1,2,0,0,1838038,1838038,0.18586115285934596,2.0223864017974162e-07,1,0
9890663,2,2,0,2,0,0,0,-1,-1,,0,1,0
9907349,2,2,0,2,2,0,0,359577,359577,0.036293967235836749,4.037406979404884e-07,1,0
9911857,2,2,0,2,0,0,0,-1,-1,,0,1,0
9915911,1,0,1,1,2,0,0,2008259,2008259,0.20252894565108542,2.016960418462812e-07,1,0
9920111,2,2,0,2,2,0,0,626874,626874,0.063192236457838016,4.032212946004334e-07,1,0
9924493,1,1,0,1,0,0,0,-1,-1,,0,1,0
9931379,3,2,1,3,2,0,0,1466625,1466625,0.14767586656394846,6.0414570826468304e-07,1,0
9932521,1,0,1,1,0,0,0,-1,-1,,0,1,0
9941089,2,2,0,2,8,0,0,522707,522707,0.052580456728634054,1.6094816171548208e-06,1,0
9950201,1,1,0,1,0,0,0,-1,-1,,0,1,0
9956503,2,2,0,2,0,0,0,-1,-1,,0,1,0
9998033,1,1,0,1,0,0,0,-1,-1,,0,1,0
