rank,q,t,p,sign,type,zq_size,nearest_zero,linear_distance,cyclic_distance,normalized_distance,zp_size,x,y,h
1,3828743,229267,3477587,-,M+,2,229452,185,185,4.8318730194217788e-05,4,121888,1141383,1019495
2,5861621,98815,5242487,+,P,2,96919,1896,1896,0.00032346001217069476,6,1428867,2956550,1527683
3,5717681,998260,5241881,+,P,2,995237,3023,3023,0.00052871085322878282,6,1388820,3775901,2387081
4,1707767,70,1583929,-,M+,2,1420,1350,1350,0.00079050596480667449,4,123767,840830,717063
5,9710513,2770293,8764387,+,P,4,2780556,10263,10263,0.0010568957582364597,4,317337,3404968,3087631
6,4083901,606719,3640717,+,P,4,602292,4427,4427,0.0010840125654368214,4,374893,1356506,981613
7,9415223,637540,8274509,+,P,4,624059,13481,13481,0.0014318301329665798,8,792684,2222909,1430225
8,4925017,1321411,4579451,+,P,2,1328770,7359,7359,0.0014942080402971197,4,1184643,3690698,2506055
9,7717063,6331555,7572449,+,P,4,6314237,17318,17318,0.0022441180018875056,4,373209,7077974,6704765
10,5767409,5165803,5684641,+,P,2,5147599,18204,18204,0.003156356693274224,6,22229,5210262,5188033
11,4989503,2959861,4736839,+,P,4,2978962,19101,19101,0.0038282370007593942,4,260993,3481848,3220855
12,4012033,63064,3599107,-,M+,4,80786,17722,17722,0.0044172119222349367,4,349861,1058486,708625
13,1610149,59608,1427681,+,P,2,66768,7160,7160,0.004446793433402747,6,273264,606137,332873
14,5145197,3166910,4979617,+,P,2,3143215,23695,23695,0.0046052658430765624,6,819226,4805363,3986137
15,4886333,1889741,4613507,+,P,4,1916597,26856,26856,0.0054961460874647719,4,1086809,4063360,2976551
16,8913391,672304,7936727,+,P,2,721440,49136,49136,0.0055126045743982286,4,1404438,3481181,2076743
17,2032417,585374,1850803,+,P,4,597303,11929,11929,0.0058693663751090454,8,175744,936863,761119
18,4103839,1483396,3792821,+,P,4,1457529,25867,25867,0.0063031225152838594,4,443316,2370029,1926713
19,3280493,16699,2934751,+,P,4,39412,22713,22713,0.0069236544629115195,4,843599,1703898,860299
20,3163799,973466,2884351,+,P,2,995681,22215,22215,0.0070216217907648369,4,234196,1441859,1207663
21,2777539,2050984,2705113,+,P,2,2031109,19875,19875,0.0071556150966737104,4,219572,2490129,2270557
22,3693883,1014673,3313399,+,P,6,986946,27727,27727,0.0075061933472175485,6,15821,1046316,1030495
23,2929373,1256082,2693393,+,P,2,1233970,22112,22112,0.0075483729794737645,6,21430,1298943,1277513
24,5976023,1309255,5460797,+,P,2,1354528,45273,45273,0.0075757740557558092,4,1060185,3429626,2369441
25,8598523,78602,7593371,+,P,2,144029,65427,65427,0.0076090975159338412,6,1483856,3046315,1562459
26,7970357,4799373,7592201,+,P,4,4732214,67159,67159,0.008426096848610419,4,523891,5847156,5323265
27,3260891,2162845,3157577,+,P,2,2135120,27725,27725,0.0085022774450295938,4,374847,2912540,2537693
28,2777539,2055573,2705113,+,P,2,2031109,24464,24464,0.0088077971182402848,4,214983,2485540,2270557
29,4989503,1965864,4736839,+,P,4,2010540,44676,44676,0.008953998023450432,4,1254990,4475845,3220855
30,7980061,2205064,7416313,+,P,4,2278990,73926,73926,0.0092638389606294995,4,1828760,5862585,4033825
31,2026081,569758,1903921,+,P,2,588661,18903,18903,0.0093298342958647758,6,601202,1772163,1170961
32,8704837,3316570,7988753,+,P,2,3399973,83403,83403,0.0095812247834163918,6,375678,4067927,3692249
33,7331501,1318612,6614539,+,P,4,1391958,73346,73346,0.010004226965255819,6,994154,3306921,2312767
34,7891069,310206,7305791,-,M+,2,390651,80445,80445,0.010194436267126799,4,275071,3483916,3208845
35,7425749,1052412,6554341,+,P,2,1132951,80539,80539,0.010845909281339836,8,273480,1599373,1325893
36,5340103,872656,4961563,+,P,2,812889,59767,59767,0.01119210621967404,4,1817666,4507989,2690323
37,6652553,303739,5925253,+,P,2,378502,74763,74763,0.011238241920056857,4,1257713,2819166,1561453
38,5191057,2891143,4959833,+,P,2,2949633,58490,58490,0.011267454778477678,4,681345,4253834,3572489
39,5254229,163782,4656241,+,P,2,225407,61625,61625,0.011728647533253689,4,904530,1972843,1068313
40,5717681,921101,5241881,+,P,2,995237,74136,74136,0.012966095869986451,6,1465979,3853060,2387081
41,3207443,242811,2891419,+,P,4,200912,41899,41899,0.01306305365364248,8,752463,1747738,995275
42,5242907,348033,4628279,+,P,2,416591,68558,68558,0.013076333415793949,6,592477,1532988,940511
43,6159547,583706,5430443,+,P,2,665521,81815,81815,0.013282632635159696,4,472112,1527931,1055819
44,7717063,6210290,7572449,+,P,4,6314237,103947,103947,0.013469761747441999,4,494474,7199239,6704765
45,7468157,438765,6874163,-,M+,2,337678,101087,101087,0.013535735791307011,4,155228,2871433,2716205
46,2595937,119500,2364161,-,M+,4,155873,36373,36373,0.014011511065176081,6,112275,854004,741729
47,6495367,3475188,6072527,+,P,2,3568375,93187,93187,0.014346687415814996,6,60298,3595785,3535487
48,9541771,756405,8406253,-,M+,4,618050,138355,138355,0.014499928786804882,4,379112,836739,457627
49,7880737,487604,6863141,-,M-,2,373094,114510,114510,0.014530366893350204,6,269960,529991,260031
50,2789441,558149,2557561,+,P,2,599136,40987,40987,0.014693624995115508,4,608131,1774412,1166281
51,8039791,601604,7175561,-,M+,6,722079,120475,120475,0.014984842267665914,4,262625,1388576,1125951
52,6932609,224692,6224483,+,P,2,329647,104955,104955,0.01513932200705391,6,1751034,3726761,1975727
53,5350843,105518,4844311,+,P,2,23530,81988,81988,0.015322445453921934,4,1699600,3504719,1805119
54,4859081,583497,4260019,-,M+,4,660497,77000,77000,0.015846617909847562,4,15564,82149,66585
55,5191057,2866490,4959833,+,P,2,2949633,83143,83143,0.01601658390574405,4,705998,4278487,3572489
56,4393063,3680772,4307437,+,P,2,3751153,70381,70381,0.016020940286993381,4,112908,3906589,3793681
57,8729243,368573,7778891,+,P,4,227592,140981,140981,0.016150426789585306,4,1708205,3784984,2076779
58,7743097,6613846,7611377,+,P,4,6743156,129310,129310,0.016700036174156156,4,207210,7028267,6821057
59,8674537,50412,8261879,-,M+,4,195917,145505,145505,0.016773805910332736,6,362245,5735518,5373273
60,2155661,2086850,2146523,+,P,2,2123800,36950,36950,0.017140914086212999,8,4844,2096539,2091695
61,6989063,92606,6145753,+,P,2,220285,127679,127679,0.018268400213304701,4,993286,2079179,1085893
62,1426987,38737,1345457,-,M+,2,12497,26240,26240,0.018388394568415831,6,42792,817539,774747
63,1691033,179456,1489751,+,P,2,147763,31693,31693,0.018741798652066519,6,102602,384661,282059
64,4886333,3061358,4660933,+,P,4,2969735,91623,91623,0.018750871051972921,6,247174,3555707,3308533
65,6557099,3325781,6168691,+,P,6,3449158,123377,123377,0.018815790336549745,4,512461,4350704,3838243
66,3351841,327716,3000887,-,M+,2,392867,65151,65151,0.01943737784698021,6,23237,567446,544209
67,7150691,92788,6396661,+,P,4,235030,142242,142242,0.019892063578191253,4,1779692,3652173,1872481
68,1027883,256448,960077,+,P,4,277056,20608,20608,0.020048974445535144,4,296792,850033,553241
69,4469627,2057544,4225147,+,P,4,2147260,89716,89716,0.020072368454906862,4,700722,3458989,2758267
70,4090103,99383,3553787,-,M-,2,183037,83654,83654,0.02045278566334393,4,236507,436932,200425
71,1444913,191987,1280863,+,P,2,161973,30014,30014,0.020772184899713685,4,104575,401138,296563
72,2462827,93413,2171011,+,P,2,144718,51305,51305,0.020831751479092928,4,326701,746816,420115
73,4083931,322938,3747649,-,M+,4,408688,85750,85750,0.02099692673553985,4,13343,1407018,1393675
74,2555191,109122,2298977,-,M+,4,163447,54325,54325,0.021260641572391263,4,147091,652570,505479
75,4067513,2306568,3921079,+,P,2,2394197,87629,87629,0.021543631206587414,4,735906,3778381,3042475
76,5981137,530822,5204503,+,P,2,400223,130599,130599,0.021835146060021699,6,13876,558575,544699
77,3906953,153754,3588787,+,P,2,68274,85480,85480,0.021878942490477872,4,1526036,3205827,1679791
78,4243091,1293957,3923687,+,P,4,1387855,93898,93898,0.022129622013763079,4,713305,2720568,2007263
79,4681037,410853,4180819,-,M+,4,306866,103987,103987,0.022214522124050718,8,89364,768657,679293
80,1765573,203410,1629623,+,P,2,161862,41548,41548,0.023532303677049886,4,610512,1424435,813923
81,2928749,614888,2708221,+,P,2,545670,69218,69218,0.0236339816078469,4,770164,2155217,1385053
82,9365299,641101,8333309,+,P,4,862467,221366,221366,0.023636832096871653,4,1500267,3641636,2141369
83,5509429,1091669,5142259,+,P,2,1221902,130233,130233,0.023638202797422382,6,1847569,4786808,2939239
84,7980061,2480097,7416313,+,P,4,2278990,201107,201107,0.025201185805471912,4,1553727,5587552,4033825
85,1731407,119113,1586617,+,P,2,162882,43769,43769,0.025279440362664583,8,598763,1316640,717877
86,8813983,1979854,8224747,+,P,2,1756492,223362,223362,0.025341777945339809,4,2709476,7398807,4689331
87,2912033,465669,2599741,+,P,4,391806,73863,73863,0.025364753764809671,4,260319,986308,725989
88,7096853,401803,6377081,+,P,4,221530,180273,180273,0.025401822469762303,6,1656645,3715094,2058449
89,2428787,699674,2287633,+,P,4,761936,62262,62262,0.025635018632757835,8,741034,2181743,1440709
90,7683593,209582,6982081,+,P,2,8142,201440,201440,0.026216901389753466,4,2563426,5336435,2773009
91,7743097,6237947,7611377,+,P,4,6034898,203049,203049,0.026223228250918204,4,583109,7404166,6821057
92,2631071,266419,2341477,-,M+,4,336708,70289,70289,0.02671497652476881,6,23174,337493,314319
93,5827937,2412431,5397493,+,P,4,2569511,157080,157080,0.02695293377399241,6,402397,3217226,2814829
94,1015967,42793,902719,+,P,4,14659,28134,28134,0.027691844321715176,6,180437,403668,223231
95,4379021,3747913,4289911,+,P,2,3625684,122229,122229,0.027912403251777053,4,7337,3762588,3755251
96,7660417,734833,6878671,+,P,2,519289,215544,215544,0.0281373716339463,6,1453361,3641556,2188195
97,3843677,143710,3449119,+,P,2,34683,109027,109027,0.028365286677314458,4,938060,2019831,1081771
98,8492797,2704066,7837127,+,P,2,2459478,244588,244588,0.028799463827994476,4,1199040,5102147,3903107
99,9443909,596338,8625059,-,M+,2,316399,279939,279939,0.029642280542940429,8,222511,3115620,2893109
100,2135719,36720,1882229,-,M+,2,100108,63388,63388,0.029679934485763341,6,216769,324568,107799
101,6508367,937735,5928047,+,P,2,742166,195569,195569,0.030048858646108925,4,1508391,3954518,2446127
102,6924193,177709,6296611,+,P,2,386359,208650,208650,0.030133475482269197,4,2353409,4884528,2531119
103,5736833,1493863,5351257,+,P,2,1320500,173363,173363,0.030219286494830858,4,1543937,4581738,3037801
104,6363923,821874,5901617,+,P,2,626044,195830,195830,0.030771899660005313,6,2305906,5433687,3127781
105,5136323,357543,4592171,+,P,2,198672,158871,158871,0.030930881877950431,4,969715,2296974,1327259
106,3472171,181459,3097781,-,M+,4,73372,108087,108087,0.031129515222608563,6,192930,669981,477051
107,7779461,711839,6788891,+,P,4,468542,243297,243297,0.031274274657331659,6,133631,979102,845471
108,4466471,1810626,4187189,+,P,2,1950320,139694,139694,0.031276146201329867,6,700870,3212367,2511497
109,4425349,246853,4021733,-,M+,2,387419,140566,140566,0.03176382246914311,4,156762,1353183,1196421
110,3466913,1284702,3249749,+,P,2,1174513,110189,110189,0.031783030032769784,4,662062,2608827,1946765
111,8709941,3797802,8066753,+,P,2,3520504,277298,277298,0.031836955037927349,4,409822,4617447,4207625
112,9356491,806449,8271889,+,P,4,1105225,298776,298776,0.031932484090456563,4,957827,2722104,1764277
113,6919463,116653,6744523,-,M+,2,339334,222681,222681,0.032181832607530381,4,58286,5578229,5519943
114,2865463,963928,2594569,+,P,2,1056179,92251,92251,0.032194099173501807,6,5276,974481,969205
115,6113161,1715405,5566073,+,P,2,1510283,205122,205122,0.033554162895431679,4,568139,2851684,2283545
116,6690379,4644487,6469423,+,P,2,4870145,225658,225658,0.033728731959729037,4,499199,5642886,5143687
117,8061107,194706,7029227,-,M-,2,470331,275625,275625,0.034191954033112329,4,643240,837173,193933
118,3919829,508285,3599137,+,P,6,373718,134567,134567,0.034329813877084947,4,1166699,2841684,1674985
119,4100743,248196,3553243,+,P,6,106940,141256,141256,0.034446440559674184,4,20046,288289,268243
120,8606779,840879,7594453,+,P,2,542634,298245,298245,0.034652336257268837,4,679617,2200114,1520497
121,4469627,1992109,4225147,+,P,4,2147260,155151,155151,0.034712292547006716,4,766157,3524424,2758267
122,9700487,2985129,8753663,+,P,2,3322179,337050,337050,0.034745678232443379,4,87589,3160308,3072719
123,3059377,203089,2739673,-,M+,2,96126,106963,106963,0.034962346909190992,4,116614,618359,501745
124,9338071,3992184,8605561,+,P,2,3664099,328085,328085,0.035134129950393396,6,218316,4428817,4210501
125,8650517,4353035,8161627,+,P,4,4657972,304937,304937,0.035250725476870345,4,875251,6103538,5228287
126,5024861,463463,4567399,+,P,4,642656,179193,179193,0.035661284958927224,4,1359163,3181790,1822627
127,5823497,910049,5263493,+,P,4,701247,208802,208802,0.035855088445997309,6,993419,2896888,1903469
128,8563397,2830861,7764511,+,P,2,3139317,308456,308456,0.036020284940660813,6,140333,3111528,2971195
129,1499551,175408,1315451,+,P,2,229462,54054,54054,0.036046790005808405,4,35442,246293,210851
130,4142167,57846,3598601,+,P,2,207340,149494,149494,0.036090770845308748,6,279358,616563,337205
131,9907349,3473540,9125887,+,P,2,3113963,359577,359577,0.036293967235836749,4,963574,5400689,4437115
132,6293137,498673,5666527,+,P,2,269909,228764,228764,0.036351345918577652,4,1408193,3315060,1906867
133,2010571,541503,1824577,+,P,6,467240,74263,74263,0.036936273327328406,6,167109,875722,708613
134,6655729,285100,6190259,-,M+,2,38434,246666,246666,0.037060703643432599,10,180369,3112338,2931969
135,4575833,520963,4174967,+,P,2,350695,170268,170268,0.03721027406376063,4,1248807,3018578,1769771
136,7783231,587282,7081199,-,M+,2,297253,290029,290029,0.037263316481291636,4,114749,2281724,2166975
137,3123317,721058,2805367,+,P,2,838245,117187,117187,0.037520046796402667,6,176608,1074275,897667
138,6684449,332671,6060037,+,P,6,81733,250938,250938,0.037540566170824255,6,1980893,4294458,2313565
139,9244133,2171392,8426419,+,P,2,1824313,347079,347079,0.037545868282076858,4,1348742,4868877,3520135
140,9098459,721431,8351533,+,P,6,377662,343769,343769,0.037783211420747184,6,3148545,7018522,3869977
141,3466913,1305843,3249749,+,P,2,1174513,131330,131330,0.037880962112403743,4,640921,2587686,1946765
142,3174167,149601,2820673,+,P,2,270460,120859,120859,0.038075816426797957,10,550107,1249816,699709
143,2155661,2041711,2146523,+,P,2,2123800,82089,82089,0.038080662961384001,8,49983,2141678,2091695
144,4820489,439007,4251563,-,M+,2,622971,183964,183964,0.038162933262579794,6,129918,398999,269081
145,1702249,316281,1576889,+,P,4,381950,65669,65669,0.038577787385981721,4,508447,1333176,824729
146,3326417,2119564,3184057,+,P,2,1990438,129126,129126,0.038818344182343943,4,210332,2540229,2329897
147,2233031,165072,1997557,+,P,4,252048,86976,86976,0.038949750361728069,10,419640,1004353,584713
148,6235399,561926,5595257,-,M+,2,808075,246149,246149,0.039476062397931555,4,78215,1192478,1114263
149,6557099,2020256,6168691,+,P,6,1760758,259498,259498,0.039575123084156574,4,1817986,5656229,3838243
150,2687329,1723126,2593529,+,P,2,1613572,109554,109554,0.040766872980569184,4,307602,2338331,2030729
151,2326963,1091883,2190653,+,P,4,996846,95037,95037,0.040841646386298364,4,280909,1653702,1372793
152,8567243,2101475,7735669,+,P,2,2451718,350243,350243,0.040881646522691141,4,644749,3390974,2746225
153,5024861,437018,4567399,+,P,4,642656,205638,205638,0.040924117104930866,4,1385608,3208235,1822627
154,6508367,472598,5928047,+,P,2,742166,269568,269568,0.041418684594768551,4,1973528,4419655,2446127
155,7306661,5788921,7092307,+,P,2,6092388,303467,303467,0.041532924546519946,4,17261,5823444,5806183
156,1409659,1043704,1369793,+,P,2,1102884,59180,59180,0.041981784247112242,4,86892,1217489,1130597
157,7970357,3578220,7592201,+,P,4,3238142,340078,340078,0.042667850386124487,4,1745044,7068309,5323265
158,6555397,429356,5772317,-,M+,2,709284,279928,279928,0.042701914163245945,6,353723,644480,290757
159,1423159,524168,1351667,+,P,2,462577,61591,61591,0.043277666093528552,6,398546,1321261,922715
160,9719761,5768285,9380131,+,P,2,6191819,423534,423534,0.043574528221424373,4,1574065,8916416,7342351
161,9098459,2536966,8351533,+,P,6,2935189,398223,398223,0.04376818096339171,6,1333010,5202987,3869977
162,5812199,4220937,5649649,+,P,2,4477478,256541,256541,0.044138371724712112,6,453411,5127760,4674349
163,2829557,1276355,2650931,+,P,2,1402194,125839,125839,0.044473039419244777,4,302819,1881994,1579175
164,6949297,2839444,6530947,+,P,2,3148727,309283,309283,0.044505652873952577,4,1181402,5202249,4020847
165,3620153,247561,3217727,-,M+,2,408845,161284,161284,0.044551708173660061,6,154864,555609,400745
166,2851361,283635,2544403,-,M+,2,411085,127450,127450,0.044697953012613978,4,23322,419019,395697
167,3668953,1482028,3368837,+,P,2,1646706,164678,164678,0.044884194482731177,4,86112,1654253,1568141
168,1663589,5738,1621469,-,M+,4,83921,78183,78183,0.046996583891814624,4,36381,1363010,1326629
169,1375243,1242033,1359097,+,P,4,1307674,65641,65641,0.047730473814445881,4,20187,1282408,1262221
170,1423159,892309,1351667,+,P,2,960581,68272,68272,0.047972152092633363,6,30405,953120,922715
171,5528779,1118668,5093519,+,P,2,852517,266151,266151,0.048139200355087446,6,1363290,3845249,2481959
172,3260891,2292656,3157577,+,P,2,2135120,157536,157536,0.048310722437517842,4,245036,2782729,2537693
173,9570713,699384,8586899,-,M+,2,230074,469310,469310,0.049036054053653057,4,284429,1984630,1700201
174,5484397,3269293,5194907,+,P,4,2999739,269554,269554,0.049149250136341333,4,188673,3646640,3457967
175,7794019,674021,6882937,-,M+,2,1058740,384719,384719,0.049360798324972005,6,237060,742423,505363
176,3494807,2073671,3317231,+,P,2,1896657,177014,177014,0.050650579559901307,4,178103,2429878,2251775
177,4595039,876427,4300801,+,P,2,642979,233448,233448,0.05080435661155433,4,1658945,4194318,2535373
178,4896491,140004,4424059,-,M+,4,389665,249661,249661,0.050987737953567154,4,332427,1449462,1117035
179,9412021,629161,8536183,-,M+,4,1112712,483551,483551,0.051375894720166904,4,246676,2651993,2405317
180,5797993,3354448,5571689,+,P,2,3056500,297948,297948,0.051388126891495037,4,859416,5073281,4213865
181,7436113,2758666,6888577,+,P,4,2375631,383035,383035,0.051510110187943624,6,844694,4448055,3603361
182,4660067,471991,4078457,+,P,2,713116,241125,241125,0.051742818289951628,6,116805,705602,588797
183,9941089,3255151,9223519,+,P,8,3777858,522707,522707,0.052580456728634054,10,1662947,6581046,4918099
184,3465851,613221,3136403,+,P,2,795944,182723,182723,0.0527209623264243,4,546493,1706208,1159715
185,5662733,334576,5028431,+,P,4,633831,299255,299255,0.052846390603265243,6,888042,2110661,1222619
186,1076381,800133,1038187,+,P,4,857838,57705,57705,0.053610199362493394,4,8889,817912,809023
187,5610433,3072286,5329981,+,P,4,3374248,301962,301962,0.053821514310927514,6,574982,4222251,3647269
188,1027739,165996,910619,+,P,2,221505,55509,55509,0.054010794569438351,4,41902,249801,207899
189,5610433,2539539,5329981,+,P,4,2236184,303355,303355,0.054069801742574947,6,1107729,4754998,3647269
190,1996763,297231,1807499,+,P,2,406704,109473,109473,0.05482523464226851,6,374683,1046598,671915
191,9780499,5945211,9313349,+,P,2,6481494,536283,536283,0.054831864918139656,4,565237,7075686,6510449
192,6825437,2820144,6354479,+,P,2,3196714,376570,376570,0.055171558978567965,4,708586,4237317,3528731
193,5561849,1629404,5118637,+,P,2,1322314,307090,307090,0.055213652869756082,4,829960,3289325,2459365
194,4000039,395836,3541877,+,P,2,174206,221630,221630,0.055406959782142128,6,397068,1189973,792905
195,5812199,4152460,5649649,+,P,2,4477478,325018,325018,0.055919971081513212,6,521888,5196237,4674349
196,1371137,86320,1191781,-,M-,4,163155,76835,76835,0.056037434625424008,4,29324,93035,63711
197,1840351,1075583,1736213,+,P,2,1178714,103131,103131,0.05603876651790881,4,35801,1147186,1111385
198,2239229,350178,2056741,+,P,2,224157,126021,126021,0.056278745943358181,4,611634,1573447,961813
199,5171801,2746243,4880021,+,P,4,3038407,292164,292164,0.056491732763886311,8,383097,3512438,3129341
200,4575833,613382,4174967,+,P,2,350695,262687,262687,0.057407470945727256,4,1156388,2926159,1769771
201,1702249,581016,1576889,+,P,4,679925,98909,98909,0.058104895347272929,4,243712,1068441,824729
202,4925017,1617302,4579451,+,P,2,1328770,288532,288532,0.058584975442724362,4,888752,3394807,2506055
203,4886333,2203307,4660933,+,P,4,1916597,286710,286710,0.058675902767985726,6,1105225,4413758,3308533
204,2891257,1869826,2787559,+,P,2,2040126,170300,170300,0.058901716450664887,4,295544,2460915,2165371
205,3311299,658539,2998097,+,P,2,463285,195254,195254,0.058965982836343078,4,460345,1579230,1118885
206,3919829,917532,3599137,+,P,6,1149542,232010,232010,0.059188806450485465,4,757452,2432437,1674985
207,8467253,1140957,7497401,+,P,2,1647209,506252,506252,0.059789402773248894,4,537331,2215620,1678289
208,2687329,1775531,2593529,+,P,2,1613572,161959,161959,0.06026764865783088,4,255197,2285926,2030729
209,2762167,447886,2486623,+,P,4,615131,167245,167245,0.060548475164608075,4,385472,1218831,833359
210,4603987,354877,4006091,+,P,2,634770,279893,279893,0.060793612145299283,4,63837,482552,418715
211,1885243,1409823,1823963,+,P,2,1525124,115301,115301,0.061159755002405523,12,46459,1502742,1456283
212,6741961,2236548,6310673,+,P,2,1823293,413255,413255,0.061295964186087695,6,1486396,5209341,3722945
213,4755857,721752,4365811,+,P,2,425867,295885,295885,0.062214864744671673,8,1303782,3329317,2025535
214,8665471,1568523,7693717,+,P,2,1025627,542896,542896,0.062650489511764565,4,294669,2157862,1863193
215,9920111,3113222,9144259,+,P,2,3740096,626874,626874,0.063192236457838016,6,1375924,5865071,4489147
216,7549799,1835147,6852739,+,P,4,1356967,478180,478180,0.063336785522369529,4,835231,3505610,2670379
217,5010041,291325,4676369,-,M+,2,612484,321159,321159,0.064103068218403808,4,42346,2383011,2340665
218,2245043,623138,2083847,+,P,4,479091,144047,144047,0.064162245444742042,4,493532,1610203,1116671
219,8147813,109192,7625363,-,M+,4,642209,533017,533017,0.065418413505562781,6,413257,4381470,3968213
220,6949297,2692149,6530947,+,P,2,3148727,456578,456578,0.065701322018615699,4,1328697,5349544,4020847
221,6729487,953998,5993201,+,P,2,504349,449649,449649,0.066817723252901751,4,621486,2196971,1575485
222,3494807,1364422,3317231,+,P,2,1598149,233727,233727,0.066878371251974711,4,887352,3139127,2251775
223,2084287,1520750,2025211,+,P,4,1660989,140239,140239,0.067283920112729198,4,150004,1820759,1670755
224,5827937,634562,5397493,+,P,4,241421,393141,393141,0.067458004436218175,6,2180266,4995095,2814829
225,3333257,987307,3027457,+,P,4,1212845,225538,225538,0.067662949481543125,4,205349,1398006,1192657
226,2326963,835842,2190653,+,P,4,678338,157504,157504,0.067686508122389563,4,536950,1909743,1372793
227,7528021,4296833,7133843,+,P,4,3785918,510915,510915,0.067868434479659401,10,471941,5240716,4768775
228,1027883,443197,960077,+,P,4,372928,70269,70269,0.068362838961243649,4,110043,663284,553241
229,3180337,256509,2791681,+,P,2,39025,217484,217484,0.068383947990417374,6,203235,662980,459745
230,3230797,1670584,3033913,+,P,4,1891850,221266,221266,0.068486506580264866,4,182024,2034633,1852609
231,5226647,1185424,4725431,+,P,2,826986,358438,358438,0.068578957025412279,4,532710,2250845,1718135
232,5528779,1233689,5093519,+,P,2,852517,381172,381172,0.068943251303768882,6,1248269,3730228,2481959
233,8052601,1095212,7370609,+,P,2,538852,556360,556360,0.069090719880446086,6,2183444,5462101,3278657
234,1362407,787421,1315451,+,P,4,692579,94842,94842,0.069613558943839832,4,246293,1280008,1033715
235,2891257,1838727,2787559,+,P,2,2040126,201399,201399,0.069657937706679135,4,326643,2492014,2165371
236,6684449,547986,6060037,+,P,6,81733,466253,466253,0.06975189727679873,6,1765578,4079143,2313565
237,9719761,6878636,9380131,+,P,2,6191819,686817,686817,0.070661922654271028,4,463714,7806065,7342351
238,9142633,809126,8003273,+,P,4,162223,646903,646903,0.070756750270955862,4,357986,1525099,1167113
239,7366607,1239837,6838241,+,P,4,1762851,523014,523014,0.070997950616885089,6,2428207,6096252,3668045
240,5171801,1761758,4880021,+,P,4,2133393,371635,371635,0.071857946583791604,8,1367582,4496923,3129341
241,6697051,18042,6198911,-,M+,2,500968,482926,482926,0.072110246733972913,4,480097,3192028,2711931
242,2245043,643027,2083847,+,P,4,479091,163936,163936,0.073021318522629636,4,473643,1590314,1116671
243,5189357,1409164,4725431,+,P,4,1789134,379970,379970,0.073221017555739565,4,532710,2474585,1941875
244,7973149,1398450,7215821,+,P,2,1983475,585025,585025,0.073374396991703034,4,1273402,3945255,2671853
245,3951481,966588,3661501,+,P,2,674547,292041,292041,0.073906720037373336,4,955032,2876653,1921621
246,1679417,19781,1485763,+,P,2,143921,124140,124140,0.073918508625314613,6,304057,627896,323839
247,4105093,593493,3655793,+,P,2,899094,305601,305601,0.074444354853836436,4,366499,1326492,959993
248,1196537,261505,1116491,+,P,2,350769,89264,89264,0.074601955476512632,6,374709,1010924,636215
249,1362407,998272,1315451,+,P,4,1100251,101979,101979,0.074852081646673868,4,35442,1069157,1033715
250,8743103,998993,7637659,-,M-,2,1656003,657010,657010,0.075146089437582969,6,6001,106450,100449
251,5767409,4713654,5684641,+,P,2,5147599,433945,433945,0.075240892400729689,6,474378,5662411,5188033
252,3708073,232504,3251173,+,P,2,513053,280549,280549,0.075658974351367952,6,277268,787041,509773
253,1840351,522358,1736213,+,P,2,661636,139278,139278,0.075680128410286956,4,589026,1700411,1111385
254,9073663,1861183,8227379,+,P,2,2558991,697808,697808,0.076904773739117263,4,1288491,4438166,3149675
255,2848121,942361,2597041,+,P,2,1161520,219159,219159,0.07694862683151453,4,148199,1238760,1090561
256,8483381,1597479,7571491,+,P,2,943692,653787,653787,0.077066796834894008,4,502671,2602822,2100151
257,3679999,911211,3296287,+,P,2,627433,283778,283778,0.077113607911306503,4,82803,1076818,994015
258,2789441,383132,2557561,+,P,2,599136,216004,216004,0.077436303546122687,4,783148,1949429,1166281
259,6991013,2414903,6592609,+,P,2,1859400,555503,555503,0.079459586185864628,4,1787281,5989466,4202185
260,4981393,916657,4501829,+,P,4,1312840,396183,396183,0.079532572515358654,6,707787,2332232,1624445
261,7750987,1866985,7017203,+,P,2,2483964,616979,616979,0.079600056096081701,4,747513,3362012,2614499
262,8862079,764881,7799299,-,M+,4,54638,710243,710243,0.080144061004195521,4,297898,657737,359839
263,4700039,1262809,4363069,+,P,2,885180,377629,377629,0.080345929044418563,4,1078439,3419688,2341249
264,7137517,2847982,6565093,+,P,4,3424098,576116,576116,0.080716585333527047,6,282566,3413115,3130549
265,5329967,4017315,5198287,+,P,2,4448139,430824,430824,0.080830519213345969,4,390891,4799098,4408207
266,1829143,648312,1664909,+,P,2,796832,148520,148520,0.081196494751913872,4,31192,710697,679505
267,7624769,738180,6653389,+,P,2,117802,620378,620378,0.081363514094656503,4,86928,912037,825109
268,4393063,3392833,4307437,+,P,2,3751153,358320,358320,0.081564958207974714,4,400847,4194528,3793681
269,5329967,4009018,5198287,+,P,2,4448139,439121,439121,0.08238718926402358,4,399188,4807395,4408207
270,1510039,73128,1381229,-,M+,2,197726,124598,124598,0.0825131006550162,4,55681,535240,479559
271,5350843,465527,4844311,+,P,2,23530,441997,441997,0.082603245881069584,4,1339591,3144710,1805119
272,6690379,4317150,6469423,+,P,2,4870145,552995,552995,0.082655257646838842,4,826536,5970223,5143687
273,5379203,514525,4852451,+,P,2,959552,445027,445027,0.082731029113420701,4,1177413,2869352,1691939
274,2428787,1334819,2287633,+,P,4,1536271,201452,201452,0.082943461077484362,8,105889,1546598,1440709
275,4261589,2817359,4130261,+,P,2,2463026,354333,354333,0.083145746809464738,4,524933,3867226,3342293
276,5429899,2177672,4998667,+,P,2,1724471,453201,453201,0.08346398340005956,6,233602,2644877,2411275
277,7177481,2931100,6721541,+,P,4,3531726,600626,600626,0.083682004870510973,4,1054800,5040701,3985901
278,1416551,92870,1290539,-,M+,4,212890,120020,120020,0.084726917703633692,6,33141,441596,408455
279,1273121,44323,1136741,-,M+,2,152414,108091,108091,0.084902377700155754,4,92056,274137,182081
280,9687823,4144433,8984707,+,P,2,3319871,824562,824562,0.085113239579211963,4,621577,5387588,4766011
281,7243937,2759277,6606487,+,P,2,3376569,617292,617292,0.085214987374959222,4,22509,2804296,2781787
282,3187643,90388,2963437,-,M+,2,362540,272152,272152,0.085377189352760022,6,133817,1527812,1393995
283,8056201,2591537,7422167,+,P,4,1902079,689458,689458,0.085581032548716199,4,1026425,4644388,3617963
284,3053881,1970854,2952913,+,P,2,1707501,263353,263353,0.086235514743370809,6,376250,2723355,2347105
285,3775763,1291170,3464977,+,P,2,1616935,325765,325765,0.086277925812610595,4,309090,1909351,1600261
286,2184331,442806,1954427,+,P,2,253608,189198,189198,0.086615993638326796,6,132196,707199,575003
287,9843371,1497472,8796863,+,P,4,644193,853279,853279,0.086685648646180252,4,1020342,3538157,2517815
288,8514697,3380217,8018887,+,P,2,2641480,738737,738737,0.086760221767139808,4,1663809,6707836,5044027
289,9729173,233182,8927341,-,M+,2,1085273,852091,852091,0.087581030782369687,8,568649,3883166,3314517
290,2511389,432347,2248139,+,P,2,652459,220112,220112,0.087645522059704814,4,236291,904930,668639
291,3740519,2244856,3619877,+,P,2,1916737,328119,328119,0.087720180007105963,6,651168,3547193,2896025
292,7014131,1733991,6560053,+,P,2,2349958,615967,615967,0.087818006250524827,4,2101593,5937178,3835585
293,5667973,1177999,5319689,+,P,2,679599,498400,498400,0.087932670109755293,8,2051985,5281970,3229985
294,1409659,978293,1369793,+,P,2,1102884,124591,124591,0.088383786433456596,4,152303,1282900,1130597
295,1965443,35434,1825489,-,M+,2,209328,173894,173894,0.088475727863896333,8,104519,950330,845811
296,6544883,1228755,5881339,+,P,2,648685,580070,580070,0.088629544638154728,4,671319,2571394,1900075
297,4675037,55072,4307041,-,M+,4,469829,414757,414757,0.088717372718119664,4,312923,2043992,1731069
298,4801697,1694040,4510091,+,P,2,1267698,426342,426342,0.0887898590852359,4,1066414,3826869,2760455
299,1375243,1185532,1359097,+,P,4,1307674,122142,122142,0.088814849448424757,4,76688,1338909,1262221
300,4276031,531615,3984479,+,P,4,912191,380576,380576,0.089002161116231382,4,1703551,3938718,2235167
301,4889147,360217,4515209,+,P,2,795675,435458,435458,0.089066252252182232,6,1911363,4182944,2271581
302,1495511,607302,1376003,+,P,2,473377,133925,133925,0.089551330615421754,6,51652,710607,658955
303,8415383,3342564,8002639,+,P,2,4102087,759523,759523,0.090254121529584577,6,2183610,7709785,5526175
304,4379021,3227928,4289911,+,P,2,3625684,397756,397756,0.09083217458879507,4,527322,4282573,3755251
305,3326417,1686069,3184057,+,P,2,1990438,304369,304369,0.091500554500533154,4,643827,2973724,2329897
306,4730953,583979,4200263,+,P,2,1017395,433416,433416,0.091612831495049729,4,432143,1448266,1016123
307,3886457,1296616,3521071,+,P,2,1652700,356084,356084,0.091621752151123767,6,32138,1360893,1328755
308,2318033,41415,2150411,-,M+,2,254860,213445,213445,0.092080224914830811,4,126206,1103263,977057
309,9404881,1217900,8235371,+,P,2,350038,867862,867862,0.09227782892734103,4,410,1218721,1218311
310,8895851,1032108,8165761,+,P,2,208450,823658,823658,0.092589005818555184,4,2753112,6538333,3785221
311,4466471,1536675,4187189,+,P,2,1950320,413645,413645,0.092611146473356706,6,974821,3486318,2511497
312,1398973,305907,1259129,+,P,2,175637,130270,130270,0.093118308930908597,6,114157,534222,420065
313,2084287,1466303,2025211,+,P,4,1660989,194686,194686,0.093406522230383815,4,204451,1875206,1670755
314,1807187,4028,1593833,-,M+,2,174426,170398,170398,0.094289080211400367,4,209325,309680,100355
315,1597331,217163,1407053,+,P,2,65701,151462,151462,0.094821924823345949,4,48221,313606,265385
316,8650517,3170198,8161627,+,P,4,3992544,822346,822346,0.095063219920844044,4,2058088,7286375,5228287
317,2928749,832049,2708221,+,P,2,545670,286379,286379,0.097782022290063095,4,553003,1938056,1385053
318,6079159,1679360,5721389,+,P,2,1077988,601372,601372,0.098923551761024839,4,1895408,5470177,3574769
319,3404377,196267,3140861,-,M+,2,533093,336826,336826,0.098939101045507002,6,67248,1363497,1296249
320,9199559,692107,8058881,-,M+,6,1604789,912682,912682,0.099209320794616349,4,448570,522705,74135
321,4468903,3101215,4300487,+,P,2,3545004,443789,443789,0.099306026557300531,4,188775,3478766,3289991
322,9780499,4272786,9313349,+,P,2,3299004,973782,973782,0.099563631671553771,4,2237662,8748111,6510449
323,2027549,1532228,1960009,+,P,2,1734670,202442,202442,0.099845675739525894,4,22540,1577309,1554769
324,2604521,239869,2341477,-,M+,4,503810,263941,263941,0.10133955533474294,6,23174,523343,500169
325,2110099,421093,1956881,+,P,2,207164,213929,213929,0.1013833948075422,4,616479,1654052,1037573
326,7345931,788190,6490111,+,P,4,1538301,750111,750111,0.10211244837448105,8,567000,1922191,1355191
327,8052601,1370149,7370609,+,P,2,538852,831297,831297,0.10323335280116325,6,1908507,5187164,3278657
328,8056201,840184,7422167,+,P,4,1680467,840283,840283,0.10430263594465927,4,2777778,6395741,3617963
329,4886333,2426404,4613507,+,P,4,1916597,509807,509807,0.10433324949404799,4,550146,3526697,2976551
330,5484397,1909700,5194907,+,P,4,2484657,574957,574957,0.10483504385258763,4,1548266,5006233,3457967
331,2362331,709118,2223563,+,P,2,461383,247735,247735,0.10486887739271085,4,681836,2072791,1390955
332,6924193,1119036,6296611,+,P,2,386359,732677,732677,0.10581406381942271,4,1412082,3943201,2531119
333,4789963,3182999,4625611,+,P,2,3698738,515739,515739,0.1076707690643957,4,456499,4095998,3639499
334,4311533,868680,3819923,+,P,6,1334332,465652,465652,0.10800149274051712,6,1582,871845,870263
335,4242677,99059,4093403,-,M+,4,557308,458249,458249,0.10800940066849303,6,50214,3098699,3048485
336,8871019,1047905,7814087,+,P,4,2012256,964351,964351,0.10870803004705547,4,424589,1897084,1472495
337,1341547,309507,1253737,+,P,2,163207,146300,146300,0.1090532049939361,6,417369,1144246,726877
338,4700039,1397868,4363069,+,P,2,885180,512688,512688,0.10908164804589919,4,943380,3284629,2341249
339,6684449,2612408,6359231,+,P,6,3342195,729787,729787,0.10917683716339223,4,1795514,6203437,4407923
340,8415383,5233321,8002639,+,P,2,4313295,920026,920026,0.1093266937464403,6,292853,5819028,5526175
341,4103839,503921,3792821,+,P,4,45241,458680,458680,0.11176851723471608,4,1422791,3349504,1926713
342,5507461,1478396,4997383,+,P,2,2095312,616916,616916,0.11201459256815437,4,458518,2395433,1936915
343,9561551,819980,8331223,+,P,4,1892300,1072320,1072320,0.11214916910446851,6,129274,1078529,949255
344,2605439,636012,2444809,+,P,2,343436,292576,292576,0.11229431969046291,8,845016,2326045,1481029
345,6053251,160286,5434129,-,M+,2,842241,681955,681955,0.11265929663250376,8,458835,1559110,1100275
346,1831877,134980,1619507,+,P,4,342281,207301,207301,0.11316316543086681,4,210306,555593,345287
347,5333707,90722,4752277,+,P,2,694932,604210,604210,0.11328143821923477,4,1172974,2436671,1263697
348,2239229,478519,2056741,+,P,2,224157,254362,254362,0.11359356278433336,4,483293,1445106,961813
349,5797993,3715457,5571689,+,P,2,3056500,658957,658957,0.11365260358196362,4,498407,4712272,4213865
350,7423879,6558357,7347871,+,P,2,5708503,849854,849854,0.11447573431625165,4,333465,7225288,6891823
351,7528021,2875648,7133843,+,P,4,3742102,866454,866454,0.11509718158331386,10,1893126,6661901,4768775
352,2762029,794067,2502293,+,P,6,475684,318383,318383,0.11527141822189413,6,149809,1093686,943877
353,1028329,734423,996511,+,P,2,853296,118873,118873,0.11559821808001136,4,71179,876782,805603
354,5710919,1575635,5278001,+,P,2,2236221,660586,660586,0.11567070028484032,4,1104857,3785350,2680493
355,3951481,1136773,3661501,+,P,2,674547,462226,462226,0.11697538214153123,4,784847,2706468,1921621
356,6497347,1480042,6085741,+,P,4,2247027,766985,766985,0.11804587318485529,6,2136062,5752167,3616105
357,8628293,4041607,7991311,+,P,2,3021405,1020202,1020202,0.11823914649166412,8,127811,4297230,4169419
358,8979011,1250281,7914383,+,P,2,2313355,1063074,1063074,0.11839544466534233,4,276333,1802948,1526615
359,6741961,2621613,6310673,+,P,2,1823293,798320,798320,0.11841065233097611,6,1101331,4824276,3722945
360,4755857,989041,4365811,+,P,2,425867,563174,563174,0.118416933057491,8,1036493,3062028,2025535
361,5050091,1728921,4724089,+,P,2,1126796,602125,602125,0.11923052475688062,4,1039155,3807232,2768077
362,5258867,3562619,5092193,+,P,2,2932754,629865,629865,0.11977199651559928,6,529529,4621678,4092149
363,6212203,1535180,5770321,+,P,2,784302,750878,750878,0.12087145252658356,6,1583848,4702877,3119029
364,6544277,1052496,6082751,+,P,2,260380,792116,792116,0.12103949756405483,4,2261098,5574693,3313595
365,2520367,257350,2214599,+,P,2,564108,306758,306758,0.12171163961438949,4,122640,502631,379991
366,5245067,200836,4576277,-,M-,2,845093,644257,644257,0.1228310334262651,4,362700,467953,105253
367,4789963,3109886,4625611,+,P,2,3698738,588852,588852,0.12293456128993063,4,529612,4169111,3639499
368,7014131,3212710,6560053,+,P,2,2349958,862752,862752,0.12300197986037044,4,622874,4458459,3835585
369,4067513,2899777,3921079,+,P,2,2394197,505580,505580,0.12429708276285779,4,142697,3185172,3042475
370,5561849,630053,5118637,+,P,2,1322314,692261,692261,0.12446598244576579,4,1829311,4288676,2459365
371,3327169,1004210,2995477,+,P,2,585187,419023,419023,0.12593980047301476,4,1114,1006439,1005325
372,5857307,2020366,5318683,+,P,2,2761169,740803,740803,0.12647501659038873,4,66572,2153511,2086939
373,8514697,3732976,8018887,+,P,2,2641480,1091496,1091496,0.12818964667797339,4,1311050,6355077,5044027
374,1476529,363070,1340617,+,P,2,552429,189359,189359,0.12824604189961727,4,162074,687219,525145
375,8302759,1364533,7318613,+,P,2,298529,1066004,1066004,0.12839153828263594,4,49203,1462940,1413737
376,4351349,303038,3937783,-,M+,4,862122,559084,559084,0.12848521228704018,8,110527,1153348,1042821
377,5311217,3750838,5121979,+,P,2,4433252,682414,682414,0.12848542998713855,6,235712,4222263,3986551
378,9136499,1295935,8137289,+,P,2,2476637,1180702,1180702,0.12922915002781701,4,846093,2988122,2142029
379,5145197,3811883,4979617,+,P,2,3143215,668668,668668,0.12995964974713312,6,174253,4160390,3986137
380,5258867,3621634,5092193,+,P,2,2932754,688880,688880,0.13099399547469065,6,470514,4562663,4092149
381,7482679,711402,6772357,+,P,2,1694571,983169,983169,0.13139264693834921,8,1799022,4309447,2510425
382,3166333,711422,2920409,+,P,2,1130768,419346,419346,0.13243900752068719,8,733442,2178307,1444865
383,7366607,2926056,6838241,+,P,4,1946592,979464,979464,0.13295999094291305,6,741988,4410033,3668045
384,4440221,438164,4103543,+,P,2,1030815,592651,592651,0.13347331135094401,6,1645310,3728785,2083475
385,2797999,2157293,2707801,+,P,2,2531746,374453,374453,0.13382885412039103,6,9319,2175932,2166613
386,3053881,2117547,2952913,+,P,2,1707501,410046,410046,0.13427045782072058,6,229557,2576662,2347105
387,4733329,750559,4196789,+,P,2,113438,637121,637121,0.13460315139725129,4,226989,1204538,977549
388,3212509,1262546,2941753,+,P,2,828656,433890,433890,0.13506265663380243,4,54670,1371887,1317217
389,3166333,702763,2920409,+,P,2,1130768,428005,428005,0.1351737167253097,8,742101,2186966,1444865
390,1888907,721212,1742579,+,P,2,464960,256252,256252,0.13566152277481106,6,143398,1008009,864611
391,5565047,1189916,5096249,+,P,2,1946366,756450,756450,0.13592877113167237,4,1093544,3377005,2283461
392,4413061,118855,3914819,-,M+,8,718764,599909,599909,0.13593943070354114,6,379386,806511,427125
393,3250189,329710,2906663,-,M+,2,771952,442242,442242,0.13606654874531912,6,13815,515796,501981
394,6684449,4252129,6359231,+,P,6,3342253,909876,909876,0.13611832478638106,4,155793,4563716,4407923
395,8301703,1613384,7419299,+,P,2,483117,1130267,1130267,0.1361488118763102,4,511490,2636365,2124875
396,3002189,174112,2631653,+,P,2,585374,411262,411262,0.13698737820969967,4,234324,642761,408437
397,1076381,588748,1038187,+,P,4,736723,147975,147975,0.13747455594255195,4,220274,1029297,809023
398,4243091,804144,3923687,+,P,4,1387855,583711,583711,0.13756740074629556,4,1203118,3210381,2007263
399,6898907,138571,6059653,+,P,2,1097128,958557,958557,0.13894331377419641,6,885557,1909686,1024129
400,7964569,5935443,7704467,+,P,2,7047059,1111616,1111616,0.13957013869802623,8,208411,6352266,6143855
401,2457641,409749,2235997,+,P,4,753649,343900,343900,0.13993093376941546,4,496383,1402516,906133
402,1762627,515771,1663381,+,P,2,268261,247510,247510,0.14042108738831302,4,552133,1620038,1067905
403,2043539,172708,1841951,-,M+,2,460522,287814,287814,0.14084096266330126,6,28879,459714,430835
404,5360881,153832,5121527,-,M+,2,912129,758297,758297,0.1414500713595396,4,85521,3531570,3446049
405,8061019,5940832,7800967,+,P,2,7086513,1145681,1145681,0.14212607612015304,4,299822,6540477,6240655
406,8751089,536400,7635449,-,M-,4,1784613,1248213,1248213,0.14263516232094087,6,405208,579239,174031
407,9074053,2242901,8180611,+,P,2,3538229,1295328,1295328,0.14275076418442784,4,577057,3397016,2819959
408,7423879,6769240,7347871,+,P,2,5708503,1060737,1060737,0.14288177380046199,4,122582,7014405,6891823
409,8722643,47126,8011693,-,M+,4,1293839,1246713,1246713,0.14292835325256348,4,663823,3698866,3035043
410,8173547,5689008,7952761,+,P,2,4520311,1168697,1168697,0.14298529145302522,4,939036,7567081,6628045
411,5050091,1851220,4724089,+,P,2,1126796,724424,724424,0.14344771213033586,4,916856,3684933,2768077
412,2022791,12620,1846261,-,M+,2,304937,292317,292317,0.14451171673198071,6,163909,774460,610551
413,4261589,3079258,4130261,+,P,2,2463026,616232,616232,0.14460146203681304,4,263034,3605327,3342293
414,6223601,2673671,5722603,+,P,2,1767587,906084,906084,0.14558838203156019,4,42943,2759558,2716615
415,7683593,1127363,6982081,+,P,2,8142,1119221,1119221,0.14566375392345743,4,1645645,4418654,2773009
416,7128307,334999,6310919,+,P,2,1379163,1044164,1044164,0.14648134543026836,6,1071591,2478182,1406591
417,1120799,120554,982187,+,P,2,285086,164532,164532,0.14679884618026962,6,29960,180475,150515
418,9332339,882476,8387447,-,M+,2,2253730,1371254,1371254,0.14693572533102367,6,62415,1835618,1773203
419,9931379,961776,8862173,-,M+,2,2428401,1466625,1466625,0.14767586656394846,4,107429,1485160,1377731
420,4867301,1384300,4441289,+,P,2,2106557,722257,722257,0.1483896311323257,4,500916,2386133,1885217
421,7112717,3230173,6618013,+,P,2,2173416,1056757,1056757,0.14857290118529951,6,419615,4069404,3649789
422,6497347,3282531,6085741,+,P,4,4250319,967788,967788,0.1489512565667187,6,333573,3949678,3616105
423,5465459,4145297,5302837,+,P,2,4960375,815078,815078,0.14913257971562865,4,181807,4508912,4327105
424,4634111,31264,4143499,+,P,4,726050,694786,694786,0.14992864866637851,8,1168562,2368389,1199827
425,2435929,143496,2192131,+,P,2,509519,366023,366023,0.15026012662930652,6,585846,1315189,729343
426,3230797,853329,3033913,+,P,4,1338946,485617,485617,0.15030873187018559,4,999279,2851888,1852609
427,1196537,530648,1116491,+,P,2,350769,179879,179879,0.15033300265683386,6,105566,741781,636215
428,3207119,282070,2817599,+,P,2,765249,483179,483179,0.15065826993011486,8,198408,678887,480479
429,7112717,1101180,6618013,+,P,2,2173416,1072236,1072236,0.15074914410344176,6,2548608,6198397,3649789
430,9941089,2275626,9223519,+,P,8,3777858,1502232,1502232,0.15111342429385755,10,2642472,7560571,4918099
431,6848929,1367724,6210289,+,P,2,2405096,1037372,1037372,0.15146484946770511,6,1010724,3389173,2378449
432,6400921,1392985,5721389,+,P,4,422677,970308,970308,0.1515888104227501,4,251211,1895408,1644197
433,7436113,1162839,6888577,+,P,4,2291687,1128848,1128848,0.15180619229428063,6,2440521,6043882,3603361
434,8492797,1168127,7837127,+,P,2,2459478,1291351,1291351,0.1520524981345957,4,2734979,6638086,3903107
435,7859581,1667749,7335047,+,P,2,471282,1196467,1196467,0.1522303797110813,4,2520093,6707936,4187843
436,4440221,1708717,4103543,+,P,2,1030815,677902,677902,0.15267303136488025,6,374757,2458232,2083475
437,4259903,1029176,3805621,+,P,2,1684205,655029,655029,0.15376617730497619,4,50752,1130681,1079929
438,6719917,289400,5993539,-,M+,4,1329980,1040580,1040580,0.1548501268691265,6,436977,1345870,908893
439,3232597,2581042,3157181,+,P,2,3081668,500626,500626,0.15486805190996589,6,123642,2828327,2704685
440,3560173,2478500,3460069,+,P,2,1926368,552132,552132,0.15508572195789361,6,380944,3240389,2859445
441,4318991,173335,3823717,+,P,4,845045,671710,671710,0.15552475103560068,6,678737,1530810,852073
442,6168377,1260282,5579131,+,P,2,290586,969696,969696,0.15720439914745807,6,783372,2827027,2043655
443,5397113,4375373,5285219,+,P,2,5225205,849832,849832,0.15746047933404397,4,238481,4852336,4613855
444,1754147,91880,1591553,-,M+,4,368130,276250,276250,0.15748395088895059,4,70713,524108,453395
445,9830329,7999783,9584101,+,P,2,9553059,1553276,1553276,0.15800854681465901,6,106949,8213682,8106733
446,6028283,988519,5365267,+,P,2,1943390,954871,954871,0.15839850252551183,4,398651,1785822,1387171
447,2556091,530784,2297051,+,P,4,125821,404963,404963,0.15843058795637557,4,212026,954837,742811
448,5390023,519293,4820441,+,P,2,1374764,855471,855471,0.15871379398566574,4,883655,2286604,1402949
449,1142789,344223,1065689,+,P,2,161861,182362,182362,0.15957626473478481,4,258865,861954,603089
450,3031981,280534,2745103,-,M+,2,765173,484639,484639,0.15984236048972603,4,6343,743300,736957
451,8472047,463904,7923067,-,M+,2,1836362,1372458,1372458,0.16199839306840483,4,85075,4165282,4080207
452,3717893,390507,3301933,+,P,4,993357,602850,602850,0.16214829205681822,4,415665,1221838,806173
453,1028329,685874,996511,+,P,2,853296,167422,167422,0.16280976224535143,4,119728,925331,805603
454,2639071,1576228,2514509,+,P,2,2006845,430617,430617,0.16316991850541346,4,190908,1958045,1767137
455,1731407,447900,1586617,+,P,2,162882,285018,285018,0.16461640734962951,8,269976,987853,717877
456,5152841,1275439,4683967,+,P,2,2126617,851178,851178,0.16518615652996085,4,595283,2466006,1870723
457,5736833,2268282,5351257,+,P,2,1320500,947782,947782,0.16520996863600526,4,769518,3807319,3037801
458,6083927,334941,5401247,-,M+,2,1340356,1005415,1005415,0.16525757130221977,4,347738,970225,622487
459,5987677,1043625,5601251,+,P,2,44576,999049,999049,0.16685085050512913,6,2239069,5521764,3282695
460,3309997,2260376,3182147,+,P,2,2816670,556294,556294,0.16806480489257242,4,154670,2569717,2415047
461,4801697,2077233,4510091,+,P,2,1267698,809535,809535,0.16859352016589135,4,683221,3443676,2760455
462,6702469,2410613,6102773,+,P,2,1280377,1130236,1130236,0.16862979895915967,4,93983,2598580,2504597
463,2698063,11609,2400577,+,P,4,468723,457114,457114,0.1694230268159046,4,604051,1219712,615661
464,8483317,2124422,7840267,+,P,2,3562632,1438210,1438210,0.16953392169595927,4,1857544,5839511,3981967
465,5976023,338270,5460797,+,P,2,1354528,1016258,1016258,0.1700559050726545,4,2031170,4400611,2369441
466,6513373,240665,5840347,+,P,6,1352708,1112043,1112043,0.1707322765025126,4,1561525,3363716,1802191
467,7177481,2305061,6721541,+,P,4,3531726,1226665,1226665,0.17090466697160187,4,1680839,5666740,3985901
468,5110423,3754707,4959083,+,P,2,4632717,878010,878010,0.17180769576217075,6,296335,4347378,4051043
469,4015741,381476,3517967,+,P,4,1081171,699695,699695,0.17423807959726487,6,149846,681169,531323
470,9171677,4447289,8710909,+,P,2,2844904,1602385,1602385,0.17471014297603371,6,1499011,7445312,5946301
471,8891879,2411607,8002277,+,P,2,853882,1557725,1557725,0.17518513241127101,4,253057,2917722,2664665
472,7391519,2002011,6624659,+,P,2,698177,1303834,1303834,0.1763959478423853,4,21487,2044986,2023499
473,9343127,2711422,8494253,+,P,2,4361293,1649871,1649871,0.17658659675716706,6,689586,4090595,3401009
474,7316299,2542244,6928421,+,P,2,1248373,1293871,1293871,0.17684774774787088,4,2058908,6660061,4601153
475,1888907,130041,1742579,+,P,2,464960,334919,334919,0.17730835874926612,6,734569,1599180,864611
476,2511323,1960208,2451919,+,P,2,2408176,447968,447968,0.17837928454444132,4,135286,2230781,2095495
477,8552909,933583,7609909,-,M+,2,2468388,1534805,1534805,0.17944830232614423,6,9416,1018325,1008909
478,9171677,4680704,8710909,+,P,2,6326772,1646068,1646068,0.17947295788981665,6,1265596,7211897,5946301
479,8921911,1075421,8104753,+,P,2,2684386,1608965,1608965,0.18033860682985967,6,2126383,5328188,3201805
480,3314477,169124,3071231,-,M+,2,767885,598761,598761,0.18065022023082375,8,74121,1442630,1368509
481,5085637,842902,4550857,+,P,2,1766293,923391,923391,0.18156840529514789,4,499274,1841451,1342177
482,8899469,6485269,8637059,+,P,2,8103511,1618242,1618242,0.18183579267482139,6,577329,7639928,7062599
483,5710919,1187842,5278001,+,P,2,2236221,1048379,1048379,0.18357448249572442,4,1492650,4173143,2680493
484,2343343,730145,2210387,+,P,2,298520,431625,431625,0.18419198555226443,4,682505,2095156,1412651
485,1452169,574346,1365167,+,P,2,306758,267588,267588,0.18426780904977313,4,268808,1111963,843155
486,2997727,251157,2723881,-,M+,2,805157,554000,554000,0.1848066885343462,4,22688,829647,806959
487,7640443,3455724,7078693,+,P,2,2042162,1413562,1413562,0.18501047648676916,4,252468,3960661,3708193
488,9789293,1812629,8828857,+,P,6,868,1811761,1811761,0.18507577615666423,6,1253611,4319852,3066241
489,1773847,380212,1625867,+,P,2,709270,329058,329058,0.1855052887875899,6,357774,1095761,737987
490,9889307,1011834,8686529,-,M+,2,2849872,1838038,1838038,0.18586115285934596,6,190943,458026,267083
491,4310563,1139730,3894857,+,P,2,1942650,802920,802920,0.18626801185831177,4,260890,1661511,1400621
492,8483317,1981211,7840267,+,P,2,3562632,1581421,1581421,0.18641540802966575,4,2000755,5982722,3981967
493,4390781,601290,3965123,+,P,2,1429374,828084,828084,0.18859606070081839,4,809884,2221059,1411175
494,7640443,590161,7078693,+,P,2,2042162,1452001,1452001,0.19004146749082482,4,3118031,6826224,3708193
495,9838397,627039,8819659,-,M+,2,2497047,1870008,1870008,0.19007242744930908,4,391698,2080191,1688493
496,4443841,1030480,4032967,+,P,2,1876652,846172,846172,0.19041455353600636,4,537242,2104965,1567723
497,1184461,354101,1080263,+,P,2,579936,225835,225835,0.19066478339092632,8,100973,556048,455075
498,5397113,4180972,5285219,+,P,2,5225205,1044233,1044233,0.19347992158029673,4,432882,5046737,4613855
499,7669553,157245,6886519,-,M+,4,1645455,1488210,1488210,0.19404129549662152,4,625788,2031069,1405281
500,1057117,477496,977023,+,P,2,271627,205869,205869,0.19474570932072799,4,18962,515421,496459
501,1452169,589951,1365167,+,P,2,306758,283193,283193,0.1950138034898142,4,253203,1096358,843155
502,8057701,4267,7510729,-,M+,2,1584559,1580292,1580292,0.19612194594959531,4,542704,4224629,3681925
503,2026081,1039203,1903921,+,P,2,1437419,398216,398216,0.19654495550770182,6,131757,1302718,1170961
504,2874023,2213509,2821859,+,P,2,1643784,569725,569725,0.19823258199395064,4,295365,2804240,2508875
505,2630609,107203,2414597,-,M+,2,633244,526041,526041,0.19996928467894698,6,108808,1011321,902513
506,7570637,5757265,7318613,+,P,2,7272976,1515711,1515711,0.20020917658580117,4,49203,5855672,5806469
507,3560173,2639765,3460069,+,P,2,1926368,713397,713397,0.20038267803278098,6,219679,3079124,2859445
508,7148893,4475999,6845981,+,P,2,5910315,1434316,1434316,0.20063469966608816,4,552509,5581018,5028509
509,2679587,2006192,2608561,+,P,2,2543965,537773,537773,0.20069249477624723,4,176212,2358617,2182405
510,2751299,131233,2391671,-,M-,2,686238,555005,555005,0.20172471258122074,4,102669,228394,125725
511,6096593,4256735,5895707,+,P,2,5489514,1232779,1232779,0.202207856092739,4,433655,5124046,4690391
512,9915911,103712,8974429,-,M+,2,2111971,2008259,2008259,0.20252894565108542,8,837769,3221824,2384055
513,1625483,47922,1408999,+,P,2,377868,329946,329946,0.20298335940763454,4,62172,172267,110095
514,9931379,407526,8973863,+,P,2,2428401,2020875,2020875,0.20348382636489856,4,2821240,6050007,3228767
515,6212203,2051585,5770321,+,P,2,784302,1267283,1267283,0.20399896783797955,6,1067443,4186472,3119029
516,3516209,285761,3086801,-,M+,2,1003937,718176,718176,0.20424724468881117,4,143646,224591,80945
517,3636839,659908,3251173,+,P,2,1404434,744526,744526,0.20471788825405798,6,277268,1214445,937177
518,8170243,578982,7496933,-,M+,6,2254799,1675817,1675817,0.20511225920697829,4,94327,2878090,2783763
519,2036071,723856,1852637,+,P,2,306164,417692,417692,0.2051460877346615,8,28176,780209,752033
520,1275611,18169,1121297,-,M+,2,281157,262988,262988,0.20616629991431557,6,136144,177243,41099
521,4148483,780591,3712231,+,P,4,1637607,857016,857016,0.20658539519144709,4,314127,1408846,1094719
522,6279997,25358,5462239,-,M-,2,1323132,1297774,1297774,0.20665200954713833,8,530332,792399,262067
523,1151401,283666,1041203,+,P,4,45668,237998,237998,0.20670296447545208,8,96348,476363,380015
524,1885243,1135062,1823963,+,P,2,1525124,390062,390062,0.20690277062426435,12,321220,1777503,1456283
525,1142789,399354,1065689,+,P,2,161861,237493,237493,0.2078187661939343,4,203734,806823,603089
526,2829557,810238,2650931,+,P,2,1402194,591956,591956,0.20920447971184181,4,768936,2348111,1579175
527,1011271,8568,875593,-,M-,4,221066,212498,212498,0.21012962895208109,4,52956,127109,74153
528,8323291,2257551,7619917,+,P,2,4010242,1752691,1752691,0.21057668174764044,6,1142121,4541794,3399673
529,8173547,6242365,7952761,+,P,2,4520311,1722054,1722054,0.21068625408283576,4,385679,7013724,6628045
530,9737683,172752,8845691,-,M+,2,2227457,2054705,2054705,0.21100553386262419,4,719239,3320986,2601747
531,2511323,1874357,2451919,+,P,2,2408176,533819,533819,0.21256485127560254,4,221137,2316632,2095495
532,7306661,4537320,7092307,+,P,2,6092388,1555068,1555068,0.21282881469388001,4,1268862,7075045,5806183
533,9931379,304911,8973863,+,P,2,2428401,2123490,2123490,0.21381622834049532,4,2923855,6152622,3228767
534,5598091,1527275,5092193,+,P,2,323126,1204149,1204149,0.21509993317364795,6,529529,2586334,2056805
535,4090703,133506,3806119,-,M+,2,1017074,883568,883568,0.21599417019519629,4,151077,1965108,1814031
536,1651921,1230997,1597601,+,P,2,1590738,359741,359741,0.21777130988709509,6,40683,1312364,1271681
537,3232597,2375831,3157181,+,P,2,3081668,705837,705837,0.21834982832688393,6,328853,3033538,2704685
538,8895851,2157793,8165761,+,P,2,208450,1949343,1949343,0.21912945709185103,4,1627427,5412648,3785221
539,2639071,1210673,2514509,+,P,2,632225,578448,578448,0.21918622121193404,4,556463,2323600,1767137
540,6991013,3599042,6592609,+,P,2,5131612,1532570,1532570,0.219220018615328,4,603142,4805327,4202185
541,9400103,1157706,8527913,+,P,2,3219550,2061844,2061844,0.21934270294697836,6,2137066,5431839,3294773
542,3242251,291839,2943217,+,P,2,1003766,711927,711927,0.21957800306021957,4,857173,2006186,1149013
543,1005373,70344,897751,-,M+,4,291306,220962,220962,0.2197811160633914,8,37277,181674,144397
544,7482679,47515,6772357,+,P,2,1694571,1647056,1647056,0.22011581680839176,8,2462909,4973334,2510425
545,1534051,360876,1420511,+,P,2,23058,337818,337818,0.2202130176897639,4,378394,1117665,739271
546,9687823,1168892,8984707,+,P,2,3319871,2150979,2150979,0.22202913905425398,4,3597118,8363129,4766011
547,1459153,555229,1371061,+,P,2,228766,326463,326463,0.22373459123203668,6,287279,1129788,842509
548,7569481,1631984,6941483,+,P,2,3326766,1694782,1694782,0.22389672422719603,4,1541510,4715005,3173495
549,1057117,34857,977023,+,P,2,271627,236770,236770,0.22397709998041845,4,461601,958060,496459
550,4699151,1828975,4295479,+,P,6,774116,1054859,1054859,0.22447863454483585,6,44471,1917918,1873447
551,2916827,120041,2574569,-,M+,2,784695,664654,664654,0.22786884515262645,4,222216,400979,178763
552,4570403,1412616,4310237,+,P,2,370185,1042431,1042431,0.22808295023436664,4,1336624,4085865,2749241
553,7904753,1510086,7032313,+,P,2,3313903,1803817,1803817,0.22819397392935617,6,287586,2085259,1797673
554,2679587,1932461,2608561,+,P,2,2543965,611504,611504,0.22820830224956309,4,249943,2432348,2182405
555,8899469,6065468,8637059,+,P,2,8103511,2038043,2038043,0.22900725874768482,6,997130,8059729,7062599
556,5110423,3439338,4959083,+,P,2,4632717,1193379,1193379,0.23351863436744866,6,611704,4662747,4051043
557,3813391,2834593,3686339,+,P,2,3725152,890559,890559,0.23353466770126641,6,89433,3013460,2924027
558,7862047,417084,7379171,-,M+,2,2253207,1836123,1836123,0.23354261301159862,8,65791,4064830,3999039
559,4619773,1115763,4203929,+,P,6,2194794,1079031,1079031,0.23356796968162721,8,593101,2301966,1708865
560,4889147,1939316,4515209,+,P,2,795675,1143641,1143641,0.2339142185743239,6,332264,2603845,2271581
561,9627551,6115591,9205073,+,P,4,8373023,2257432,2257432,0.2344762442702199,4,554613,7224818,6670205
562,2540663,114436,2374157,-,M+,2,712209,597773,597773,0.23528228655276201,8,52069,1260684,1208615
563,3936791,302621,3469463,-,M+,2,1229102,926481,926481,0.2353391378917499,4,164706,362873,198167
564,2516413,1367967,2399231,+,P,2,1960338,592371,592371,0.23540293266645818,4,328171,2024310,1696139
565,7316299,4332793,6928421,+,P,2,6067925,1735132,1735132,0.23715979896392972,4,268359,4869512,4601153
566,4172489,2858520,4031821,+,P,2,3849361,990841,990841,0.23747000890835182,4,329292,3517105,3187813
567,1080353,97348,961183,+,P,2,355353,258005,258005,0.23881546124276046,4,148814,394977,246163
568,6443293,286082,5876021,-,M+,2,1825711,1539629,1539629,0.2389506421638749,6,281189,2186306,1905117
569,8813983,3863391,8224747,+,P,2,1756492,2106899,2106899,0.23904051096989862,4,825939,5515270,4689331
570,2704529,12398,2428787,+,P,6,663466,651068,651068,0.24073248983464404,4,761936,1536271,774335
571,4468903,2468270,4300487,+,P,2,3545004,1076734,1076734,0.24093921931176399,4,821720,4111711,3289991
572,3740519,2823341,3619877,+,P,2,1916737,906604,906604,0.24237385239855752,6,72683,2968708,2896025
573,7488017,1391160,6637373,+,P,2,3206446,1815286,1815286,0.24242546457893993,6,142348,1675857,1533509
574,9907349,711917,9125887,+,P,2,3113963,2402046,2402046,0.2424509321312896,4,3725197,8162312,4437115
575,3242251,211982,2943217,+,P,2,1003766,791784,791784,0.2442081134372385,4,937030,2086043,1149013
576,2306671,192520,2053897,-,M+,2,759376,566856,566856,0.24574635914701318,6,60253,344732,284479
577,3930767,369895,3438511,-,M-,2,1336584,966689,966689,0.24592884798310355,4,115079,122360,7281
578,1248529,52210,1194517,-,M+,2,360446,308236,308236,0.24687932759271111,4,1801,818234,816433
579,2896913,33739,2659159,-,M+,2,749396,715657,715657,0.24704124701017946,6,204014,1198895,994881
580,1839473,1265579,1781309,+,P,2,1720216,454637,454637,0.24715611482201696,4,166745,1599070,1432325
581,5509429,2583788,5142259,+,P,2,1221902,1361886,1361886,0.24719185962828452,6,355450,3294689,2939239
582,5565047,564217,5096249,+,P,2,1946366,1382149,1382149,0.24836250259881004,4,1719243,4002704,2283461
583,3338747,102288,3010967,-,M+,2,933489,831201,831201,0.24895597060813532,8,225491,941998,716507
584,2110099,734744,1956881,+,P,2,207164,527580,527580,0.25002618360560336,4,302828,1340401,1037573
585,1538261,101261,1339003,-,M-,2,487555,386294,386294,0.2511238339917608,4,42193,97996,55803
586,4407287,148215,3927601,-,M+,2,1259428,1111213,1111213,0.25213084602840702,6,331470,901269,569799
587,1765573,608735,1629623,+,P,2,161862,446873,446873,0.25310366662834105,4,205187,1019110,813923
588,8921911,425240,8104753,+,P,2,2684386,2259146,2259146,0.25321324097494358,6,2776564,5978369,3201805
589,5311217,3086835,5121979,+,P,2,4433252,1346417,1346417,0.25350442280931096,6,899715,4886266,3986551
590,2516413,1321218,2399231,+,P,2,1960338,639120,639120,0.25398056678295655,4,374920,2071059,1696139
591,3463541,1970478,3309701,+,P,2,2851852,881374,881374,0.25447194071038859,6,416182,2802843,2386661
592,9920111,1209959,9144259,+,P,2,3740096,2530137,2530137,0.25505127916411419,6,3279187,7768334,4489147
593,1459153,601236,1371061,+,P,2,228766,372470,372470,0.25526452674942246,6,241272,1083781,842509
594,1839473,1250086,1781309,+,P,2,1720216,470130,470130,0.25557863583754697,4,182238,1614563,1432325
595,4276031,2189406,3984479,+,P,4,3283245,1093839,1093839,0.25580707904128852,4,45760,2280927,2235167
596,4105711,37464,3735671,-,M+,2,1089937,1052473,1052473,0.25634366374057987,6,332575,1477966,1145391
597,5547709,1755197,5048353,+,P,2,331106,1424091,1424091,0.25669893644385455,4,297019,2349236,2052217
598,1129603,68638,986351,-,M-,2,359586,290948,290948,0.25756659640599394,8,58200,74613,16413
599,6096593,3918730,5895707,+,P,2,5489514,1570784,1570784,0.25764947733922866,4,771660,5462051,4690391
600,4354547,1731772,4113959,+,P,2,608571,1123201,1123201,0.25793750762134388,4,938658,3609089,2670431
601,9626087,5821926,9179153,+,P,2,8307852,2485926,2485926,0.25824886062218222,4,675622,7173171,6497549
602,7813777,589991,6965753,+,P,2,2610413,2020422,2020422,0.25857175089588558,6,1287617,3165226,1877609
603,1084177,92843,971921,-,M+,4,373210,280367,280367,0.25859891881122732,4,19412,205541,186129
604,4710833,329165,4184507,+,P,2,1551341,1222176,1222176,0.25943946643831356,4,697385,1723936,1026551
605,9721561,374779,8456039,-,M-,2,2897011,2522232,2522232,0.25944722251909957,6,488127,890742,402615
606,5805941,156262,5178889,-,M+,2,1671740,1515478,1515478,0.26102194286852037,6,470789,1260314,789525
607,5465459,3533180,5302837,+,P,2,4960375,1427195,1427195,0.26112994352349911,4,793924,5121029,4327105
608,3710501,2098908,3544889,+,P,2,3068373,969465,969465,0.26127603792587578,6,452308,3003525,2551217
609,4247363,3591722,4185449,+,P,2,2481909,1109813,1109813,0.26129459620004225,4,222242,4036207,3813965
610,8061019,4980165,7800967,+,P,2,7086513,2106348,2106348,0.26130046337814117,4,1260489,7501144,6240655
611,3339029,1093671,3151157,+,P,2,220669,873002,873002,0.2614538538000119,4,930253,2954178,2023925
612,6825437,1411569,6354479,+,P,2,3196714,1785145,1785145,0.26154296054596943,4,2117161,5645892,3528731
613,5964527,339677,5562059,-,M+,2,1901696,1562019,1562019,0.26188480662423019,6,62790,2807573,2744783
614,1254557,505183,1186811,+,P,2,174899,330284,330284,0.26326743224899307,4,275151,1055486,780335
615,3182203,214212,2781797,-,M-,6,1056662,842450,842450,0.26473798183208297,4,165148,186193,21045
616,3754241,1616301,3543523,+,P,4,620776,995525,995525,0.2651734398510911,8,662913,2942128,2279215
617,1762627,1024562,1663381,+,P,2,1494365,469803,469803,0.26653568792489846,4,43342,1111247,1067905
618,5340103,2236749,4961563,+,P,2,812889,1423860,1423860,0.26663530647255307,4,453573,3143896,2690323
619,2898017,1746547,2759689,+,P,2,2522355,775808,775808,0.26770305350175655,4,183173,2112894,1929721
620,2522473,238321,2236489,-,M+,2,916546,678225,678225,0.26887304641120041,6,47662,282263,234601
621,1534051,436425,1420511,+,P,2,23058,413367,413367,0.26946105442387508,4,302845,1042116,739271
622,1030369,10064,901403,+,P,4,290172,280108,280108,0.27185212288024968,4,117542,245149,127607
623,6079159,3323557,5721389,+,P,2,5001170,1677613,1677613,0.27596136241871616,4,251211,3825980,3574769
624,2457641,72652,2235997,+,P,4,753649,680997,680997,0.27709376593245311,4,833480,1739613,906133
625,2027549,1172069,1960009,+,P,2,1734670,562601,562601,0.27747837413547094,4,382699,1937468,1554769
626,4247363,3664723,4185449,+,P,2,2481909,1182814,1182814,0.27848196634005618,4,149241,3963206,3813965
627,2362331,1240183,2223563,+,P,2,1900947,660764,660764,0.27970847438398766,4,150771,1541726,1390955
628,3772229,1176571,3428617,+,P,2,121092,1055479,1055479,0.27980247222530763,4,190373,1557318,1366945
629,6579961,51852,5864513,+,P,2,1897196,1845344,1845344,0.28044907864955432,6,1519972,3091797,1571825
630,3463541,1879803,3309701,+,P,2,2851852,972049,972049,0.28065179537357865,6,506857,2893518,2386661
631,7260277,290576,6492569,-,M+,2,2328844,2038268,2038268,0.28074245652059832,4,477131,1595744,1118613
632,1963391,665978,1780837,+,P,2,113486,552492,552492,0.28139682824256607,4,19534,705047,685513
633,7009757,259641,6216887,+,P,2,2232887,1973246,1973246,0.2814999150469838,4,1200025,2659692,1459667
634,3754241,1677820,3543523,+,P,4,620776,1057044,1057044,0.28155997443957381,8,601394,2880609,2279215
635,4172489,2673097,4031821,+,P,2,3849361,1176264,1176264,0.28190943103744553,4,514715,3702528,3187813
636,1773847,207881,1625867,+,P,2,709270,501389,501389,0.28265628320819103,6,530105,1268092,737987
637,7964569,4791654,7704467,+,P,2,7047059,2255405,2255405,0.28317979290530348,8,1352200,7496055,6143855
638,4510651,877331,4032907,+,P,2,2159767,1282436,1282436,0.28431284087374525,4,289111,1455554,1166443
639,8896093,902867,7957501,-,M+,2,3440067,2537200,2537200,0.28520385297231043,4,35724,1423081,1387357
640,3710501,2009853,3544889,+,P,2,3068373,1058520,1058520,0.28527683997390108,6,541363,3092580,2551217
641,9830329,6736314,9584101,+,P,2,9553059,2816745,2816745,0.28653618815809723,6,1370418,9477151,8106733
642,6495367,1058745,6072527,+,P,2,2926991,1868246,1868246,0.28762747355153295,6,2476741,6012228,3535487
643,1462693,67827,1380781,-,M+,2,490238,422411,422411,0.28878992379125351,6,14084,821481,807397
644,1971503,84384,1762039,-,M+,2,657503,573119,573119,0.29070156119468243,4,125079,420870,295791
645,9687661,2860657,8779513,+,P,2,25421,2835236,2835236,0.29266465868283376,6,469967,3800592,3330625
646,2238359,3758,1965553,+,P,2,659982,656224,656224,0.2931719174627484,4,324958,653675,328717
647,5258303,300124,4868011,-,M+,2,1848032,1547908,1547908,0.29437405946367107,4,90167,2226134,2135967
648,6936973,4577330,6696643,+,P,2,6620019,2042689,2042689,0.29446402631234114,4,677332,5931995,5254663
649,9581311,1054137,8425169,-,M+,2,3875490,2821353,2821353,0.29446419180005745,4,102004,434179,332175
650,3466069,250135,3079613,-,M+,2,1271080,1020945,1020945,0.29455414765257126,8,136320,510741,374421
651,2874023,2491256,2821859,+,P,2,1643784,847472,847472,0.29487307512848715,4,17618,2526493,2508875
652,8628293,475338,7991311,+,P,2,3021405,2546067,2546067,0.29508351188352089,8,3694080,7863499,4169419
653,5783891,368231,5101541,-,M+,2,2088149,1719918,1719918,0.29736348765908627,4,314118,639209,325091
654,1310041,11331,1162453,-,M+,2,401172,389841,389841,0.29757923606971082,4,136256,265593,129337
655,1533139,511655,1390283,+,P,2,52344,459311,459311,0.29958862177532503,4,21491,554638,533147
656,7120063,1393403,6386207,+,P,2,3527050,2133647,2133647,0.29966687092515892,4,589667,2572738,1983071
657,7148893,3763546,6845981,+,P,2,5910315,2146769,2146769,0.30029390564385283,4,1264962,6293471,5028509
658,5206819,457249,4713259,+,P,2,2025887,1568638,1568638,0.30126608971811775,4,1294649,3046548,1751899
659,4657901,348632,4081669,-,M+,2,1764864,1416232,1416232,0.30404939907481932,6,227599,275644,48045
660,3309997,1802617,3182147,+,P,2,2816670,1014053,1014053,0.30636070062903381,4,612429,3027476,2415047
661,5429899,57485,4998667,+,P,2,1724471,1666986,1666986,0.30700129044757557,6,2353789,4765064,2411275
662,6936973,4490015,6696643,+,P,2,6620019,2130004,2130004,0.3070509284092644,4,764647,6019310,5254663
663,4890341,290131,4386419,+,P,2,1792007,1501876,1501876,0.30711069023612053,6,1072755,2435642,1362887
664,2577049,212987,2245013,+,P,2,1007076,794089,794089,0.30813888288503632,6,39809,292606,252797
665,1670687,253395,1503863,+,P,2,772167,518772,518772,0.31051417770055073,6,249523,752442,502919
666,8423893,45909,7515047,+,P,2,2682171,2636262,2636262,0.31295055623332346,6,2016061,4078032,2061971
667,2898017,1282926,2759689,+,P,2,375661,907265,907265,0.31306407105272327,4,646794,2576515,1929721
668,5909837,1865047,5340949,+,P,2,14039,1851008,1851008,0.31320796157322106,4,62573,1990194,1927621
669,7569481,947017,6941483,+,P,2,3326766,2379749,2379749,0.31438734042664218,4,2226477,5399972,3173495
670,3906953,1296831,3588787,+,P,2,68274,1228557,1228557,0.31445400034246634,4,382959,2062750,1679791
671,1545539,1033072,1472467,+,P,2,1520100,487028,487028,0.31511854440424991,6,962,1034997,1034035
672,4259719,151825,3723439,+,P,4,1494756,1342931,1342931,0.31526281428422859,6,353933,859692,505759
673,5667973,3192266,5319689,+,P,2,4988373,1796107,1796107,0.31688700704819872,8,37718,3267703,3229985
674,8709941,758319,8066753,+,P,2,3520504,2762185,2762185,0.31713016196091337,4,3449305,7656930,4207625
675,1579313,540560,1485733,+,P,2,37965,502595,502595,0.31823647370723851,4,383692,1307945,924253
676,2343343,1297420,2210387,+,P,2,2044822,747402,747402,0.31894690619341687,4,115230,1527881,1412651
677,9295393,1325840,8222491,+,P,2,4296040,2970200,2970200,0.31953463398481374,6,459238,2244317,1785079
678,6363923,2659851,5901617,+,P,2,626044,2033807,2033807,0.3195838478875373,6,467929,3595710,3127781
679,5938181,2319392,5613109,+,P,2,417659,1901733,1901733,0.32025514210496447,4,1343284,5005961,3662677
680,2797999,1634744,2707801,+,P,2,2531746,897002,897002,0.32058696232557626,6,531868,2698481,2166613
681,9400103,198699,8527913,+,P,2,3219550,3020851,3020851,0.32136360633495187,6,3096073,6390846,3294773
682,7712603,1240749,6946963,+,P,2,3724942,2484193,2484193,0.32209527704200513,4,1112373,3465496,2353123
683,1855811,141985,1624811,-,M+,2,742703,600718,600718,0.32369567806204402,6,89014,96825,7811
684,1331719,208021,1189553,+,P,2,641510,433489,433489,0.32551086227650128,8,128535,465092,336557
685,3732083,90595,3304151,-,M+,2,1309175,1218580,1218580,0.32651471041774793,6,337336,645963,308627
686,3293681,208462,2899993,+,P,4,1285165,1076703,1076703,0.32689959956656395,4,329402,867267,537865
687,9626087,4491567,9179153,+,P,2,1318234,3173333,3173333,0.32965970492475294,4,2005981,8503530,6497549
688,5596907,555343,5026817,+,P,2,2408158,1852815,1852815,0.3310426633853305,6,1050933,2657210,1606277
689,4595039,2428890,4300801,+,P,2,3952059,1523169,1523169,0.33148119091045802,4,106482,2641855,2535373
690,8459371,166629,7708199,-,M+,2,2980779,2814150,2814150,0.33266657769236035,4,584542,3034537,2449995
691,8510317,489132,8005411,-,M+,2,3348157,2859025,2859025,0.33594812038141469,4,15773,4486842,4471069
692,5682763,413356,5248303,-,M+,2,2335111,1921755,1921755,0.33817264594705077,6,21103,2228186,2207083
693,1341547,617386,1253737,+,P,2,163207,454179,454179,0.33854870533794196,6,109490,836367,726877
694,9462077,63534,8983349,-,M+,2,3273069,3209535,3209535,0.33919983952783306,4,415193,6047446,5632253
695,1468741,97125,1359427,-,M+,2,597333,500208,500208,0.3405692358285089,8,12188,606417,594229
696,9545413,1095550,8387447,-,M+,2,4351628,3256078,3256078,0.34111441799322878,6,62415,344100,281685
697,6459907,115839,5843041,-,M+,2,2320571,2204732,2204732,0.3412946966573977,4,501026,2026005,1524979
698,1254557,649010,1186811,+,P,2,1079657,430647,430647,0.34326618878217569,4,131324,911659,780335
699,8969789,319846,8110009,-,M+,2,3410428,3090582,3090582,0.34455459320169068,8,539933,2631482,2091549
700,7847327,789491,6894317,+,P,2,3497934,2708443,2708443,0.34514211017331126,4,386765,1563022,1176257
701,2605439,1362265,2444809,+,P,2,2262002,899737,899737,0.34533028790925446,8,118763,1599792,1481029
702,4568327,229418,4006129,-,M+,2,1816006,1586588,1586588,0.34730175838988758,4,332779,403522,70743
703,9627551,4689950,9205073,+,P,4,1254527,3435423,3435423,0.3568324904225384,4,1980254,8650459,6670205
704,4354547,2165561,4113959,+,P,2,608571,1556990,1556990,0.357554987924117,4,504869,3175300,2670431
705,2597663,49497,2518151,-,M+,2,979504,930007,930007,0.35801680202551295,4,30014,1991581,1961567
706,4684259,333859,4204027,+,P,2,2012793,1678934,1678934,0.35842040331245562,6,988775,2311410,1322635
707,8468753,4844895,8104853,+,P,2,7898060,3053165,3053165,0.36052120070097687,10,1076557,6998010,5921453
708,6300601,13083,6164177,-,M+,2,2290756,2277673,2277673,0.36150091078612978,4,123340,5332549,5209209
709,1477843,8358,1277233,-,M-,2,544227,535869,535869,0.3626021167336449,6,65214,192251,127037
710,1210871,2857,1085521,-,M+,2,442182,439325,439325,0.36281734387891029,4,122492,330563,208071
711,8468753,4814610,8104853,+,P,2,7898060,3083450,3083450,0.36409728799505664,10,1106842,7028295,5921453
712,7218397,186076,7003543,-,M+,2,2818285,2632209,2632209,0.36465284466897568,4,28777,5528342,5499565
713,1651921,986444,1597601,+,P,2,1590738,604294,604294,0.3658128929894347,6,285236,1556917,1271681
714,4570403,2524869,4310237,+,P,2,4200217,1675348,1675348,0.3665646114795566,4,224371,2973612,2749241
715,4827523,53662,4543321,-,M+,2,1833705,1780043,1780043,0.36872802056044063,4,230539,2784446,2553907
716,6100781,322861,5338667,+,P,2,2574144,2251283,2251283,0.36901554079715365,4,443121,1209104,765983
717,1545539,596565,1472467,+,P,2,25438,571127,571127,0.3695325708377466,6,437469,1471504,1034035
718,9846413,1095861,8748031,-,M+,2,4765175,3669314,3669314,0.37265489473171598,4,2520,1061877,1059357
719,5206819,85188,4713259,+,P,2,2025887,1940699,1940699,0.37272257783495066,4,1666710,3418609,1751899
720,9514607,20362,8842151,-,M+,2,3575939,3555577,3555577,0.37369667501768594,6,652093,4787052,4134959
721,1536487,15594,1351543,+,P,2,590127,574533,574533,0.37392636579417854,8,226284,468163,241879
722,7270931,262818,6307121,-,M-,2,2996891,2734073,2734073,0.37602791169383948,6,261442,700991,439549
723,1576501,18079,1482583,-,M+,6,611102,593023,593023,0.37616404937262965,4,75838,900995,825157
724,7706177,4670261,7397113,+,P,2,7571151,2900890,2900890,0.37643698036004103,4,872467,6415196,5542729
725,2106353,125574,1880573,+,P,4,919047,793473,793473,0.37670466441285005,4,400318,926211,525893
726,8780171,47833,7840439,+,P,2,3386125,3338292,3338292,0.38020808478559243,6,2154213,4356260,2202047
727,2309921,151473,2120653,-,M+,2,1032139,880666,880666,0.38125373118820949,4,37794,833571,795777
728,1727779,88188,1504589,+,P,4,751761,663573,663573,0.38406127172514543,6,77260,242709,165449
729,3813391,2251148,3686339,+,P,2,3725152,1474004,1474004,0.38653366518146187,6,672878,3596905,2924027
730,3339029,1826946,3151157,+,P,2,3118359,1291413,1291413,0.38676303799697459,4,196978,2220903,2023925
731,7570637,4343528,7318613,+,P,2,7272976,2929448,2929448,0.38694868080453465,4,1462940,7269409,5806469
732,4454521,457769,3961967,+,P,2,2186338,1728569,1728569,0.38804823234641839,6,548873,1555516,1006643
733,9338071,33757,8605561,+,P,2,3664099,3630342,3630342,0.38876787293649834,6,4176743,8387244,4210501
734,6544277,2805537,6082751,+,P,2,260380,2545157,2545157,0.38891339715601891,4,508057,3821652,3313595
735,1885601,60090,1771271,-,M+,2,793641,733551,733551,0.38902768931497173,4,54239,1025200,970961
736,1514783,64540,1331989,-,M+,2,653909,589369,589369,0.38907817159289482,6,118253,170684,52431
737,3320791,77853,3084083,-,M+,4,1374169,1296316,1296316,0.39036362119747975,6,158854,1585981,1427127
738,7706177,4560812,7397113,+,P,2,7571151,3010339,3010339,0.39063974263762691,4,981916,6524645,5542729
739,9044951,4957574,8599553,+,P,2,8502172,3544598,3544598,0.39188692122267993,4,969590,6896755,5927165
740,8265617,312313,7792457,-,M+,2,3552192,3239879,3239879,0.3919706175594635,6,160846,4641183,4480337
741,7859581,3560732,7335047,+,P,2,471282,3089450,3089450,0.39308075074231058,4,627110,4814953,4187843
742,2570137,186938,2236489,+,P,2,1220726,1033788,1033788,0.40223069820791657,6,47662,282263,234601
743,9462689,860056,8426419,+,P,2,4693301,3833245,3833245,0.40509045578904684,4,1348742,3557541,2208799
744,3816557,1561929,3619723,+,P,4,12711,1549218,1549218,0.40592030984995114,4,876789,3315508,2438719
745,9464647,297234,8779517,-,M+,2,4143858,3846624,3846624,0.40642022887911194,4,387895,4371502,3983607
746,9044951,4224367,8599553,+,P,2,542778,3681589,3681589,0.40703249802016617,4,1702797,7629962,5927165
747,5938181,3055529,5613109,+,P,2,5520521,2464992,2464992,0.41510893655818171,4,607147,4269824,3662677
748,3775763,44635,3464977,+,P,2,1616935,1572300,1572300,0.41641914495162963,4,1555625,3155886,1600261
749,8522149,89120,7656149,-,M+,2,3651197,3562077,3562077,0.41797872813535647,6,776879,2371028,1594149
750,6429419,445874,5775983,-,M+,2,3166759,2720885,2720885,0.42319298213415552,4,207561,1409492,1201931
751,7761181,53905,6875053,+,P,2,3343043,3289138,3289138,0.42379349225330526,4,1504379,3062664,1558285
752,9536321,358389,8828563,-,M+,2,4406634,4048245,4048245,0.42450804665656705,4,349368,4223625,3874257
753,9726137,18941,8623807,+,P,2,4152384,4133443,4133443,0.42498301226889978,4,1990885,4000712,2009827
754,8772209,3775424,8073467,+,P,2,44580,3730844,3730844,0.42530268031689622,4,105590,3986605,3881015
755,1233361,48565,1073143,-,M-,2,577262,528697,528697,0.42866362727538815,6,63269,111652,48383
756,4418069,84675,4309489,-,M+,2,1987290,1902615,1902615,0.43064402117757783,6,23904,3573333,3549429
757,6912281,268884,6330551,-,M+,2,3271969,3003085,3003085,0.43445644064528049,4,312845,2571286,2258441
758,8335597,483552,7489127,+,P,2,4114649,3631097,3631097,0.43561331000047149,6,1926754,4337061,2410307
759,3776683,77317,3670109,-,M+,2,1726085,1648768,1648768,0.4365651022338915,4,29256,2953347,2924091
760,3816557,2134504,3619723,+,P,4,3803845,1669341,1669341,0.43739448932637454,4,304214,2742933,2438719
761,9749819,231279,8418457,+,P,2,4511695,4280416,4280416,0.43902517574941646,6,199005,629290,430285
762,2877649,37675,2565347,-,M+,2,1307149,1269474,1269474,0.44114970241332419,6,274626,653859,379233
763,8323291,321550,7619917,+,P,2,4010242,3688692,3688692,0.4431771038643248,6,3078122,6477795,3399673
764,1331411,41690,1236329,-,M+,4,638617,596927,596927,0.44834164656894077,6,53391,624146,570755
765,1579313,746465,1485733,+,P,2,37965,708500,708500,0.44861278289990647,4,177787,1102040,924253
766,6866329,156365,6187837,-,M+,2,3290841,3134476,3134476,0.45649953563250467,4,522126,1960519,1438393
767,5987677,3203208,5601251,+,P,2,5943100,2739892,2739892,0.45758847713395362,6,79486,3362181,3282695
768,8253991,170011,7813759,-,M+,2,3957967,3787956,3787956,0.45892417377242112,4,270220,5002355,4732135
769,3008563,81526,2700967,-,M+,2,1496774,1415248,1415248,0.47040663599200017,4,226069,773864,547795
770,6318409,48459,5685557,-,M+,2,3039969,2991510,2991510,0.47345937877715732,6,584392,1839985,1255593
771,4485629,12563,3864059,-,M-,2,2198695,2186132,2186132,0.48736353363151524,6,122075,609006,486931
